#
# A fatal error has been detected by the Java Runtime Environment:
#
#  SIGSEGV (0xb) at pc=0x0000727be99dcfb1, pid=11249, tid=11250
#
# JRE version: OpenJDK Runtime Environment Temurin-25.0.3+9 (25.0.3+9) (build 25.0.3+9-LTS)
# Java VM: OpenJDK 64-Bit Server VM Temurin-25.0.3+9 (25.0.3+9-LTS, mixed mode, tiered, compressed oops, compressed class ptrs, g1 gc, linux-amd64)
# Problematic frame:
# C  [libgobject-2.0.so.0+0x3afb1]  g_type_parent+0x11
#
# Core dump will be written. Default location: Determined by the following: "/usr/share/apport/apport -p%p -s%s -c%c -d%d -P%P -u%u -g%g -F%F -- %E" (alternatively, falling back to /home/david-daniel/Documentos/ax_projects/infringement_system-v2-wsl/backend/core.11249)
#
# If you would like to submit a bug report, please visit:
#   https://github.com/adoptium/adoptium-support/issues
# The crash happened outside the Java Virtual Machine in native code.
# See problematic frame for where to report the bug.
#

---------------  S U M M A R Y ------------

Command Line: -Dorg.eclipse.swt.internal.gtk.cairoGraphics=false /usr/share/dbeaver-ce//plugins/org.jkiss.dbeaver.launcher_1.0.59.202608161900.jar -os linux -ws gtk -arch x86_64 -showsplash -launcher /usr/share/dbeaver-ce/dbeaver -name Dbeaver --launcher.library /usr/share/dbeaver-ce//plugins/org.eclipse.equinox.launcher.gtk.linux.x86_64_1.2.1500.v20250801-0854/eclipse_11916.so -startup /usr/share/dbeaver-ce//plugins/org.jkiss.dbeaver.launcher_1.0.59.202608161900.jar --launcher.overrideVmargs -exitdata 8 -vm /usr/share/dbeaver-ce/jre/bin/java -vmargs -Dorg.eclipse.swt.internal.gtk.cairoGraphics=false -jar /usr/share/dbeaver-ce//plugins/org.jkiss.dbeaver.launcher_1.0.59.202608161900.jar

Host: AMD Ryzen 3 3100 4-Core Processor, 8 cores, 15G, Ubuntu 24.04.4 LTS
Time: Sat Aug 22 21:41:48 2026 -04 elapsed time: 3.753043 seconds (0d 0h 0m 3s)

---------------  T H R E A D  ---------------

Current thread (0x0000727c1002b850):  JavaThread "main"             [_thread_in_native, id=11250, stack(0x0000727c17a17000,0x0000727c17b17000) (1024K)]

Stack: [0x0000727c17a17000,0x0000727c17b17000],  sp=0x0000727c17b13b28,  free space=1010k
Native frames: (J=compiled Java code, j=interpreted, Vv=VM code, C=native code)
C  [libgobject-2.0.so.0+0x3afb1]  g_type_parent+0x11
C  [libgobject-2.0.so.0+0x30a41]  g_signal_connect_data+0x211
C  [libswt-pi3-gtk-4973r12.so+0x4d5f2]  Java_org_eclipse_swt_internal_gtk_OS_g_1signal_1connect+0x58
Java frames: (J=compiled Java code, j=interpreted, Vv=VM code)
j  org.eclipse.swt.internal.gtk.OS.g_signal_connect(J[BJJ)I+0
j  org.eclipse.swt.widgets.Shell.hookEvents()V+21
j  org.eclipse.swt.widgets.Widget.createWidget(I)V+11
j  org.eclipse.swt.widgets.Control.createWidget(I)V+22
j  org.eclipse.swt.widgets.Scrollable.createWidget(I)V+2
j  org.eclipse.swt.widgets.Decorations.createWidget(I)V+2
j  org.eclipse.swt.widgets.Shell.<init>(Lorg/eclipse/swt/widgets/Display;Lorg/eclipse/swt/widgets/Shell;IJZ)V+167
j  org.eclipse.swt.widgets.Shell.internal_new(Lorg/eclipse/swt/widgets/Display;J)Lorg/eclipse/swt/widgets/Shell;+10
j  org.eclipse.ui.internal.WorkbenchPlugin.getSplashShell(Lorg/eclipse/swt/widgets/Display;)Lorg/eclipse/swt/widgets/Shell;+64
j  org.jkiss.dbeaver.ui.app.standalone.ApplicationWorkbenchWindowAdvisor.runWithSplashHidden(Ljava/lang/Runnable;)V+3
j  org.jkiss.dbeaver.ui.app.standalone.ApplicationWorkbenchWindowAdvisor.showProductConfigDialog()V+22
j  org.jkiss.dbeaver.ui.app.standalone.ApplicationWorkbenchWindowAdvisor.preWindowOpen()V+9
j  org.eclipse.ui.internal.WorkbenchWindow.fireWindowOpening()V+4
j  org.eclipse.ui.internal.WorkbenchWindow.setup()V+419
j  java.lang.invoke.LambdaForm$DMH+0x00000000ad089800.invokeVirtual(Ljava/lang/Object;Ljava/lang/Object;)V+10 java.base@25.0.3
j  java.lang.invoke.LambdaForm$MH+0x00000000ad389c00.invoke(Ljava/lang/Object;Ljava/lang/Object;)Ljava/lang/Object;+31 java.base@25.0.3
J 1071 c1 jdk.internal.reflect.DirectMethodHandleAccessor.invoke(Ljava/lang/Object;[Ljava/lang/Object;)Ljava/lang/Object; java.base@25.0.3 (92 bytes) @ 0x0000727bfcf4c36c [0x0000727bfcf4b100+0x000000000000126c]
J 1070 c1 java.lang.reflect.Method.invoke(Ljava/lang/Object;[Ljava/lang/Object;)Ljava/lang/Object; java.base@25.0.3 (108 bytes) @ 0x0000727bfcf4ae34 [0x0000727bfcf4a880+0x00000000000005b4]
j  org.eclipse.e4.core.internal.di.MethodRequestor.execute()Ljava/lang/Object;+77
j  org.eclipse.e4.core.internal.di.InjectorImpl.processAnnotated(Lorg/eclipse/e4/core/internal/di/AnnotationLookup$AnnotationProxy;Ljava/lang/Object;Ljava/lang/Class;Lorg/eclipse/e4/core/di/suppliers/PrimaryObjectSupplier;Lorg/eclipse/e4/core/di/suppliers/PrimaryObjectSupplier;Ljava/util/List;)V+190
j  org.eclipse.e4.core.internal.di.InjectorImpl.internalInject(Ljava/lang/Object;Lorg/eclipse/e4/core/di/suppliers/PrimaryObjectSupplier;Lorg/eclipse/e4/core/di/suppliers/PrimaryObjectSupplier;)V+175
j  org.eclipse.e4.core.internal.di.InjectorImpl.inject(Ljava/lang/Object;Lorg/eclipse/e4/core/di/suppliers/PrimaryObjectSupplier;)V+4
j  org.eclipse.e4.core.contexts.ContextInjectionFactory.inject(Ljava/lang/Object;Lorg/eclipse/e4/core/contexts/IEclipseContext;)V+13
j  org.eclipse.ui.internal.Workbench.createWorkbenchWindow(Lorg/eclipse/core/runtime/IAdaptable;Lorg/eclipse/ui/IPerspectiveDescriptor;Lorg/eclipse/e4/ui/model/application/ui/basic/MWindow;Z)Lorg/eclipse/ui/IWorkbenchWindow;+180
j  org.eclipse.ui.internal.Workbench.getActiveWorkbenchWindow()Lorg/eclipse/ui/IWorkbenchWindow;+179
j  org.jkiss.dbeaver.ui.app.standalone.ApplicationWorkbenchAdvisor.resetPerspectiveIfNeeded()V+3
j  org.jkiss.dbeaver.ui.app.standalone.ApplicationWorkbenchAdvisor.postStartup()V+17
j  org.eclipse.ui.internal.Workbench.lambda$19()V+4
j  org.eclipse.ui.internal.Workbench$$Lambda+0x00000000ad64e358.run()V+4
j  org.eclipse.e4.ui.internal.workbench.swt.PartRenderingEngine$5.run()V+432
j  org.eclipse.core.databinding.observable.Realm.runWithDefault(Lorg/eclipse/core/databinding/observable/Realm;Ljava/lang/Runnable;)V+12
j  org.eclipse.e4.ui.internal.workbench.swt.PartRenderingEngine.run(Lorg/eclipse/e4/ui/model/application/MApplicationElement;Lorg/eclipse/e4/core/contexts/IEclipseContext;)Ljava/lang/Object;+57
j  org.eclipse.e4.ui.internal.workbench.E4Workbench.createAndRunUI(Lorg/eclipse/e4/ui/model/application/MApplicationElement;)V+20
j  org.eclipse.ui.internal.Workbench.lambda$3(Lorg/eclipse/swt/widgets/Display;Lorg/eclipse/ui/application/WorkbenchAdvisor;[I)V+352
j  org.eclipse.ui.internal.Workbench$$Lambda+0x00000000ad476668.run()V+12
j  org.eclipse.core.databinding.observable.Realm.runWithDefault(Lorg/eclipse/core/databinding/observable/Realm;Ljava/lang/Runnable;)V+12
j  org.eclipse.ui.internal.Workbench.createAndRunWorkbench(Lorg/eclipse/swt/widgets/Display;Lorg/eclipse/ui/application/WorkbenchAdvisor;)I+16
j  org.eclipse.ui.PlatformUI.createAndRunWorkbench(Lorg/eclipse/swt/widgets/Display;Lorg/eclipse/ui/application/WorkbenchAdvisor;)I+2
j  org.jkiss.dbeaver.ui.app.standalone.DBeaverApplication.start(Lorg/eclipse/equinox/app/IApplicationContext;)Ljava/lang/Object;+772
j  org.eclipse.equinox.internal.app.EclipseAppHandle.run(Ljava/lang/Object;)Ljava/lang/Object;+138
j  org.eclipse.core.runtime.internal.adaptor.EclipseAppLauncher.runApplication(Ljava/lang/Object;)Ljava/lang/Object;+85
j  org.eclipse.core.runtime.internal.adaptor.EclipseAppLauncher.start(Ljava/lang/Object;)Ljava/lang/Object;+79
j  org.eclipse.core.runtime.adaptor.EclipseStarter.run(Ljava/lang/Object;)Ljava/lang/Object;+99
j  org.eclipse.core.runtime.adaptor.EclipseStarter.run([Ljava/lang/String;Ljava/lang/Runnable;)Ljava/lang/Object;+132
J 396 c1 java.lang.invoke.DirectMethodHandle$Holder.invokeStatic(Ljava/lang/Object;Ljava/lang/Object;Ljava/lang/Object;)Ljava/lang/Object; java.base@25.0.3 (15 bytes) @ 0x0000727bfce704f4 [0x0000727bfce70200+0x00000000000002f4]
j  java.lang.invoke.LambdaForm$MH+0x00000000ad146800.invoke(Ljava/lang/Object;Ljava/lang/Object;Ljava/lang/Object;Ljava/lang/Object;)Ljava/lang/Object;+54 java.base@25.0.3
j  java.lang.invoke.LambdaForm$MH+0x00000000ad146c00.invokeExact_MT(Ljava/lang/Object;Ljava/lang/Object;Ljava/lang/Object;Ljava/lang/Object;Ljava/lang/Object;)Ljava/lang/Object;+22 java.base@25.0.3
j  jdk.internal.reflect.DirectMethodHandleAccessor.invokeImpl(Ljava/lang/Object;[Ljava/lang/Object;)Ljava/lang/Object;+72 java.base@25.0.3
j  jdk.internal.reflect.DirectMethodHandleAccessor.invoke(Ljava/lang/Object;[Ljava/lang/Object;)Ljava/lang/Object;+23 java.base@25.0.3
j  java.lang.reflect.Method.invoke(Ljava/lang/Object;[Ljava/lang/Object;)Ljava/lang/Object;+102 java.base@25.0.3
j  org.jkiss.dbeaver.launcher.DBeaverLauncher.invokeFramework([Ljava/lang/String;[Ljava/net/URL;)V+205
j  org.jkiss.dbeaver.launcher.DBeaverLauncher.basicRun([Ljava/lang/String;)V+481
j  org.jkiss.dbeaver.launcher.DBeaverLauncher.run([Ljava/lang/String;)I+57
j  org.jkiss.dbeaver.launcher.DBeaverLauncher.main([Ljava/lang/String;)V+10
v  ~StubRoutines::call_stub 0x0000727c04336fa6

siginfo: si_signo: 11 (SIGSEGV), si_code: 128 (SI_KERNEL), si_addr: 0x0000000000000000

Registers:
RAX=0x0000000000000001, RBX=0x0000727c10d7a3d0, RCX=0x0000000000000000, RDX=0x0000727c1118e680
RSP=0x0000727c17b13b28, RBP=0x0000727c17b13ba0, RSI=0x0000727c10d7b738, RDI=0x4965737244455244
R8 =0x0000000000000136, R9 =0x4965737244455245, R10=0x0000000000000137, R11=0x0000000000000137
R12=0x0000727c17b13b50, R13=0x0000000000000137, R14=0x0000727c10ba14d0, R15=0x0000727c17b13be0
RIP=0x0000727be99dcfb1, EFLAGS=0x0000000000010206, CSGSFS=0x002b000000000033, ERR=0x0000000000000000
  TRAPNO=0x000000000000000d

XMM[0]=0x454a424f5f53495f 0x4700796669746f6e
XMM[1]=0x0000000000000000 0x0000ffffffffffff
XMM[2]=0x0000000000000000 0x00ff000000000000
XMM[3]=0x0000000000000000 0xffff000000000000
XMM[4]=0x0000000000000000 0x0000727c10000090
XMM[5]=0x0000727be99be7b0 0x0000727be99bd1d0
XMM[6]=0x0000727c103585d0 0x0000000000000000
XMM[7]=0x0000727c11694c50 0x0000727c00000052
XMM[8]=0x0000727c10df0480 0x0000727c00000076
XMM[9]=0x262825ab262825ab 0x262825ab33196936
XMM[10]=0x0000000000000000 0x000000000cf1438b
XMM[11]=0xf73533c5f73533c5 0xf73533c52a4e9cfb
XMM[12]=0x0000000000000000 0x0000000033196936
XMM[13]=0x0000000000000000 0xa8c24779fb3e2a5a
XMM[14]=0x0000000000000000 0x00000000527be2e1
XMM[15]=0x0000000000000000 0x0000000000000000
  MXCSR=0x00001fa7


Register to memory mapping:

RAX=0x0000000000000001 is an unknown value
RBX=0x0000727c10d7a3d0 points into unknown readable memory: 0x0000000000000137 | 37 01 00 00 00 00 00 00
RCX=0x0 is null
RDX=0x0000727c1118e680 points into unknown readable memory: 0x0000000000000001 | 01 00 00 00 00 00 00 00
RSP=0x0000727c17b13b28 is pointing into the stack for thread: 0x0000727c1002b850
RBP=0x0000727c17b13ba0 is pointing into the stack for thread: 0x0000727c1002b850
RSI=0x0000727c10d7b738 points into unknown readable memory: 0x0000727c1118e680 | 80 e6 18 11 7c 72 00 00
RDI=0x4965737244455244 is an unknown value
R8 =0x0000000000000136 is an unknown value
R9 =0x4965737244455245 is an unknown value
R10=0x0000000000000137 is an unknown value
R11=0x0000000000000137 is an unknown value
R12=0x0000727c17b13b50 is pointing into the stack for thread: 0x0000727c1002b850
R13=0x0000000000000137 is an unknown value
R14=0x0000727c10ba14d0 points into unknown readable memory: 0x0000727c10a597d0 | d0 97 a5 10 7c 72 00 00
R15=0x0000727c17b13be0 is pointing into the stack for thread: 0x0000727c1002b850

Top of Stack: (sp=0x0000727c17b13b28)
0x0000727c17b13b28:   0000727be99d0878 0000727c10df1610   x...{r......|r..
0x0000727c17b13b38:   0000727c106ce4e0 000000000000064e   ..l.|r..N.......
0x0000727c17b13b48:   0000000000000015 4965737244455245   ........EREDrseI
0x0000727c17b13b58:   0000727c0000003a 0000727c17b13ba0   :...|r...;..|r..
0x0000727c17b13b68:   6f433f8a6ec68a00 0000727c17b13bb0   ...n.?Co.;..|r..
0x0000727c17b13b78:   0000727c1054d0c0 0000727c10df1610   ..T.|r......|r..
0x0000727c17b13b88:   0000727b76aa36ff 0000727c10df1616   .6.v{r......|r..
0x0000727c17b13b98:   0000727c10ba14d0 0000727c17b13c40   ....|r..@<..|r..
0x0000727c17b13ba8:   0000727be99d2a41 0000727c17b13bf0   A*..{r...;..|r..
0x0000727c17b13bb8:   0000727c16cde1f1 0000000000000000   ....|r..........
0x0000727c17b13bc8:   0000000000000068 0000000000000006   h...............
0x0000727c17b13bd8:   0000000010df1610 0000796669746f6e   ........notify..
0x0000727c17b13be8:   0000727c1002b850 000000070b1d4e88   P...|r...N......
0x0000727c17b13bf8:   0000000000000000 0000727c17b13c40   ........@<..|r..
0x0000727c17b13c08:   6f433f8a6ec68a00 0000727c17b13cb8   ...n.?Co.<..|r..
0x0000727c17b13c18:   0000727c1002bcf0 0000727c10df1610   ....|r......|r..
0x0000727c17b13c28:   0000727c1054d0c0 0000727b76aa36ff   ..T.|r...6.v{r..
0x0000727c17b13c38:   0000000000000068 0000727c17b13d50   h.......P=..|r..
0x0000727c17b13c48:   0000727b76a375f2 0000727c17b13d50   .u.v{r..P=..|r..
0x0000727c17b13c58:   0000727bd98067f8 0000727c17b13d10   .g..{r...=..|r..
0x0000727c17b13c68:   0000000000000000 0000727bd98067f8   .........g..{r..
0x0000727c17b13c78:   0000727c17b13d60 0000727c1002b850   `=..|r..P...|r..
0x0000727c17b13c88:   0000727c04342f05 0000000000000000   ./4.|r..........
0x0000727c17b13c98:   000000070b1d39c8 0000727bd9806898   .9.......h..{r..
0x0000727c17b13ca8:   0000000000000000 0000727c17b13cd8   .........<..|r..
0x0000727c17b13cb8:   0000727c17b13d50 0000727c0433e56e   P=..|r..n.3.|r..
0x0000727c17b13cc8:   fffffffffffffff7 0000000000000000   ................
0x0000727c17b13cd8:   000000000000000a 0000727bd9814e30   ........0N..{r..
0x0000727c17b13ce8:   0000000000000000 000000070b1d39c8   .........9......
0x0000727c17b13cf8:   0000727bd98067f8 0000000000000000   .g..{r..........
0x0000727c17b13d08:   0000727c17b13d30 0000727c17b13db0   0=..|r...=..|r..
0x0000727c17b13d18:   0000727c0433e56e 000000070b1d39c8   n.3.|r...9......

Instructions: (pc=0x0000727be99dcfb1)
  0x0000727be99dceb1:   8d 35 c9 75 01 00 48 8d 15 cd e7 00 00 48 8d 3d
  0x0000727be99dcec1:   50 b1 00 00 e8 86 4c fd ff 48 8b 3b e8 1e fb ff
  0x0000727be99dced1:   ff 5b 48 8d 3d 46 f3 00 00 41 5c 48 89 c6 5d 31
  0x0000727be99dcee1:   c0 e9 c9 4d fd ff 66 0f 1f 84 00 00 00 00 00 e8
  0x0000727be99dcef1:   8b 4d fd ff 49 89 04 24 31 c0 5b 41 5c 5d c3 f3
  0x0000727be99dcf01:   0f 1e fa 48 81 ff fc 03 00 00 76 0b 48 83 e7 fc
  0x0000727be99dcf11:   8b 47 28 c3 0f 1f 00 48 8d 05 21 72 02 00 48 c1
  0x0000727be99dcf21:   ef 02 48 8b 3c f8 31 c0 48 85 ff 75 e3 c3 90 f3
  0x0000727be99dcf31:   0f 1e fa 55 48 89 e5 41 54 53 48 85 ff 74 38 4c
  0x0000727be99dcf41:   8d 25 d9 7c 02 00 48 89 fb 4c 89 e7 e8 5e 4c fd
  0x0000727be99dcf51:   ff 48 8b 3d cf 7b 02 00 48 89 de e8 1f 4b fd ff
  0x0000727be99dcf61:   4c 89 e7 48 89 c3 e8 44 4e fd ff 48 89 d8 5b 41
  0x0000727be99dcf71:   5c 5d c3 0f 1f 40 00 31 db 48 8d 15 27 e6 00 00
  0x0000727be99dcf81:   48 8d 35 58 7d 01 00 48 8d 3d 86 b0 00 00 e8 bc
  0x0000727be99dcf91:   4b fd ff 48 89 d8 5b 41 5c 5d c3 0f 1f 40 00 f3
  0x0000727be99dcfa1:   0f 1e fa 48 81 ff fc 03 00 00 76 13 48 83 e7 fc
=>0x0000727be99dcfb1:   48 8b 47 50 c3 66 2e 0f 1f 84 00 00 00 00 00 48
  0x0000727be99dcfc1:   8d 05 79 71 02 00 48 c1 ef 02 48 8b 3c f8 31 c0
  0x0000727be99dcfd1:   48 85 ff 75 db c3 66 0f 1f 84 00 00 00 00 00 f3
  0x0000727be99dcfe1:   0f 1e fa 55 48 89 e5 41 57 41 56 41 55 49 89 d5
  0x0000727be99dcff1:   41 54 49 89 f4 53 48 89 fb 48 83 ec 08 48 81 ff
  0x0000727be99dd001:   fc 03 00 00 76 49 48 89 f8 48 83 e0 fc f6 40 16
  0x0000727be99dd011:   10 74 53 4c 89 e7 e8 84 ff ff ff 48 83 f8 08 74
  0x0000727be99dd021:   4e 48 8d 15 ff 34 01 00 48 83 c4 08 48 8d 35 dc
  0x0000727be99dd031:   7d 01 00 48 8d 3d da af 00 00 5b 41 5c 41 5d 41
  0x0000727be99dd041:   5e 41 5f 5d e9 06 4b fd ff 66 0f 1f 44 00 00 48
  0x0000727be99dd051:   89 fa 48 8d 05 e6 70 02 00 48 c1 ea 02 48 8b 04
  0x0000727be99dd061:   d0 48 85 c0 75 a7 48 8d 15 8a 34 01 00 eb b9 4c
  0x0000727be99dd071:   8d 35 69 7b 02 00 4c 8d 3d a2 7b 02 00 4c 89 f7
  0x0000727be99dd081:   e8 6a 4c fd ff 4c 89 ff e8 f2 4f fd ff 4c 89 e6
  0x0000727be99dd091:   48 89 df e8 37 29 ff ff 85 c0 74 3c 48 81 fb fc
  0x0000727be99dd0a1:   03 00 00 76 5a 48 83 e3 fc 49 81 fc fc 03 00 00


Stack slot to memory mapping:

stack at sp + 0 slots: 0x0000727be99d0878: <offset 0x000000000002e878> in /lib/x86_64-linux-gnu/libgobject-2.0.so.0 at 0x0000727be99a2000
stack at sp + 1 slots: 0x0000727c10df1610 points into unknown readable memory: 0x3a3a796669746f6e | 6e 6f 74 69 66 79 3a 3a
stack at sp + 2 slots: 0x0000727c106ce4e0 points into unknown readable memory: 0x0000727c10d71f80 | 80 1f d7 10 7c 72 00 00
stack at sp + 3 slots: 0x000000000000064e is an unknown value
stack at sp + 4 slots: 0x0000000000000015 is an unknown value
stack at sp + 5 slots: 0x4965737244455245 is an unknown value
stack at sp + 6 slots: 0x0000727c0000003a is an unknown value
stack at sp + 7 slots: 0x0000727c17b13ba0 is pointing into the stack for thread: 0x0000727c1002b850

Lock stack of current Java thread (top to bottom):


Compiled method (c1) 3771 1071   !   3       jdk.internal.reflect.DirectMethodHandleAccessor::invoke (92 bytes)
 total in heap  [0x0000727bfcf4b008,0x0000727bfcf4ce68] = 7776
 main code      [0x0000727bfcf4b100,0x0000727bfcf4cd18] = 7192
 stub code      [0x0000727bfcf4cd18,0x0000727bfcf4ce50] = 312
 oops           [0x0000727bfcf4ce50,0x0000727bfcf4ce68] = 24
 mutable data [0x0000727bbc676b00,0x0000727bbc676e00] = 768
 relocation     [0x0000727bbc676b00,0x0000727bbc676da0] = 672
 metadata       [0x0000727bbc676da0,0x0000727bbc676e00] = 96
 immutable data [0x0000727bbc675bf0,0x0000727bbc676af0] = 3840
 dependencies   [0x0000727bbc675bf0,0x0000727bbc675c10] = 32
 nul chk table  [0x0000727bbc675c10,0x0000727bbc675ca8] = 152
 handler table  [0x0000727bbc675ca8,0x0000727bbc676338] = 1680
 scopes pcs     [0x0000727bbc676338,0x0000727bbc6767b8] = 1152
 scopes data    [0x0000727bbc6767b8,0x0000727bbc676af0] = 824

[Constant Pool (empty)]

[MachCode]
[Instructions begin]
  0x0000727bfcf4b100: 660f 1f84 | 0000 0000 | 0066 0f1f | 8400 0000 | 0000 448b | 5608 443b 

  0x0000727bfcf4b118: ;   {runtime_call Shared Runtime ic_miss_blob}
  0x0000727bfcf4b118: 5008 0f85 | c092 4307 
[Verified Entry Point]
  0x0000727bfcf4b120: 8984 2400 | c0fe ff55 | 4881 ec20 | 0100 0090 | 4181 7f20 | 0500 0000 

  0x0000727bfcf4b138: ;   {runtime_call Stub::method_entry_barrier}
  0x0000727bfcf4b138: 7405 e801 | 0e42 0748 | 89b4 24a8 | 0000 0048 | 8994 24b8 

  0x0000727bfcf4b14c: ;   {metadata(method data for {method} {0x0000727bd85f1300} 'invoke' '(Ljava/lang/Object;[Ljava/lang/Object;)Ljava/lang/Object;' in 'jdk/internal/reflect/DirectMethodHandleAccessor')}
  0x0000727bfcf4b14c: 0000 0048 | bf38 cfbe | d87b 7200 | 008b 9f90 | 0000 0083 | c302 899f | 9000 0000 | 81e3 fe07 
  0x0000727bfcf4b16c: 0000 85db | 0f84 8b17 | 0000 488b 

  0x0000727bfcf4b178: ;   {metadata(method data for {method} {0x0000727bd85f1300} 'invoke' '(Ljava/lang/Object;[Ljava/lang/Object;)Ljava/lang/Object;' in 'jdk/internal/reflect/DirectMethodHandleAccessor')}
  0x0000727bfcf4b178: fe48 bb38 | cfbe d87b | 7200 0048 | 8383 d800 

  0x0000727bfcf4b188: ;   {metadata(method data for {method} {0x0000727bd85f1810} 'isStatic' '()Z' in 'jdk/internal/reflect/DirectMethodHandleAccessor')}
  0x0000727bfcf4b188: 0000 0148 | bf40 d3be | d87b 7200 | 008b 9f90 | 0000 0083 | c302 899f | 9000 0000 | 81e3 feff 
  0x0000727bfcf4b1a8: 1f00 85db | 0f84 7017 | 0000 8b7e | 1081 e700 | 0200 0081 | ff00 0200 

  0x0000727bfcf4b1c0: ;   {metadata(method data for {method} {0x0000727bd85f1810} 'isStatic' '()Z' in 'jdk/internal/reflect/DirectMethodHandleAccessor')}
  0x0000727bfcf4b1c0: 0048 bf40 | d3be d87b | 7200 00bb | d800 0000 | 7505 bbe8 | 0000 0048 | 8b04 1f48 | 8d40 0148 
  0x0000727bfcf4b1e0: 8904 1f0f | 851a 0000 

  0x0000727bfcf4b1e8: ;   {metadata(method data for {method} {0x0000727bd85f1810} 'isStatic' '()Z' in 'jdk/internal/reflect/DirectMethodHandleAccessor')}
  0x0000727bfcf4b1e8: 0048 bf40 | d3be d87b | 7200 00ff | 87f8 0000 | 00bf 0100 | 0000 e905 | 0000 00bf | 0000 0000 
  0x0000727bfcf4b208: 83e7 0185 

  0x0000727bfcf4b20c: ;   {metadata(method data for {method} {0x0000727bd85f1300} 'invoke' '(Ljava/lang/Object;[Ljava/lang/Object;)Ljava/lang/Object;' in 'jdk/internal/reflect/DirectMethodHandleAccessor')}
  0x0000727bfcf4b20c: ff48 bf38 | cfbe d87b | 7200 00bb | 0801 0000 | 7505 bb18 | 0100 0048 | 8b04 1f48 | 8d40 0148 
  0x0000727bfcf4b22c: 8904 1f48 | 898c 24b0 | 0000 000f | 8537 0000 | 0048 8bfe 

  0x0000727bfcf4b240: ;   {metadata(method data for {method} {0x0000727bd85f1300} 'invoke' '(Ljava/lang/Object;[Ljava/lang/Object;)Ljava/lang/Object;' in 'jdk/internal/reflect/DirectMethodHandleAccessor')}
  0x0000727bfcf4b240: 48bb 38cf | bed8 7b72 | 0000 4883 | 8328 0100 | 0001 488b | fa48 8bd7 | 488b de48 

  0x0000727bfcf4b25c: ;   {optimized virtual_call}
  0x0000727bfcf4b25c: 8bf3 90e8 

  0x0000727bfcf4b260: ; ImmutableOopMap {[168]=Oop [176]=Oop [184]=Oop }
                      ;*invokevirtual checkReceiver {reexecute=0 rethrow=0 return_oop=0}
                      ; - jdk.internal.reflect.DirectMethodHandleAccessor::invoke@9
  0x0000727bfcf4b260: bc67 0000 

  0x0000727bfcf4b264: ;   {post_call_nop}
  0x0000727bfcf4b264: 0f1f 8400 | 5c02 0000 | 488b b424 | a800 0000 

  0x0000727bfcf4b274: ;   {metadata(method data for {method} {0x0000727bd85f1300} 'invoke' '(Ljava/lang/Object;[Ljava/lang/Object;)Ljava/lang/Object;' in 'jdk/internal/reflect/DirectMethodHandleAccessor')}
  0x0000727bfcf4b274: 8b56 0c48 | bf38 cfbe | d87b 7200 | 0048 8387 | 5801 0000 | 0148 8bf2 | 488b 9424 | b000 0000 
  0x0000727bfcf4b294: ;   {static_call}
  0x0000727bfcf4b294: 6666 90e8 

  0x0000727bfcf4b298: ; ImmutableOopMap {[168]=Oop [176]=Oop [184]=Oop }
                      ;*invokestatic checkArgumentCount {reexecute=0 rethrow=0 return_oop=0}
                      ; - jdk.internal.reflect.DirectMethodHandleAccessor::invoke@17
  0x0000727bfcf4b298: 643e 0000 

  0x0000727bfcf4b29c: ;   {post_call_nop}
  0x0000727bfcf4b29c: 0f1f 8400 | 9402 0001 | 488b b424 | a800 0000 

  0x0000727bfcf4b2ac: ;   {metadata(method data for {method} {0x0000727bd85f1300} 'invoke' '(Ljava/lang/Object;[Ljava/lang/Object;)Ljava/lang/Object;' in 'jdk/internal/reflect/DirectMethodHandleAccessor')}
  0x0000727bfcf4b2ac: 488b d648 | b938 cfbe | d87b 7200 | 0048 8381 | 6801 0000 

  0x0000727bfcf4b2c0: ;   {metadata(method data for {method} {0x0000727bd85f15d8} 'invokeImpl' '(Ljava/lang/Object;[Ljava/lang/Object;)Ljava/lang/Object;' in 'jdk/internal/reflect/DirectMethodHandleAccessor')}
  0x0000727bfcf4b2c0: 0148 baf0 | d8be d87b | 7200 008b | 8a90 0000 | 0083 c102 | 898a 9000 | 0000 81e1 | feff 1f00 
  0x0000727bfcf4b2e0: 85c9 0f84 | 5b16 0000 

  0x0000727bfcf4b2e8: ;   {metadata(method data for {method} {0x0000727bd85f15d8} 'invokeImpl' '(Ljava/lang/Object;[Ljava/lang/Object;)Ljava/lang/Object;' in 'jdk/internal/reflect/DirectMethodHandleAccessor')}
  0x0000727bfcf4b2e8: 8b56 0c48 | b9f0 d8be | d87b 7200 | 0041 b8e0 | 0000 0085 | d249 8bf8 | 41b8 f000 | 0000 4c0f 
  0x0000727bfcf4b308: 45c7 83fa | 0149 8bf8 | 41b8 0001 | 0000 4c0f | 45c7 83fa | 0249 8bf8 | 41b8 1001 | 0000 4c0f 
  0x0000727bfcf4b328: 45c7 83fa | 0349 8bf8 | 41b8 2001 | 0000 4c0f | 45c7 4a8b | 3c01 41ba | 0100 0000 | 4903 fa4a 
  0x0000727bfcf4b348: 893c 0185 | d20f 84af | 0c00 0083 | fa01 0f84 | a70a 0000 | 83fa 020f | 8415 0400 | 0083 fa03 
  0x0000727bfcf4b368: 0f84 db01 | 0000 488b | 8c24 b000 | 0000 488b | 9424 b800 | 0000 8b7e | 1848 c1e7 | 0366 6690 
  0x0000727bfcf4b388: ;   {other}
  0x0000727bfcf4b388: e9e6 1500 | 0090 9090 | 9090 483b 

  0x0000727bfcf4b394: ;   {metadata(method data for {method} {0x0000727bd85f15d8} 'invokeImpl' '(Ljava/lang/Object;[Ljava/lang/Object;)Ljava/lang/Object;' in 'jdk/internal/reflect/DirectMethodHandleAccessor')}
  0x0000727bfcf4b394: 0748 bbf0 | d8be d87b | 7200 0048 | 8d9b 3803 | 0000 4885 | d275 0ef6 | 4308 0175 | 42f0 4883 
  0x0000727bfcf4b3b4: 4b08 01eb | 3a8b 4208 | 4c8b d048 | 3343 0848 | a9fc ffff | ff74 28a8 | 0275 2448 | f743 08fe 
  0x0000727bfcf4b3d4: ffff ff74 | 1649 8bc2 | 4833 4308 | 48a9 fcff | ffff 740b | 4883 4b08 | 02eb 0448 | 8943 0848 
  0x0000727bfcf4b3f4: 85c9 750e | f643 1801 | 7542 f048 | 834b 1801 | eb3a 8b41 | 084c 8bd0 | 4833 4318 | 48a9 fcff 
  0x0000727bfcf4b414: ffff 7428 | a802 7524 | 48f7 4318 | feff ffff | 7416 498b | c248 3343 | 1848 a9fc | ffff ff74 
  0x0000727bfcf4b434: 0b48 834b | 1802 eb04 | 4889 4318 

  0x0000727bfcf4b440: ;   {metadata(method data for {method} {0x0000727bd85f15d8} 'invokeImpl' '(Ljava/lang/Object;[Ljava/lang/Object;)Ljava/lang/Object;' in 'jdk/internal/reflect/DirectMethodHandleAccessor')}
  0x0000727bfcf4b440: 488b df48 | b8f0 d8be | d87b 7200 | 008b 5b08 | 483b 9810 | 0300 0075 | 0d48 8380 | 1803 0000 
  0x0000727bfcf4b460: 01e9 6000 | 0000 483b | 9820 0300 | 0075 0d48 | 8380 2803 | 0000 01e9 | 4a00 0000 | 4883 b810 
  0x0000727bfcf4b480: 0300 0000 | 7517 4889 | 9810 0300 | 0048 c780 | 1803 0000 | 0100 0000 | e929 0000 | 0048 83b8 
  0x0000727bfcf4b4a0: 2003 0000 | 0075 1748 | 8998 2003 | 0000 48c7 | 8028 0300 | 0001 0000 | 00e9 0800 | 0000 4883 
  0x0000727bfcf4b4c0: 8008 0300 | 0001 488b | f766 0f1f 

  0x0000727bfcf4b4cc: ;   {optimized virtual_call}
  0x0000727bfcf4b4cc: 4400 00e8 

  0x0000727bfcf4b4d0: ; ImmutableOopMap {[168]=Oop }
                      ;*invokevirtual invokeExact {reexecute=0 rethrow=0 return_oop=0}
                      ; - jdk.internal.reflect.DirectMethodHandleAccessor::invokeImpl@104
                      ; - jdk.internal.reflect.DirectMethodHandleAccessor::invoke@23
  0x0000727bfcf4b4d0: 0c92 4307 

  0x0000727bfcf4b4d4: ;   {post_call_nop}
  0x0000727bfcf4b4d4: 0f1f 8400 | cc04 0002 

  0x0000727bfcf4b4dc: ;   {metadata(method data for {method} {0x0000727bd85f15d8} 'invokeImpl' '(Ljava/lang/Object;[Ljava/lang/Object;)Ljava/lang/Object;' in 'jdk/internal/reflect/DirectMethodHandleAccessor')}
  0x0000727bfcf4b4dc: 48ba f0d8 | bed8 7b72 | 0000 488d | 9258 0300 | 0048 85c0 | 750c f602 | 0175 3ff0 | 4883 0a01 
  0x0000727bfcf4b4fc: eb38 8b48 | 084c 8bd1 | 4833 0a48 | f7c1 fcff | ffff 7426 | f6c1 0275 | 2148 f702 | feff ffff 
  0x0000727bfcf4b51c: 7415 498b | ca48 330a | 48f7 c1fc | ffff ff74 | 0948 830a | 02eb 0348 | 890a 4881 | c420 0100 
  0x0000727bfcf4b53c: ;   {poll_return}
  0x0000727bfcf4b53c: 005d 493b | 6728 0f87 | 3a14 0000 | c348 8b8c | 24b0 0000 | 0048 8b94 | 24b8 0000 | 008b 5e18 
  0x0000727bfcf4b55c: 48c1 e303 

  0x0000727bfcf4b560: ; implicit exception: dispatches to 0x0000727bfcf4c998
  0x0000727bfcf4b560: 8379 0c00 | 0f86 3814 | 0000 448b | 4110 49c1 | e003 8379 | 0c01 0f86 | 3814 0000 | 448b 4914 
  0x0000727bfcf4b580: 49c1 e103 | 8379 0c02 | 0f86 3814 | 0000 8b79 | 1848 c1e7 | 0366 6690 

  0x0000727bfcf4b598: ;   {oop(a 'java/lang/invoke/MethodType'{0x0000000709400da0} = (Ljava/lang/Object;Ljava/lang/Object;Ljava/lang/Object;Ljava/lang/Object;)Ljava/lang/Object;)}
  0x0000727bfcf4b598: 48b8 a00d | 4009 0700 | 0000 483b 

  0x0000727bfcf4b5a4: ;   {metadata(method data for {method} {0x0000727bd85f15d8} 'invokeImpl' '(Ljava/lang/Object;[Ljava/lang/Object;)Ljava/lang/Object;' in 'jdk/internal/reflect/DirectMethodHandleAccessor')}
  0x0000727bfcf4b5a4: 0348 b9f0 | d8be d87b | 7200 0048 | 8d89 c002 | 0000 4885 | d275 0ef6 | 4108 0175 | 47f0 4883 
  0x0000727bfcf4b5c4: 4908 01eb | 3f44 8b5a | 084d 8bd3 | 4c33 5908 | 49f7 c3fc | ffff ff74 | 2b41 f6c3 | 0275 2548 
  0x0000727bfcf4b5e4: f741 08fe | ffff ff74 | 174d 8bda | 4c33 5908 | 49f7 c3fc | ffff ff74 | 0b48 8349 | 0802 eb04 
  0x0000727bfcf4b604: 4c89 5908 | 4d85 c075 | 0ef6 4118 | 0175 47f0 | 4883 4918 | 01eb 3f45 | 8b58 084d | 8bd3 4c33 
  0x0000727bfcf4b624: 5918 49f7 | c3fc ffff | ff74 2b41 | f6c3 0275 | 2548 f741 | 18fe ffff | ff74 174d | 8bda 4c33 
  0x0000727bfcf4b644: 5918 49f7 | c3fc ffff | ff74 0b48 | 8349 1802 | eb04 4c89 | 5918 488b 

  0x0000727bfcf4b65c: ;   {metadata(method data for {method} {0x0000727bd85f15d8} 'invokeImpl' '(Ljava/lang/Object;[Ljava/lang/Object;)Ljava/lang/Object;' in 'jdk/internal/reflect/DirectMethodHandleAccessor')}
  0x0000727bfcf4b65c: cb49 bbf0 | d8be d87b | 7200 008b | 4908 493b | 8b98 0200 | 0075 0d49 | 8383 a002 | 0000 01e9 
  0x0000727bfcf4b67c: 6000 0000 | 493b 8ba8 | 0200 0075 | 0d49 8383 | b002 0000 | 01e9 4a00 | 0000 4983 | bb98 0200 
  0x0000727bfcf4b69c: 0000 7517 | 4989 8b98 | 0200 0049 | c783 a002 | 0000 0100 | 0000 e929 | 0000 0049 | 83bb a802 
  0x0000727bfcf4b6bc: 0000 0075 | 1749 898b | a802 0000 | 49c7 83b0 | 0200 0001 | 0000 00e9 | 0800 0000 | 4983 8390 
  0x0000727bfcf4b6dc: 0200 0001 | 498b c84d | 8bc1 4c8b | cf48 8bf8 

  0x0000727bfcf4b6ec: ;   {optimized virtual_call}
  0x0000727bfcf4b6ec: 488b f3e8 

  0x0000727bfcf4b6f0: ; ImmutableOopMap {[168]=Oop }
                      ;*invokevirtual invokeExact {reexecute=0 rethrow=0 return_oop=0}
                      ; - jdk.internal.reflect.DirectMethodHandleAccessor::invokeImpl@92
                      ; - jdk.internal.reflect.DirectMethodHandleAccessor::invoke@23
  0x0000727bfcf4b6f0: 3916 0000 

  0x0000727bfcf4b6f4: ;   {post_call_nop}
  0x0000727bfcf4b6f4: 0f1f 8400 | ec06 0003 

  0x0000727bfcf4b6fc: ;   {metadata(method data for {method} {0x0000727bd85f15d8} 'invokeImpl' '(Ljava/lang/Object;[Ljava/lang/Object;)Ljava/lang/Object;' in 'jdk/internal/reflect/DirectMethodHandleAccessor')}
  0x0000727bfcf4b6fc: 48be f0d8 | bed8 7b72 | 0000 488d | b6e0 0200 | 0048 85c0 | 750c f606 | 0175 40f0 | 4883 0e01 
  0x0000727bfcf4b71c: eb39 8b78 | 084c 8bd7 | 4833 3e48 | f7c7 fcff | ffff 7427 | 40f6 c702 | 7521 48f7 | 06fe ffff 
  0x0000727bfcf4b73c: ff74 1549 | 8bfa 4833 | 3e48 f7c7 | fcff ffff | 7409 4883 | 0e02 eb03 

  0x0000727bfcf4b754: ;   {metadata(method data for {method} {0x0000727bd85f15d8} 'invokeImpl' '(Ljava/lang/Object;[Ljava/lang/Object;)Ljava/lang/Object;' in 'jdk/internal/reflect/DirectMethodHandleAccessor')}
  0x0000727bfcf4b754: 4889 3e48 | bef0 d8be | d87b 7200 | 00ff 86f0 | 0200 0048 | 81c4 2001 

  0x0000727bfcf4b76c: ;   {poll_return}
  0x0000727bfcf4b76c: 0000 5d49 | 3b67 280f | 877d 1200 | 00c3 488b | 8c24 b000 | 0000 488b | 9424 b800 | 0000 8b7e 
  0x0000727bfcf4b78c: 1848 c1e7 | 0348 89bc | 24c8 0000 | 0083 790c | 000f 8673 | 1200 008b | 5910 48c1 | e303 4889 
  0x0000727bfcf4b7ac: 9c24 c000 | 0000 8379 | 0c01 0f86 | 6c12 0000 | 8b41 1448 | c1e0 0348 | 8984 24d0 

  0x0000727bfcf4b7c8: ;   {metadata(method data for {method} {0x0000727bd85f15d8} 'invokeImpl' '(Ljava/lang/Object;[Ljava/lang/Object;)Ljava/lang/Object;' in 'jdk/internal/reflect/DirectMethodHandleAccessor')}
  0x0000727bfcf4b7c8: 0000 0048 | b9f0 d8be | d87b 7200 | 0048 8d89 | 4802 0000 | 4885 d275 | 0ef6 4108 | 0175 47f0 
  0x0000727bfcf4b7e8: 4883 4908 | 01eb 3f44 | 8b42 084d | 8bd0 4c33 | 4108 49f7 | c0fc ffff | ff74 2b41 | f6c0 0275 
  0x0000727bfcf4b808: 2548 f741 | 08fe ffff | ff74 174d | 8bc2 4c33 | 4108 49f7 | c0fc ffff | ff74 0b48 | 8349 0802 
  0x0000727bfcf4b828: eb04 4c89 

  0x0000727bfcf4b82c: ;   {metadata(method data for {method} {0x0000727bd8b19ab0} 'invokeExact_MT' '(Ljava/lang/Object;Ljava/lang/Object;Ljava/lang/Object;Ljava/lang/Object;Ljava/lang/Object;)Ljava/lang/Object;' in 'java/lang/invoke/LambdaForm$MH+0x00000000ad146c00')}
  0x0000727bfcf4b82c: 4108 48b9 | 209d b1d8 | 7b72 0000 | 488d 8970 | 0200 0048 | 85ff 750c | f601 0175 | 41f0 4883 
  0x0000727bfcf4b84c: 0901 eb3a | 448b 4708 | 4d8b d04c | 3301 49f7 | c0fc ffff | ff74 2741 | f6c0 0275 | 2148 f701 
  0x0000727bfcf4b86c: feff ffff | 7415 4d8b | c24c 3301 | 49f7 c0fc | ffff ff74 | 0948 8309 | 02eb 034c | 8901 4885 
  0x0000727bfcf4b88c: d275 0ef6 | 4110 0175 | 47f0 4883 | 4910 01eb | 3f44 8b42 | 084d 8bd0 | 4c33 4110 | 49f7 c0fc 
  0x0000727bfcf4b8ac: ffff ff74 | 2b41 f6c0 | 0275 2548 | f741 10fe | ffff ff74 | 174d 8bc2 | 4c33 4110 | 49f7 c0fc 
  0x0000727bfcf4b8cc: ffff ff74 | 0b48 8349 | 1002 eb04 | 4c89 4110 

  0x0000727bfcf4b8dc: ;   {metadata(method data for {method} {0x0000727bd85f15d8} 'invokeImpl' '(Ljava/lang/Object;[Ljava/lang/Object;)Ljava/lang/Object;' in 'jdk/internal/reflect/DirectMethodHandleAccessor')}
  0x0000727bfcf4b8dc: 48b9 f0d8 | bed8 7b72 | 0000 4883 | 8118 0200 

  0x0000727bfcf4b8ec: ;   {metadata(method data for {method} {0x0000727bd8b19ab0} 'invokeExact_MT' '(Ljava/lang/Object;Ljava/lang/Object;Ljava/lang/Object;Ljava/lang/Object;Ljava/lang/Object;)Ljava/lang/Object;' in 'java/lang/invoke/LambdaForm$MH+0x00000000ad146c00')}
  0x0000727bfcf4b8ec: 0001 48b9 | 209d b1d8 | 7b72 0000 | 448b 8190 | 0000 0041 | 83c0 0244 | 8981 9000 | 0000 4181 
  0x0000727bfcf4b90c: e0fe ff1f | 0045 85c0 | 0f84 2011 

  0x0000727bfcf4b918: ;   {metadata(method data for {method} {0x0000727bd8b19ab0} 'invokeExact_MT' '(Ljava/lang/Object;Ljava/lang/Object;Ljava/lang/Object;Ljava/lang/Object;Ljava/lang/Object;)Ljava/lang/Object;' in 'java/lang/invoke/LambdaForm$MH+0x00000000ad146c00')}
  0x0000727bfcf4b918: 0000 48b9 | 209d b1d8 | 7b72 0000 | 488d 8948 | 0100 0048 | 85ff 750e | f641 0801 | 7547 f048 
  0x0000727bfcf4b938: 8349 0801 | eb3f 448b | 4708 4d8b | d04c 3341 | 0849 f7c0 | fcff ffff | 742b 41f6 | c002 7525 
  0x0000727bfcf4b958: 48f7 4108 | feff ffff | 7417 4d8b | c24c 3341 | 0849 f7c0 | fcff ffff | 740b 4883 | 4908 02eb 
  0x0000727bfcf4b978: 044c 8941 

  0x0000727bfcf4b97c: ;   {metadata(method data for {method} {0x0000727bd8b19ab0} 'invokeExact_MT' '(Ljava/lang/Object;Ljava/lang/Object;Ljava/lang/Object;Ljava/lang/Object;Ljava/lang/Object;)Ljava/lang/Object;' in 'java/lang/invoke/LambdaForm$MH+0x00000000ad146c00')}
  0x0000727bfcf4b97c: 0848 b920 | 9db1 d87b | 7200 0048 | 8381 3801 

  0x0000727bfcf4b98c: ;   {metadata(method data for {method} {0x0000727bd8477390} 'checkExactType' '(Ljava/lang/invoke/MethodHandle;Ljava/lang/invoke/MethodType;)V' in 'java/lang/invoke/Invokers')}
  0x0000727bfcf4b98c: 0000 0148 | b9e8 debd | d87b 7200 | 0044 8b81 | 9000 0000 | 4183 c002 | 4489 8190 | 0000 0041 
  0x0000727bfcf4b9ac: 81e0 feff | 1f00 4585 | c00f 84a0 | 1000 0048 | 3b07 488b 

  0x0000727bfcf4b9c0: ;   {metadata(method data for {method} {0x0000727bd8477390} 'checkExactType' '(Ljava/lang/invoke/MethodHandle;Ljava/lang/invoke/MethodType;)V' in 'java/lang/invoke/Invokers')}
  0x0000727bfcf4b9c0: cf49 b8e8 | debd d87b | 7200 008b | 4908 493b | 88e0 0000 | 0075 0d49 | 8380 e800 | 0000 01e9 
  0x0000727bfcf4b9e0: 6000 0000 | 493b 88f0 | 0000 0075 | 0d49 8380 | f800 0000 | 01e9 4a00 | 0000 4983 | b8e0 0000 
  0x0000727bfcf4ba00: 0000 7517 | 4989 88e0 | 0000 0049 | c780 e800 | 0000 0100 | 0000 e929 | 0000 0049 | 83b8 f000 
  0x0000727bfcf4ba20: 0000 0075 | 1749 8988 | f000 0000 | 49c7 80f8 | 0000 0001 | 0000 00e9 | 0800 0000 | 4983 80d8 
  0x0000727bfcf4ba40: 0000 0001 | 8b4f 1048 

  0x0000727bfcf4ba48: ;   {oop(a 'java/lang/invoke/MethodType'{0x0000000709400b90} = (Ljava/lang/Object;Ljava/lang/Object;Ljava/lang/Object;)Ljava/lang/Object;)}
  0x0000727bfcf4ba48: c1e1 0349 | b890 0b40 | 0907 0000 | 0049 3bc8 

  0x0000727bfcf4ba58: ;   {metadata(method data for {method} {0x0000727bd8477390} 'checkExactType' '(Ljava/lang/invoke/MethodHandle;Ljava/lang/invoke/MethodType;)V' in 'java/lang/invoke/Invokers')}
  0x0000727bfcf4ba58: 49b8 e8de | bdd8 7b72 | 0000 41b9 | 1801 0000 | 7506 41b9 | 0801 0000 | 4f8b 1c08 | 4d8d 5b01 
  0x0000727bfcf4ba78: 4f89 1c08 | 0f85 9d09 

  0x0000727bfcf4ba80: ;   {metadata(method data for {method} {0x0000727bd8b19ab0} 'invokeExact_MT' '(Ljava/lang/Object;Ljava/lang/Object;Ljava/lang/Object;Ljava/lang/Object;Ljava/lang/Object;)Ljava/lang/Object;' in 'java/lang/invoke/LambdaForm$MH+0x00000000ad146c00')}
  0x0000727bfcf4ba80: 0000 48b9 | 209d b1d8 | 7b72 0000 | 488d 8980 | 0100 0044 | 8b47 084d | 8bd0 4c33 | 4108 49f7 
  0x0000727bfcf4baa0: c0fc ffff | ff74 2b41 | f6c0 0275 | 2548 f741 | 08fe ffff | ff74 174d | 8bc2 4c33 | 4108 49f7 
  0x0000727bfcf4bac0: c0fc ffff | ff74 0b48 | 8349 0802 | eb04 4c89 

  0x0000727bfcf4bad0: ;   {metadata(method data for {method} {0x0000727bd8b19ab0} 'invokeExact_MT' '(Ljava/lang/Object;Ljava/lang/Object;Ljava/lang/Object;Ljava/lang/Object;Ljava/lang/Object;)Ljava/lang/Object;' in 'java/lang/invoke/LambdaForm$MH+0x00000000ad146c00')}
  0x0000727bfcf4bad0: 4108 48b9 | 209d b1d8 | 7b72 0000 | 4883 8170 | 0100 0001 

  0x0000727bfcf4bae4: ;   {metadata(method data for {method} {0x0000727bd84779d8} 'checkCustomized' '(Ljava/lang/invoke/MethodHandle;)V' in 'java/lang/invoke/Invokers')}
  0x0000727bfcf4bae4: 48b9 80dc | bdd8 7b72 | 0000 448b | 8190 0000 | 0041 83c0 | 0244 8981 | 9000 0000 | 4181 e0fe 
  0x0000727bfcf4bb04: ff1f 0045 | 85c0 0f84 | 710f 0000 

  0x0000727bfcf4bb10: ;   {metadata(method data for {method} {0x0000727bd84779d8} 'checkCustomized' '(Ljava/lang/invoke/MethodHandle;)V' in 'java/lang/invoke/Invokers')}
  0x0000727bfcf4bb10: 48b9 80dc | bdd8 7b72 | 0000 4883 | 81d8 0000 

  0x0000727bfcf4bb20: ;   {metadata(method data for {method} {0x0000727bd808fb80} 'isCompileConstant' '(Ljava/lang/Object;)Z' in 'java/lang/invoke/MethodHandleImpl')}
  0x0000727bfcf4bb20: 0001 48b9 | f8dd bdd8 | 7b72 0000 | 448b 8190 | 0000 0041 | 83c0 0244 | 8981 9000 | 0000 4181 
  0x0000727bfcf4bb40: e0fe ff1f | 0045 85c0 | 0f84 540f 

  0x0000727bfcf4bb4c: ;   {metadata(method data for {method} {0x0000727bd84779d8} 'checkCustomized' '(Ljava/lang/invoke/MethodHandle;)V' in 'java/lang/invoke/Invokers')}
  0x0000727bfcf4bb4c: 0000 48b9 | 80dc bdd8 | 7b72 0000 | ff81 e800 | 0000 8b4f | 1448 c1e1 | 038b 491c | 48c1 e103 
  0x0000727bfcf4bb6c: ;   {metadata(method data for {method} {0x0000727bd84779d8} 'checkCustomized' '(Ljava/lang/invoke/MethodHandle;)V' in 'java/lang/invoke/Invokers')}
  0x0000727bfcf4bb6c: 4885 c948 | b980 dcbd | d87b 7200 | 0041 b808 | 0100 0075 | 0641 b818 | 0100 004e | 8b0c 014d 
  0x0000727bfcf4bb8c: 8d49 014e | 890c 010f | 8523 0000 

  0x0000727bfcf4bb98: ;   {metadata(method data for {method} {0x0000727bd84779d8} 'checkCustomized' '(Ljava/lang/invoke/MethodHandle;)V' in 'java/lang/invoke/Invokers')}
  0x0000727bfcf4bb98: 0048 b980 | dcbd d87b | 7200 0048 | 8381 2801 | 0000 0148 

  0x0000727bfcf4bbac: ;   {static_call}
  0x0000727bfcf4bbac: 8bf7 90e8 

  0x0000727bfcf4bbb0: ; ImmutableOopMap {[168]=Oop [184]=Oop [192]=Oop [200]=Oop [208]=Oop }
                      ;*invokestatic maybeCustomize {reexecute=0 rethrow=0 return_oop=0}
                      ; - java.lang.invoke.Invokers::checkCustomized@19
                      ; - java.lang.invoke.LambdaForm$MH/0x00000000ad146c00::invokeExact_MT@15
                      ; - jdk.internal.reflect.DirectMethodHandleAccessor::invokeImpl@72
                      ; - jdk.internal.reflect.DirectMethodHandleAccessor::invoke@23
  0x0000727bfcf4bbb0: ccc9 ffff 

  0x0000727bfcf4bbb4: ;   {post_call_nop}
  0x0000727bfcf4bbb4: 0f1f 8400 | ac0b 0004 | 488b 9c24 | c000 0000 | 488b 9424 | b800 0000 

  0x0000727bfcf4bbcc: ;   {metadata(method data for {method} {0x0000727bd8b19ab0} 'invokeExact_MT' '(Ljava/lang/Object;Ljava/lang/Object;Ljava/lang/Object;Ljava/lang/Object;Ljava/lang/Object;)Ljava/lang/Object;' in 'java/lang/invoke/LambdaForm$MH+0x00000000ad146c00')}
  0x0000727bfcf4bbcc: 48b9 209d | b1d8 7b72 | 0000 488d | 89c8 0100 | 0048 85d2 | 750e f641 | 0801 7547 | f048 8349 
  0x0000727bfcf4bbec: 0801 eb3f | 448b 4208 | 4d8b d04c | 3341 0849 | f7c0 fcff | ffff 742b | 41f6 c002 | 7525 48f7 
  0x0000727bfcf4bc0c: 4108 feff | ffff 7417 | 4d8b c24c | 3341 0849 | f7c0 fcff | ffff 740b | 4883 4908 | 02eb 044c 
  0x0000727bfcf4bc2c: 8941 0848 | 85db 750e | f641 1801 | 7547 f048 | 8349 1801 | eb3f 448b | 4308 4d8b | d04c 3341 
  0x0000727bfcf4bc4c: 1849 f7c0 | fcff ffff | 742b 41f6 | c002 7525 | 48f7 4118 | feff ffff | 7417 4d8b | c24c 3341 
  0x0000727bfcf4bc6c: 1849 f7c0 | fcff ffff | 740b 4883 | 4918 02eb | 044c 8941 | 1848 8bbc | 24c8 0000 

  0x0000727bfcf4bc88: ;   {metadata(method data for {method} {0x0000727bd8b19ab0} 'invokeExact_MT' '(Ljava/lang/Object;Ljava/lang/Object;Ljava/lang/Object;Ljava/lang/Object;Ljava/lang/Object;)Ljava/lang/Object;' in 'java/lang/invoke/LambdaForm$MH+0x00000000ad146c00')}
  0x0000727bfcf4bc88: 0048 b920 | 9db1 d87b | 7200 008b | 7f08 483b | b9a0 0100 | 0075 0d48 | 8381 a801 | 0000 01e9 
  0x0000727bfcf4bca8: 6000 0000 | 483b b9b0 | 0100 0075 | 0d48 8381 | b801 0000 | 01e9 4a00 | 0000 4883 | b9a0 0100 
  0x0000727bfcf4bcc8: 0000 7517 | 4889 b9a0 | 0100 0048 | c781 a801 | 0000 0100 | 0000 e929 | 0000 0048 | 83b9 b001 
  0x0000727bfcf4bce8: 0000 0075 | 1748 89b9 | b001 0000 | 48c7 81b8 | 0100 0001 | 0000 00e9 | 0800 0000 | 4883 8198 
  0x0000727bfcf4bd08: 0100 0001 | 488b cb4c | 8b84 24d0 | 0000 0048 | 8bb4 24c8 

  0x0000727bfcf4bd1c: ;   {optimized virtual_call}
  0x0000727bfcf4bd1c: 0000 00e8 

  0x0000727bfcf4bd20: ; ImmutableOopMap {[168]=Oop }
                      ;*invokevirtual invokeBasic {reexecute=0 rethrow=0 return_oop=0}
                      ; - java.lang.invoke.LambdaForm$MH/0x00000000ad146c00::invokeExact_MT@22
                      ; - jdk.internal.reflect.DirectMethodHandleAccessor::invokeImpl@72
                      ; - jdk.internal.reflect.DirectMethodHandleAccessor::invoke@23
  0x0000727bfcf4bd20: 5cb2 9807 

  0x0000727bfcf4bd24: ;   {post_call_nop}
  0x0000727bfcf4bd24: 0f1f 8400 | 1c0d 0005 

  0x0000727bfcf4bd2c: ;   {metadata(method data for {method} {0x0000727bd8b19ab0} 'invokeExact_MT' '(Ljava/lang/Object;Ljava/lang/Object;Ljava/lang/Object;Ljava/lang/Object;Ljava/lang/Object;)Ljava/lang/Object;' in 'java/lang/invoke/LambdaForm$MH+0x00000000ad146c00')}
  0x0000727bfcf4bd2c: 48ba 209d | b1d8 7b72 | 0000 488d | 92e8 0100 | 0048 85c0 | 750c f602 | 0175 3ff0 | 4883 0a01 
  0x0000727bfcf4bd4c: eb38 8b48 | 084c 8bd1 | 4833 0a48 | f7c1 fcff | ffff 7426 | f6c1 0275 | 2148 f702 | feff ffff 
  0x0000727bfcf4bd6c: 7415 498b | ca48 330a | 48f7 c1fc | ffff ff74 | 0948 830a | 02eb 0348 

  0x0000727bfcf4bd84: ;   {metadata(method data for {method} {0x0000727bd85f15d8} 'invokeImpl' '(Ljava/lang/Object;[Ljava/lang/Object;)Ljava/lang/Object;' in 'jdk/internal/reflect/DirectMethodHandleAccessor')}
  0x0000727bfcf4bd84: 890a 48ba | f0d8 bed8 | 7b72 0000 | 488d 9268 | 0200 0048 | 85c0 750c | f602 0175 | 3ff0 4883 
  0x0000727bfcf4bda4: 0a01 eb38 | 8b48 084c | 8bd1 4833 | 0a48 f7c1 | fcff ffff | 7426 f6c1 | 0275 2148 | f702 feff 
  0x0000727bfcf4bdc4: ffff 7415 | 498b ca48 | 330a 48f7 | c1fc ffff | ff74 0948 | 830a 02eb | 0348 890a 

  0x0000727bfcf4bde0: ;   {metadata(method data for {method} {0x0000727bd85f15d8} 'invokeImpl' '(Ljava/lang/Object;[Ljava/lang/Object;)Ljava/lang/Object;' in 'jdk/internal/reflect/DirectMethodHandleAccessor')}
  0x0000727bfcf4bde0: 48ba f0d8 | bed8 7b72 | 0000 ff82 | 7802 0000 | 4881 c420 | 0100 005d 

  0x0000727bfcf4bdf8: ;   {poll_return}
  0x0000727bfcf4bdf8: 493b 6728 | 0f87 c60c | 0000 c348 | 8b8c 24b0 | 0000 0048 | 8b94 24b8 | 0000 008b | 7e18 48c1 
  0x0000727bfcf4be18: e703 8379 | 0c00 0f86 | c40c 0000 | 8b49 1048 | c1e1 030f | 1f44 0000 

  0x0000727bfcf4be30: ;   {oop(a 'java/lang/invoke/MethodType'{0x00000007094008b0} = (Ljava/lang/Object;Ljava/lang/Object;)Ljava/lang/Object;)}
  0x0000727bfcf4be30: 49b8 b008 | 4009 0700 | 0000 483b 

  0x0000727bfcf4be3c: ;   {metadata(method data for {method} {0x0000727bd85f15d8} 'invokeImpl' '(Ljava/lang/Object;[Ljava/lang/Object;)Ljava/lang/Object;' in 'jdk/internal/reflect/DirectMethodHandleAccessor')}
  0x0000727bfcf4be3c: 0748 bbf0 | d8be d87b | 7200 0048 | 8d9b d001 | 0000 4885 | d275 0ef6 | 4308 0175 | 42f0 4883 
  0x0000727bfcf4be5c: 4b08 01eb | 3a8b 4208 | 4c8b d048 | 3343 0848 | a9fc ffff | ff74 28a8 | 0275 2448 | f743 08fe 
  0x0000727bfcf4be7c: ffff ff74 | 1649 8bc2 | 4833 4308 | 48a9 fcff | ffff 740b | 4883 4b08 | 02eb 0448 | 8943 0848 
  0x0000727bfcf4be9c: 85c9 750e | f643 1801 | 7542 f048 | 834b 1801 | eb3a 8b41 | 084c 8bd0 | 4833 4318 | 48a9 fcff 
  0x0000727bfcf4bebc: ffff 7428 | a802 7524 | 48f7 4318 | feff ffff | 7416 498b | c248 3343 | 1848 a9fc | ffff ff74 
  0x0000727bfcf4bedc: 0b48 834b | 1802 eb04 | 4889 4318 

  0x0000727bfcf4bee8: ;   {metadata(method data for {method} {0x0000727bd85f15d8} 'invokeImpl' '(Ljava/lang/Object;[Ljava/lang/Object;)Ljava/lang/Object;' in 'jdk/internal/reflect/DirectMethodHandleAccessor')}
  0x0000727bfcf4bee8: 488b df48 | b8f0 d8be | d87b 7200 | 008b 5b08 | 483b 98a8 | 0100 0075 | 0d48 8380 | b001 0000 
  0x0000727bfcf4bf08: 01e9 6000 | 0000 483b | 98b8 0100 | 0075 0d48 | 8380 c001 | 0000 01e9 | 4a00 0000 | 4883 b8a8 
  0x0000727bfcf4bf28: 0100 0000 | 7517 4889 | 98a8 0100 | 0048 c780 | b001 0000 | 0100 0000 | e929 0000 | 0048 83b8 
  0x0000727bfcf4bf48: b801 0000 | 0075 1748 | 8998 b801 | 0000 48c7 | 80c0 0100 | 0001 0000 | 00e9 0800 | 0000 4883 
  0x0000727bfcf4bf68: 80a0 0100 | 0001 488b | f766 0f1f 

  0x0000727bfcf4bf74: ;   {optimized virtual_call}
  0x0000727bfcf4bf74: 4400 00e8 

  0x0000727bfcf4bf78: ; ImmutableOopMap {[168]=Oop }
                      ;*invokevirtual invokeExact {reexecute=0 rethrow=0 return_oop=0}
                      ; - jdk.internal.reflect.DirectMethodHandleAccessor::invokeImpl@55
                      ; - jdk.internal.reflect.DirectMethodHandleAccessor::invoke@23
  0x0000727bfcf4bf78: c10d 0000 

  0x0000727bfcf4bf7c: ;   {post_call_nop}
  0x0000727bfcf4bf7c: 0f1f 8400 | 740f 0006 

  0x0000727bfcf4bf84: ;   {metadata(method data for {method} {0x0000727bd85f15d8} 'invokeImpl' '(Ljava/lang/Object;[Ljava/lang/Object;)Ljava/lang/Object;' in 'jdk/internal/reflect/DirectMethodHandleAccessor')}
  0x0000727bfcf4bf84: 48be f0d8 | bed8 7b72 | 0000 488d | b6f0 0100 | 0048 85c0 | 750c f606 | 0175 40f0 | 4883 0e01 
  0x0000727bfcf4bfa4: eb39 8b78 | 084c 8bd7 | 4833 3e48 | f7c7 fcff | ffff 7427 | 40f6 c702 | 7521 48f7 | 06fe ffff 
  0x0000727bfcf4bfc4: ff74 1549 | 8bfa 4833 | 3e48 f7c7 | fcff ffff | 7409 4883 | 0e02 eb03 

  0x0000727bfcf4bfdc: ;   {metadata(method data for {method} {0x0000727bd85f15d8} 'invokeImpl' '(Ljava/lang/Object;[Ljava/lang/Object;)Ljava/lang/Object;' in 'jdk/internal/reflect/DirectMethodHandleAccessor')}
  0x0000727bfcf4bfdc: 4889 3e48 | bef0 d8be | d87b 7200 | 00ff 8600 | 0200 0048 | 81c4 2001 

  0x0000727bfcf4bff4: ;   {poll_return}
  0x0000727bfcf4bff4: 0000 5d49 | 3b67 280f | 8717 0b00 | 00c3 488b | 9424 b800 | 0000 8b7e | 1848 c1e7 | 0348 89bc 
  0x0000727bfcf4c014: 24d8 0000 

  0x0000727bfcf4c018: ;   {metadata(method data for {method} {0x0000727bd85f15d8} 'invokeImpl' '(Ljava/lang/Object;[Ljava/lang/Object;)Ljava/lang/Object;' in 'jdk/internal/reflect/DirectMethodHandleAccessor')}
  0x0000727bfcf4c018: 0048 bbf0 | d8be d87b | 7200 0048 | 8d9b 6801 | 0000 4885 | d275 0cf6 | 4308 0175 | 06f0 4883 
  0x0000727bfcf4c038: ;   {metadata(method data for {method} {0x0000727bd84cd348} 'invokeExact_MT' '(Ljava/lang/Object;Ljava/lang/Object;Ljava/lang/Object;)Ljava/lang/Object;' in 'java/lang/invoke/Invokers$Holder')}
  0x0000727bfcf4c038: 4b08 0148 | bba8 dcbe | d87b 7200 | 0048 8d9b | 5002 0000 | 4885 ff75 | 0af6 0301 | 7505 f048 
  0x0000727bfcf4c058: 830b 0148 | 85d2 750c | f643 1001 | 7506 f048 | 834b 1001 

  0x0000727bfcf4c06c: ;   {metadata(method data for {method} {0x0000727bd85f15d8} 'invokeImpl' '(Ljava/lang/Object;[Ljava/lang/Object;)Ljava/lang/Object;' in 'jdk/internal/reflect/DirectMethodHandleAccessor')}
  0x0000727bfcf4c06c: 48bb f0d8 | bed8 7b72 | 0000 4883 | 8338 0100 

  0x0000727bfcf4c07c: ;   {metadata(method data for {method} {0x0000727bd84cd348} 'invokeExact_MT' '(Ljava/lang/Object;Ljava/lang/Object;Ljava/lang/Object;)Ljava/lang/Object;' in 'java/lang/invoke/Invokers$Holder')}
  0x0000727bfcf4c07c: 0001 48bb | a8dc bed8 | 7b72 0000 | 8b83 9000 | 0000 83c0 | 0289 8390 | 0000 0025 | feff 1f00 
  0x0000727bfcf4c09c: 85c0 0f84 | 8a0a 0000 

  0x0000727bfcf4c0a4: ;   {metadata(method data for {method} {0x0000727bd84cd348} 'invokeExact_MT' '(Ljava/lang/Object;Ljava/lang/Object;Ljava/lang/Object;)Ljava/lang/Object;' in 'java/lang/invoke/Invokers$Holder')}
  0x0000727bfcf4c0a4: 48bb a8dc | bed8 7b72 | 0000 488d | 9b48 0100 | 0048 85ff | 750c f643 | 0801 7506 | f048 834b 
  0x0000727bfcf4c0c4: ;   {metadata(method data for {method} {0x0000727bd84cd348} 'invokeExact_MT' '(Ljava/lang/Object;Ljava/lang/Object;Ljava/lang/Object;)Ljava/lang/Object;' in 'java/lang/invoke/Invokers$Holder')}
  0x0000727bfcf4c0c4: 0801 48bb | a8dc bed8 | 7b72 0000 | 4883 8338 | 0100 0001 

  0x0000727bfcf4c0d8: ;   {metadata(method data for {method} {0x0000727bd8477390} 'checkExactType' '(Ljava/lang/invoke/MethodHandle;Ljava/lang/invoke/MethodType;)V' in 'java/lang/invoke/Invokers')}
  0x0000727bfcf4c0d8: 48bb e8de | bdd8 7b72 | 0000 8b83 | 9000 0000 | 83c0 0289 | 8390 0000 | 0025 feff | 1f00 85c0 
  0x0000727bfcf4c0f8: 0f84 510a | 0000 483b | 0748 8bdf 

  0x0000727bfcf4c104: ;   {metadata(method data for {method} {0x0000727bd8477390} 'checkExactType' '(Ljava/lang/invoke/MethodHandle;Ljava/lang/invoke/MethodType;)V' in 'java/lang/invoke/Invokers')}
  0x0000727bfcf4c104: 48b8 e8de | bdd8 7b72 | 0000 8b5b | 0848 3b98 | e000 0000 | 750d 4883 | 80e8 0000 | 0001 e960 
  0x0000727bfcf4c124: 0000 0048 | 3b98 f000 | 0000 750d | 4883 80f8 | 0000 0001 | e94a 0000 | 0048 83b8 | e000 0000 
  0x0000727bfcf4c144: 0075 1748 | 8998 e000 | 0000 48c7 | 80e8 0000 | 0001 0000 | 00e9 2900 | 0000 4883 | b8f0 0000 
  0x0000727bfcf4c164: 0000 7517 | 4889 98f0 | 0000 0048 | c780 f800 | 0000 0100 | 0000 e908 | 0000 0048 | 8380 d800 
  0x0000727bfcf4c184: 0000 018b | 5f10 48c1 

  0x0000727bfcf4c18c: ;   {oop(a 'java/lang/invoke/MethodType'{0x0000000709401ba8} = (Ljava/lang/Object;)Ljava/lang/Object;)}
  0x0000727bfcf4c18c: e303 48b8 | a81b 4009 | 0700 0000 

  0x0000727bfcf4c198: ;   {metadata(method data for {method} {0x0000727bd8477390} 'checkExactType' '(Ljava/lang/invoke/MethodHandle;Ljava/lang/invoke/MethodType;)V' in 'java/lang/invoke/Invokers')}
  0x0000727bfcf4c198: 483b d848 | b8e8 debd | d87b 7200 | 00b9 1801 | 0000 7505 | b908 0100 | 004c 8b04 | 084d 8d40 
  0x0000727bfcf4c1b8: 014c 8904 | 080f 8514 

  0x0000727bfcf4c1c0: ;   {metadata(method data for {method} {0x0000727bd84cd348} 'invokeExact_MT' '(Ljava/lang/Object;Ljava/lang/Object;Ljava/lang/Object;)Ljava/lang/Object;' in 'java/lang/invoke/Invokers$Holder')}
  0x0000727bfcf4c1c0: 0200 0048 | bba8 dcbe | d87b 7200 | 0048 8383 | 7001 0000 

  0x0000727bfcf4c1d4: ;   {metadata(method data for {method} {0x0000727bd84779d8} 'checkCustomized' '(Ljava/lang/invoke/MethodHandle;)V' in 'java/lang/invoke/Invokers')}
  0x0000727bfcf4c1d4: 0148 bb80 | dcbd d87b | 7200 008b | 8390 0000 | 0083 c002 | 8983 9000 | 0000 25fe | ff1f 0085 
  0x0000727bfcf4c1f4: c00f 847a 

  0x0000727bfcf4c1f8: ;   {metadata(method data for {method} {0x0000727bd84779d8} 'checkCustomized' '(Ljava/lang/invoke/MethodHandle;)V' in 'java/lang/invoke/Invokers')}
  0x0000727bfcf4c1f8: 0900 0048 | bb80 dcbd | d87b 7200 | 0048 8383 | d800 0000 

  0x0000727bfcf4c20c: ;   {metadata(method data for {method} {0x0000727bd808fb80} 'isCompileConstant' '(Ljava/lang/Object;)Z' in 'java/lang/invoke/MethodHandleImpl')}
  0x0000727bfcf4c20c: 0148 bbf8 | ddbd d87b | 7200 008b | 8390 0000 | 0083 c002 | 8983 9000 | 0000 25fe | ff1f 0085 
  0x0000727bfcf4c22c: c00f 8463 

  0x0000727bfcf4c230: ;   {metadata(method data for {method} {0x0000727bd84779d8} 'checkCustomized' '(Ljava/lang/invoke/MethodHandle;)V' in 'java/lang/invoke/Invokers')}
  0x0000727bfcf4c230: 0900 0048 | bb80 dcbd | d87b 7200 | 00ff 83e8 | 0000 008b | 5f14 48c1 | e303 8b5b | 1c48 c1e3 
  0x0000727bfcf4c250: 0348 85db 

  0x0000727bfcf4c254: ;   {metadata(method data for {method} {0x0000727bd84779d8} 'checkCustomized' '(Ljava/lang/invoke/MethodHandle;)V' in 'java/lang/invoke/Invokers')}
  0x0000727bfcf4c254: 48bb 80dc | bdd8 7b72 | 0000 b808 | 0100 0075 | 05b8 1801 | 0000 488b | 0c03 488d | 4901 4889 
  0x0000727bfcf4c274: 0c03 0f85 | 2800 0000 

  0x0000727bfcf4c27c: ;   {metadata(method data for {method} {0x0000727bd84779d8} 'checkCustomized' '(Ljava/lang/invoke/MethodHandle;)V' in 'java/lang/invoke/Invokers')}
  0x0000727bfcf4c27c: 48bb 80dc | bdd8 7b72 | 0000 4883 | 8328 0100 | 0001 488b | f766 0f1f 

  0x0000727bfcf4c294: ;   {static_call}
  0x0000727bfcf4c294: 4400 00e8 

  0x0000727bfcf4c298: ; ImmutableOopMap {[168]=Oop [184]=Oop [216]=Oop }
                      ;*invokestatic maybeCustomize {reexecute=0 rethrow=0 return_oop=0}
                      ; - java.lang.invoke.Invokers::checkCustomized@19
                      ; - java.lang.invoke.Invokers$Holder::invokeExact_MT@14
                      ; - jdk.internal.reflect.DirectMethodHandleAccessor::invokeImpl@41
                      ; - jdk.internal.reflect.DirectMethodHandleAccessor::invoke@23
  0x0000727bfcf4c298: e4c2 ffff 

  0x0000727bfcf4c29c: ;   {post_call_nop}
  0x0000727bfcf4c29c: 0f1f 8400 | 9412 0007 | 488b 9424 | b800 0000 

  0x0000727bfcf4c2ac: ;   {metadata(method data for {method} {0x0000727bd84cd348} 'invokeExact_MT' '(Ljava/lang/Object;Ljava/lang/Object;Ljava/lang/Object;)Ljava/lang/Object;' in 'java/lang/invoke/Invokers$Holder')}
  0x0000727bfcf4c2ac: 48be a8dc | bed8 7b72 | 0000 488d | b6c8 0100 | 0048 85d2 | 750c f646 | 0801 7506 | f048 834e 
  0x0000727bfcf4c2cc: 0801 488b | bc24 d800 

  0x0000727bfcf4c2d4: ;   {metadata(method data for {method} {0x0000727bd84cd348} 'invokeExact_MT' '(Ljava/lang/Object;Ljava/lang/Object;Ljava/lang/Object;)Ljava/lang/Object;' in 'java/lang/invoke/Invokers$Holder')}
  0x0000727bfcf4c2d4: 0000 48be | a8dc bed8 | 7b72 0000 | 8b7f 0848 | 3bbe a001 | 0000 750d | 4883 86a8 | 0100 0001 
  0x0000727bfcf4c2f4: e960 0000 | 0048 3bbe | b001 0000 | 750d 4883 | 86b8 0100 | 0001 e94a | 0000 0048 | 83be a001 
  0x0000727bfcf4c314: 0000 0075 | 1748 89be | a001 0000 | 48c7 86a8 | 0100 0001 | 0000 00e9 | 2900 0000 | 4883 beb0 
  0x0000727bfcf4c334: 0100 0000 | 7517 4889 | beb0 0100 | 0048 c786 | b801 0000 | 0100 0000 | e908 0000 | 0048 8386 
  0x0000727bfcf4c354: 9801 0000 | 0148 8bb4 | 24d8 0000 | 0066 0f1f 

  0x0000727bfcf4c364: ;   {optimized virtual_call}
  0x0000727bfcf4c364: 4400 00e8 

  0x0000727bfcf4c368: ; ImmutableOopMap {[168]=Oop }
                      ;*invokevirtual invokeBasic {reexecute=0 rethrow=0 return_oop=0}
                      ; - java.lang.invoke.Invokers$Holder::invokeExact_MT@19
                      ; - jdk.internal.reflect.DirectMethodHandleAccessor::invokeImpl@41
                      ; - jdk.internal.reflect.DirectMethodHandleAccessor::invoke@23
  0x0000727bfcf4c368: 9414 9807 

  0x0000727bfcf4c36c: ;   {post_call_nop}
  0x0000727bfcf4c36c: 0f1f 8400 | 6413 0008 

  0x0000727bfcf4c374: ;   {metadata(method data for {method} {0x0000727bd84cd348} 'invokeExact_MT' '(Ljava/lang/Object;Ljava/lang/Object;Ljava/lang/Object;)Ljava/lang/Object;' in 'java/lang/invoke/Invokers$Holder')}
  0x0000727bfcf4c374: 48be a8dc | bed8 7b72 | 0000 488d | b6d8 0100 | 0048 85c0 | 750a f606 | 0175 05f0 | 4883 0e01 
  0x0000727bfcf4c394: ;   {metadata(method data for {method} {0x0000727bd85f15d8} 'invokeImpl' '(Ljava/lang/Object;[Ljava/lang/Object;)Ljava/lang/Object;' in 'jdk/internal/reflect/DirectMethodHandleAccessor')}
  0x0000727bfcf4c394: 48be f0d8 | bed8 7b72 | 0000 488d | b678 0100 | 0048 85c0 | 750a f606 | 0175 05f0 | 4883 0e01 
  0x0000727bfcf4c3b4: ;   {metadata(method data for {method} {0x0000727bd85f15d8} 'invokeImpl' '(Ljava/lang/Object;[Ljava/lang/Object;)Ljava/lang/Object;' in 'jdk/internal/reflect/DirectMethodHandleAccessor')}
  0x0000727bfcf4c3b4: 48be f0d8 | bed8 7b72 | 0000 ff86 | 8801 0000 | 4881 c420 | 0100 005d 

  0x0000727bfcf4c3cc: ;   {poll_return}
  0x0000727bfcf4c3cc: 493b 6728 | 0f87 e607 

  0x0000727bfcf4c3d4: ;   {metadata(method data for {method} {0x0000727bd8477390} 'checkExactType' '(Ljava/lang/invoke/MethodHandle;Ljava/lang/invoke/MethodType;)V' in 'java/lang/invoke/Invokers')}
  0x0000727bfcf4c3d4: 0000 c348 | bee8 debd | d87b 7200 | 0048 8386 | 2801 0000 

  0x0000727bfcf4c3e8: ;   {oop(a 'java/lang/invoke/MethodType'{0x0000000709401ba8} = (Ljava/lang/Object;)Ljava/lang/Object;)}
  0x0000727bfcf4c3e8: 0148 b8a8 | 1b40 0907 | 0000 0048 | 8bf3 488b | d066 0f1f 

  0x0000727bfcf4c3fc: ;   {static_call}
  0x0000727bfcf4c3fc: 4400 00e8 

  0x0000727bfcf4c400: ; ImmutableOopMap {[168]=Oop [184]=Oop [216]=Oop }
                      ;*invokestatic newWrongMethodTypeException {reexecute=0 rethrow=0 return_oop=0}
                      ; - java.lang.invoke.Invokers::checkExactType@12
                      ; - java.lang.invoke.Invokers$Holder::invokeExact_MT@10
                      ; - jdk.internal.reflect.DirectMethodHandleAccessor::invokeImpl@41
                      ; - jdk.internal.reflect.DirectMethodHandleAccessor::invoke@23
  0x0000727bfcf4c400: dc88 4307 

  0x0000727bfcf4c404: ;   {post_call_nop}
  0x0000727bfcf4c404: 0f1f 8400 | fc13 0009 

  0x0000727bfcf4c40c: ; implicit exception: dispatches to 0x0000727bfcf4cbd2
                      ; ImmutableOopMap {rax=Oop [168]=Oop [184]=Oop [216]=Oop }
                      ;*athrow {reexecute=1 rethrow=0 return_oop=0}
                      ; - (reexecute) java.lang.invoke.Invokers::checkExactType@15
                      ; - java.lang.invoke.Invokers$Holder::invokeExact_MT@10
                      ; - jdk.internal.reflect.DirectMethodHandleAccessor::invokeImpl@41
                      ; - jdk.internal.reflect.DirectMethodHandleAccessor::invoke@23
                      ;   {section_word}
  0x0000727bfcf4c40c: 483b 0048 | ba0f c4f4 | fc7b 7200 

  0x0000727bfcf4c418: ;   {runtime_call C1 Runtime handle_exception_nofpu_blob}
  0x0000727bfcf4c418: 00e8 c23f 

  0x0000727bfcf4c41c: ;   {metadata(method data for {method} {0x0000727bd8477390} 'checkExactType' '(Ljava/lang/invoke/MethodHandle;Ljava/lang/invoke/MethodType;)V' in 'java/lang/invoke/Invokers')}
  0x0000727bfcf4c41c: 5007 9048 | bee8 debd | d87b 7200 | 0048 8386 | 2801 0000 

  0x0000727bfcf4c430: ;   {oop(a 'java/lang/invoke/MethodType'{0x0000000709400b90} = (Ljava/lang/Object;Ljava/lang/Object;Ljava/lang/Object;)Ljava/lang/Object;)}
  0x0000727bfcf4c430: 0149 b890 | 0b40 0907 | 0000 0048 | 8bf1 498b | d066 0f1f 

  0x0000727bfcf4c444: ;   {static_call}
  0x0000727bfcf4c444: 4400 00e8 

  0x0000727bfcf4c448: ; ImmutableOopMap {[168]=Oop [184]=Oop [192]=Oop [200]=Oop [208]=Oop }
                      ;*invokestatic newWrongMethodTypeException {reexecute=0 rethrow=0 return_oop=0}
                      ; - java.lang.invoke.Invokers::checkExactType@12
                      ; - java.lang.invoke.LambdaForm$MH/0x00000000ad146c00::invokeExact_MT@11
                      ; - jdk.internal.reflect.DirectMethodHandleAccessor::invokeImpl@72
                      ; - jdk.internal.reflect.DirectMethodHandleAccessor::invoke@23
  0x0000727bfcf4c448: 9488 4307 

  0x0000727bfcf4c44c: ;   {post_call_nop}
  0x0000727bfcf4c44c: 0f1f 8400 | 4414 000b 

  0x0000727bfcf4c454: ; implicit exception: dispatches to 0x0000727bfcf4cbd7
                      ; ImmutableOopMap {rax=Oop [168]=Oop [184]=Oop [192]=Oop [200]=Oop [208]=Oop }
                      ;*athrow {reexecute=1 rethrow=0 return_oop=0}
                      ; - (reexecute) java.lang.invoke.Invokers::checkExactType@15
                      ; - java.lang.invoke.LambdaForm$MH/0x00000000ad146c00::invokeExact_MT@11
                      ; - jdk.internal.reflect.DirectMethodHandleAccessor::invokeImpl@72
                      ; - jdk.internal.reflect.DirectMethodHandleAccessor::invoke@23
                      ;   {section_word}
  0x0000727bfcf4c454: 483b 0048 | ba57 c4f4 | fc7b 7200 

  0x0000727bfcf4c460: ;   {runtime_call C1 Runtime handle_exception_nofpu_blob}
  0x0000727bfcf4c460: 00e8 7a3f | 5007 9049 | 8b87 e005 | 0000 4d33 | d24d 8997 | e005 0000 | 4d33 d24d | 8997 e805 
  0x0000727bfcf4c480: 0000 488b | b424 a800 

  0x0000727bfcf4c488: ;   {metadata(method data for {method} {0x0000727bd85f1300} 'invoke' '(Ljava/lang/Object;[Ljava/lang/Object;)Ljava/lang/Object;' in 'jdk/internal/reflect/DirectMethodHandleAccessor')}
  0x0000727bfcf4c488: 0000 48ba | 38cf bed8 | 7b72 0000 | 4883 8208 | 0200 0001 

  0x0000727bfcf4c49c: ;   {metadata(method data for {method} {0x0000727bd85f1970} 'isIllegalArgument' '(Ljava/lang/RuntimeException;)Z' in 'jdk/internal/reflect/DirectMethodHandleAccessor')}
  0x0000727bfcf4c49c: 48be 080f | bfd8 7b72 | 0000 8b96 | 9000 0000 | 83c2 0289 | 9690 0000 | 0081 e2fe | ff1f 0085 
  0x0000727bfcf4c4bc: d20f 8419 

  0x0000727bfcf4c4c0: ;   {oop(a 'java/lang/Class'{0x00000007094889a0} = 'jdk/internal/reflect/DirectMethodHandleAccessor')}
  0x0000727bfcf4c4c0: 0700 0048 | bea0 8948 | 0907 0000 | 0048 8bd0 | 4889 8424 | e000 0000 | 0f1f 8000 

  0x0000727bfcf4c4dc: ;   {static_call}
  0x0000727bfcf4c4dc: 0000 00e8 

  0x0000727bfcf4c4e0: ; ImmutableOopMap {[224]=Oop }
                      ;*invokestatic isIllegalArgument {reexecute=0 rethrow=0 return_oop=0}
                      ; - jdk.internal.reflect.DirectMethodHandleAccessor::isIllegalArgument@3
                      ; - jdk.internal.reflect.DirectMethodHandleAccessor::invoke@58
  0x0000727bfcf4c4e0: fc87 4307 

  0x0000727bfcf4c4e4: ;   {post_call_nop}
  0x0000727bfcf4c4e4: 0f1f 8400 | dc14 000d | 83e0 0185 

  0x0000727bfcf4c4f0: ;   {metadata(method data for {method} {0x0000727bd85f1300} 'invoke' '(Ljava/lang/Object;[Ljava/lang/Object;)Ljava/lang/Object;' in 'jdk/internal/reflect/DirectMethodHandleAccessor')}
  0x0000727bfcf4c4f0: c048 b838 | cfbe d87b | 7200 00be | 3802 0000 | 7405 be48 | 0200 0048 | 8b14 3048 | 8d52 0148 
  0x0000727bfcf4c510: 8914 300f | 8488 0200 | 00e9 eb01 | 0000 488b | b424 a800 | 0000 498b | 87e0 0500 | 004d 33d2 
  0x0000727bfcf4c530: 4d89 97e0 | 0500 004d | 33d2 4d89 | 97e8 0500 

  0x0000727bfcf4c540: ;   {metadata(method data for {method} {0x0000727bd85f1300} 'invoke' '(Ljava/lang/Object;[Ljava/lang/Object;)Ljava/lang/Object;' in 'jdk/internal/reflect/DirectMethodHandleAccessor')}
  0x0000727bfcf4c540: 0048 ba38 | cfbe d87b | 7200 0048 | 8382 9801 

  0x0000727bfcf4c550: ;   {metadata(method data for {method} {0x0000727bd85f1970} 'isIllegalArgument' '(Ljava/lang/RuntimeException;)Z' in 'jdk/internal/reflect/DirectMethodHandleAccessor')}
  0x0000727bfcf4c550: 0000 0148 | be08 0fbf | d87b 7200 | 008b 9690 | 0000 0083 | c202 8996 | 9000 0000 | 81e2 feff 
  0x0000727bfcf4c570: 1f00 85d2 | 0f84 8306 

  0x0000727bfcf4c578: ;   {oop(a 'java/lang/Class'{0x00000007094889a0} = 'jdk/internal/reflect/DirectMethodHandleAccessor')}
  0x0000727bfcf4c578: 0000 48be | a089 4809 | 0700 0000 | 488b d048 | 8984 24e8 

  0x0000727bfcf4c58c: ;   {static_call}
  0x0000727bfcf4c58c: 0000 00e8 

  0x0000727bfcf4c590: ; ImmutableOopMap {[232]=Oop }
                      ;*invokestatic isIllegalArgument {reexecute=0 rethrow=0 return_oop=0}
                      ; - jdk.internal.reflect.DirectMethodHandleAccessor::isIllegalArgument@3
                      ; - jdk.internal.reflect.DirectMethodHandleAccessor::invoke@30
  0x0000727bfcf4c590: 4c87 4307 

  0x0000727bfcf4c594: ;   {post_call_nop}
  0x0000727bfcf4c594: 0f1f 8400 | 8c15 000e | 83e0 0185 

  0x0000727bfcf4c5a0: ;   {metadata(method data for {method} {0x0000727bd85f1300} 'invoke' '(Ljava/lang/Object;[Ljava/lang/Object;)Ljava/lang/Object;' in 'jdk/internal/reflect/DirectMethodHandleAccessor')}
  0x0000727bfcf4c5a0: c048 ba38 | cfbe d87b | 7200 00be | c801 0000 | 7405 bed8 | 0100 0048 | 8b3c 3248 | 8d7f 0148 
  0x0000727bfcf4c5c0: 893c 320f | 8498 0000 | 000f 1f80 | 0000 0000 

  0x0000727bfcf4c5d0: ;   {other}
  0x0000727bfcf4c5d0: e958 0600 | 0000 0000 | 0000 498b | 87c8 0100 | 0048 8d78 | 2849 3bbf | d801 0000 | 0f87 4506 
  0x0000727bfcf4c5f0: 0000 4989 | bfc8 0100 | 0048 c700 | 0100 0000 | 488b ca89 | 4808 4833 | c989 480c | 4833 c948 
  0x0000727bfcf4c610: 8948 1048 | 8948 1848 | 8948 2048 

  0x0000727bfcf4c61c: ;   {metadata(method data for {method} {0x0000727bd85f1300} 'invoke' '(Ljava/lang/Object;[Ljava/lang/Object;)Ljava/lang/Object;' in 'jdk/internal/reflect/DirectMethodHandleAccessor')}
  0x0000727bfcf4c61c: 8bd0 48be | 38cf bed8 | 7b72 0000 | 4883 86e8 | 0100 0001 

  0x0000727bfcf4c630: ;   {oop("argument type mismatch"{0x0000000709abef10})}
  0x0000727bfcf4c630: 48ba 10ef | ab09 0700 | 0000 488b | f048 8984 | 24f0 0000 

  0x0000727bfcf4c644: ;   {optimized virtual_call}
  0x0000727bfcf4c644: 0066 90e8 

  0x0000727bfcf4c648: ; ImmutableOopMap {[240]=Oop }
                      ;*invokespecial <init> {reexecute=0 rethrow=0 return_oop=0}
                      ; - jdk.internal.reflect.DirectMethodHandleAccessor::invoke@42
  0x0000727bfcf4c648: 9480 4307 

  0x0000727bfcf4c64c: ;   {post_call_nop}
  0x0000727bfcf4c64c: 0f1f 8400 | 4416 000f | 488b 8424 | f000 0000 | e9a7 0600 | 0048 8b9c | 24e8 0000 | 000f 1f80 
  0x0000727bfcf4c66c: 0000 0000 

  0x0000727bfcf4c670: ;   {other}
  0x0000727bfcf4c670: e9de 0500 | 0000 0000 | 0000 80ba | 3001 0000 | 040f 85db | 0500 0049 | 8b87 c801 | 0000 488d 
  0x0000727bfcf4c690: 7828 493b | bfd8 0100 | 000f 87c3 | 0500 0049 | 89bf c801 | 0000 48c7 | 0001 0000 | 0048 8bca 
  0x0000727bfcf4c6b0: 8948 0848 | 33c9 8948 | 0c48 33c9 | 4889 4810 | 4889 4818 | 4889 4820 

  0x0000727bfcf4c6c8: ;   {metadata(method data for {method} {0x0000727bd85f1300} 'invoke' '(Ljava/lang/Object;[Ljava/lang/Object;)Ljava/lang/Object;' in 'jdk/internal/reflect/DirectMethodHandleAccessor')}
  0x0000727bfcf4c6c8: 488b d048 | be38 cfbe | d87b 7200 | 0048 8386 | f801 0000 | 0148 8bd3 | 488b f048 | 8984 24f8 
  0x0000727bfcf4c6e8: 0000 000f 

  0x0000727bfcf4c6ec: ;   {optimized virtual_call}
  0x0000727bfcf4c6ec: 1f40 00e8 

  0x0000727bfcf4c6f0: ; ImmutableOopMap {[248]=Oop }
                      ;*invokespecial <init> {reexecute=0 rethrow=0 return_oop=0}
                      ; - jdk.internal.reflect.DirectMethodHandleAccessor::invoke@51
  0x0000727bfcf4c6f0: ec7f 4307 

  0x0000727bfcf4c6f4: ;   {post_call_nop}
  0x0000727bfcf4c6f4: 0f1f 8400 | ec16 0010 | 488b 8424 | f800 0000 | e9ff 0500 | 000f 1f80 | 0000 0000 

  0x0000727bfcf4c710: ;   {other}
  0x0000727bfcf4c710: e969 0500 | 0000 0000 | 0000 498b | 87c8 0100 | 0048 8d78 | 2849 3bbf | d801 0000 | 0f87 5605 
  0x0000727bfcf4c730: 0000 4989 | bfc8 0100 | 0048 c700 | 0100 0000 | 488b ca89 | 4808 4833 | c989 480c | 4833 c948 
  0x0000727bfcf4c750: 8948 1048 | 8948 1848 | 8948 2048 

  0x0000727bfcf4c75c: ;   {metadata(method data for {method} {0x0000727bd85f1300} 'invoke' '(Ljava/lang/Object;[Ljava/lang/Object;)Ljava/lang/Object;' in 'jdk/internal/reflect/DirectMethodHandleAccessor')}
  0x0000727bfcf4c75c: 8bd0 48be | 38cf bed8 | 7b72 0000 | 4883 8658 | 0200 0001 | 488b 9424 | e000 0000 | 488b f048 
  0x0000727bfcf4c77c: 8984 2400 | 0100 000f 

  0x0000727bfcf4c784: ;   {optimized virtual_call}
  0x0000727bfcf4c784: 1f40 00e8 

  0x0000727bfcf4c788: ; ImmutableOopMap {[256]=Oop }
                      ;*invokespecial <init> {reexecute=0 rethrow=0 return_oop=0}
                      ; - jdk.internal.reflect.DirectMethodHandleAccessor::invoke@69
  0x0000727bfcf4c788: 547f 4307 

  0x0000727bfcf4c78c: ;   {post_call_nop}
  0x0000727bfcf4c78c: 0f1f 8400 | 8417 0011 | 488b 8424 | 0001 0000 | e967 0500 | 0048 8b9c | 24e0 0000 | 000f 1f80 
  0x0000727bfcf4c7ac: 0000 0000 

  0x0000727bfcf4c7b0: ;   {other}
  0x0000727bfcf4c7b0: e9ef 0400 | 0000 0000 | 0000 80ba | 3001 0000 | 040f 85ec | 0400 0049 | 8b87 c801 | 0000 488d 
  0x0000727bfcf4c7d0: 7828 493b | bfd8 0100 | 000f 87d4 | 0400 0049 | 89bf c801 | 0000 48c7 | 0001 0000 | 0048 8bca 
  0x0000727bfcf4c7f0: 8948 0848 | 33c9 8948 | 0c48 33c9 | 4889 4810 | 4889 4818 | 4889 4820 

  0x0000727bfcf4c808: ;   {metadata(method data for {method} {0x0000727bd85f1300} 'invoke' '(Ljava/lang/Object;[Ljava/lang/Object;)Ljava/lang/Object;' in 'jdk/internal/reflect/DirectMethodHandleAccessor')}
  0x0000727bfcf4c808: 488b d048 | be38 cfbe | d87b 7200 | 0048 8386 | 6802 0000 | 0148 8bd3 | 488b f048 | 8984 2408 
  0x0000727bfcf4c828: 0100 000f 

  0x0000727bfcf4c82c: ;   {optimized virtual_call}
  0x0000727bfcf4c82c: 1f40 00e8 

  0x0000727bfcf4c830: ; ImmutableOopMap {[264]=Oop }
                      ;*invokespecial <init> {reexecute=0 rethrow=0 return_oop=0}
                      ; - jdk.internal.reflect.DirectMethodHandleAccessor::invoke@78
  0x0000727bfcf4c830: ac7e 4307 

  0x0000727bfcf4c834: ;   {post_call_nop}
  0x0000727bfcf4c834: 0f1f 8400 | 2c18 0012 | 488b 8424 | 0801 0000 | e9bf 0400 | 0049 8b87 | e005 0000 | 4d33 d24d 
  0x0000727bfcf4c854: 8997 e005 | 0000 4d33 | d24d 8997 | e805 0000 | 488b d890 

  0x0000727bfcf4c868: ;   {metadata('java/lang/reflect/InvocationTargetException')}
  0x0000727bfcf4c868: 48ba 383e | 06ad 0000 | 0000 80ba | 3001 0000 | 040f 855f | 0400 0049 | 8b87 c801 | 0000 488d 
  0x0000727bfcf4c888: 7828 493b | bfd8 0100 | 000f 8747 | 0400 0049 | 89bf c801 | 0000 48c7 | 0001 0000 | 0048 8bca 
  0x0000727bfcf4c8a8: 8948 0848 | 33c9 8948 | 0c48 33c9 | 4889 4810 | 4889 4818 | 4889 4820 

  0x0000727bfcf4c8c0: ;   {metadata(method data for {method} {0x0000727bd85f1300} 'invoke' '(Ljava/lang/Object;[Ljava/lang/Object;)Ljava/lang/Object;' in 'jdk/internal/reflect/DirectMethodHandleAccessor')}
  0x0000727bfcf4c8c0: 488b d048 | be38 cfbe | d87b 7200 | 0048 8386 | 7802 0000 | 0148 8bd3 | 488b f048 | 8984 2410 
  0x0000727bfcf4c8e0: 0100 000f 

  0x0000727bfcf4c8e4: ;   {optimized virtual_call}
  0x0000727bfcf4c8e4: 1f40 00e8 

  0x0000727bfcf4c8e8: ; ImmutableOopMap {[272]=Oop }
                      ;*invokespecial <init> {reexecute=0 rethrow=0 return_oop=0}
                      ; - jdk.internal.reflect.DirectMethodHandleAccessor::invoke@88
  0x0000727bfcf4c8e8: a104 0000 

  0x0000727bfcf4c8ec: ;   {post_call_nop}
  0x0000727bfcf4c8ec: 0f1f 8400 | e418 0013 | 488b 8424 | 1001 0000 | e907 0400 

  0x0000727bfcf4c900: ;   {metadata({method} {0x0000727bd85f1300} 'invoke' '(Ljava/lang/Object;[Ljava/lang/Object;)Ljava/lang/Object;' in 'jdk/internal/reflect/DirectMethodHandleAccessor')}
  0x0000727bfcf4c900: 0049 ba00 | 135f d87b | 7200 004c | 8954 2408 | 48c7 0424 | ffff ffff 

  0x0000727bfcf4c918: ;   {runtime_call C1 Runtime counter_overflow_blob}
  0x0000727bfcf4c918: e8c3 7450 

  0x0000727bfcf4c91c: ; ImmutableOopMap {rsi=Oop rdx=Oop rcx=Oop [168]=Oop [184]=Oop }
                      ;*synchronization entry
                      ; - jdk.internal.reflect.DirectMethodHandleAccessor::invoke@-1
  0x0000727bfcf4c91c: 07e9 54e8 

  0x0000727bfcf4c920: ;   {metadata({method} {0x0000727bd85f1810} 'isStatic' '()Z' in 'jdk/internal/reflect/DirectMethodHandleAccessor')}
  0x0000727bfcf4c920: ffff 49ba | 1018 5fd8 | 7b72 0000 | 4c89 5424 | 0848 c704 | 24ff ffff 

  0x0000727bfcf4c938: ;   {runtime_call C1 Runtime counter_overflow_blob}
  0x0000727bfcf4c938: ffe8 a274 

  0x0000727bfcf4c93c: ; ImmutableOopMap {rsi=Oop rdx=Oop rcx=Oop [168]=Oop [184]=Oop }
                      ;*synchronization entry
                      ; - jdk.internal.reflect.DirectMethodHandleAccessor::isStatic@-1
                      ; - jdk.internal.reflect.DirectMethodHandleAccessor::invoke@1
  0x0000727bfcf4c93c: 5007 e96f 

  0x0000727bfcf4c940: ;   {metadata({method} {0x0000727bd85f15d8} 'invokeImpl' '(Ljava/lang/Object;[Ljava/lang/Object;)Ljava/lang/Object;' in 'jdk/internal/reflect/DirectMethodHandleAccessor')}
  0x0000727bfcf4c940: e8ff ff49 | bad8 155f | d87b 7200 | 004c 8954 | 2408 48c7 | 0424 ffff 

  0x0000727bfcf4c958: ;   {runtime_call C1 Runtime counter_overflow_blob}
  0x0000727bfcf4c958: ffff e881 

  0x0000727bfcf4c95c: ; ImmutableOopMap {rsi=Oop [168]=Oop [176]=Oop [184]=Oop }
                      ;*synchronization entry
                      ; - jdk.internal.reflect.DirectMethodHandleAccessor::invokeImpl@-1
                      ; - jdk.internal.reflect.DirectMethodHandleAccessor::invoke@23
  0x0000727bfcf4c95c: 7450 07e9 | 84e9 ffff | 49b8 0000 | 0000 0000 | 0000 b800 

  0x0000727bfcf4c970: ;   {runtime_call C1 Runtime load_appendix_patching_blob}
  0x0000727bfcf4c970: 0f05 0ae8 

  0x0000727bfcf4c974: ; ImmutableOopMap {rsi=Oop rdx=Oop rcx=Oop rdi=Oop [168]=Oop [184]=Oop }
                      ;*invokevirtual invokeExact {reexecute=1 rethrow=0 return_oop=0}
                      ; - (reexecute) jdk.internal.reflect.DirectMethodHandleAccessor::invokeImpl@104
                      ; - jdk.internal.reflect.DirectMethodHandleAccessor::invoke@23
  0x0000727bfcf4c974: 686d 5007 | e90b eaff 

  0x0000727bfcf4c97c: ;   {runtime_call C1 Runtime throw_null_pointer_exception_blob}
  0x0000727bfcf4c97c: ffe8 5e22 

  0x0000727bfcf4c980: ; ImmutableOopMap {rsi=Oop rdx=Oop rcx=Oop rdi=Oop r8=Oop [168]=Oop [184]=Oop }
                      ;*invokevirtual invokeExact {reexecute=0 rethrow=0 return_oop=0}
                      ; - jdk.internal.reflect.DirectMethodHandleAccessor::invokeImpl@104
                      ; - jdk.internal.reflect.DirectMethodHandleAccessor::invoke@23
                      ;   {internal_word}
  0x0000727bfcf4c980: 5007 49ba | 3eb5 f4fc | 7b72 0000 | 4d89 9738 

  0x0000727bfcf4c990: ;   {runtime_call SafepointBlob}
  0x0000727bfcf4c990: 0500 00e9 | c89e 4307 

  0x0000727bfcf4c998: ;   {runtime_call C1 Runtime throw_null_pointer_exception_blob}
  0x0000727bfcf4c998: e843 2250 

  0x0000727bfcf4c99c: ; ImmutableOopMap {rsi=Oop rdx=Oop rcx=Oop rbx=Oop [168]=Oop [184]=Oop }
                      ;*aaload {reexecute=0 rethrow=0 return_oop=0}
                      ; - jdk.internal.reflect.DirectMethodHandleAccessor::invokeImpl@85
                      ; - jdk.internal.reflect.DirectMethodHandleAccessor::invoke@23
                      ;   {runtime_call C1 Runtime throw_null_pointer_exception_blob}
  0x0000727bfcf4c99c: 07e8 3e22 

  0x0000727bfcf4c9a0: ; ImmutableOopMap {rsi=Oop rdx=Oop rcx=Oop rbx=Oop [168]=Oop [184]=Oop }
                      ;*aaload {reexecute=0 rethrow=0 return_oop=0}
                      ; - jdk.internal.reflect.DirectMethodHandleAccessor::invokeImpl@85
                      ; - jdk.internal.reflect.DirectMethodHandleAccessor::invoke@23
  0x0000727bfcf4c9a0: 5007 48c7 | 0424 0000 | 0000 4889 

  0x0000727bfcf4c9ac: ;   {runtime_call C1 Runtime throw_range_check_failed_blob}
  0x0000727bfcf4c9ac: 4c24 08e8 

  0x0000727bfcf4c9b0: ; ImmutableOopMap {rsi=Oop rdx=Oop rcx=Oop rbx=Oop [168]=Oop [184]=Oop }
                      ;*aaload {reexecute=0 rethrow=0 return_oop=0}
                      ; - jdk.internal.reflect.DirectMethodHandleAccessor::invokeImpl@85
                      ; - jdk.internal.reflect.DirectMethodHandleAccessor::invoke@23
  0x0000727bfcf4c9b0: 2c19 5007 | 48c7 0424 | 0100 0000 | 4889 4c24 

  0x0000727bfcf4c9c0: ;   {runtime_call C1 Runtime throw_range_check_failed_blob}
  0x0000727bfcf4c9c0: 08e8 1a19 

  0x0000727bfcf4c9c4: ; ImmutableOopMap {rsi=Oop rdx=Oop rcx=Oop rbx=Oop r8=Oop [168]=Oop [184]=Oop }
                      ;*aaload {reexecute=0 rethrow=0 return_oop=0}
                      ; - jdk.internal.reflect.DirectMethodHandleAccessor::invokeImpl@88
                      ; - jdk.internal.reflect.DirectMethodHandleAccessor::invoke@23
  0x0000727bfcf4c9c4: 5007 48c7 | 0424 0200 | 0000 4889 

  0x0000727bfcf4c9d0: ;   {runtime_call C1 Runtime throw_range_check_failed_blob}
  0x0000727bfcf4c9d0: 4c24 08e8 

  0x0000727bfcf4c9d4: ; ImmutableOopMap {rsi=Oop rdx=Oop rcx=Oop rbx=Oop r8=Oop r9=Oop [168]=Oop [184]=Oop }
                      ;*aaload {reexecute=0 rethrow=0 return_oop=0}
                      ; - jdk.internal.reflect.DirectMethodHandleAccessor::invokeImpl@91
                      ; - jdk.internal.reflect.DirectMethodHandleAccessor::invoke@23
  0x0000727bfcf4c9d4: 0819 5007 | 48b8 a00d | 4009 0700 | 0000 b800 

  0x0000727bfcf4c9e4: ;   {runtime_call C1 Runtime load_appendix_patching_blob}
  0x0000727bfcf4c9e4: 0f05 0ae8 

  0x0000727bfcf4c9e8: ; ImmutableOopMap {rsi=Oop rdx=Oop rbx=Oop r8=Oop r9=Oop rdi=Oop [168]=Oop [184]=Oop }
                      ;*invokevirtual invokeExact {reexecute=1 rethrow=0 return_oop=0}
                      ; - (reexecute) jdk.internal.reflect.DirectMethodHandleAccessor::invokeImpl@92
                      ; - jdk.internal.reflect.DirectMethodHandleAccessor::invoke@23
  0x0000727bfcf4c9e8: f46c 5007 | e9a7 ebff 

  0x0000727bfcf4c9f0: ;   {runtime_call C1 Runtime throw_null_pointer_exception_blob}
  0x0000727bfcf4c9f0: ffe8 ea21 

  0x0000727bfcf4c9f4: ; ImmutableOopMap {rsi=Oop rdx=Oop rbx=Oop r8=Oop r9=Oop rdi=Oop rax=Oop [168]=Oop [184]=Oop }
                      ;*invokevirtual invokeExact {reexecute=0 rethrow=0 return_oop=0}
                      ; - jdk.internal.reflect.DirectMethodHandleAccessor::invokeImpl@92
                      ; - jdk.internal.reflect.DirectMethodHandleAccessor::invoke@23
                      ;   {internal_word}
  0x0000727bfcf4c9f4: 5007 49ba | 6fb7 f4fc | 7b72 0000 | 4d89 9738 

  0x0000727bfcf4ca04: ;   {runtime_call SafepointBlob}
  0x0000727bfcf4ca04: 0500 00e9 | 549e 4307 

  0x0000727bfcf4ca0c: ;   {runtime_call C1 Runtime throw_null_pointer_exception_blob}
  0x0000727bfcf4ca0c: e8cf 2150 

  0x0000727bfcf4ca10: ; ImmutableOopMap {rsi=Oop rcx=Oop rdx=Oop rdi=Oop [168]=Oop [184]=Oop [200]=Oop }
                      ;*aaload {reexecute=0 rethrow=0 return_oop=0}
                      ; - jdk.internal.reflect.DirectMethodHandleAccessor::invokeImpl@68
                      ; - jdk.internal.reflect.DirectMethodHandleAccessor::invoke@23
                      ;   {runtime_call C1 Runtime throw_null_pointer_exception_blob}
  0x0000727bfcf4ca10: 07e8 ca21 

  0x0000727bfcf4ca14: ; ImmutableOopMap {rsi=Oop rcx=Oop rdx=Oop rdi=Oop [168]=Oop [184]=Oop [200]=Oop }
                      ;*aaload {reexecute=0 rethrow=0 return_oop=0}
                      ; - jdk.internal.reflect.DirectMethodHandleAccessor::invokeImpl@68
                      ; - jdk.internal.reflect.DirectMethodHandleAccessor::invoke@23
  0x0000727bfcf4ca14: 5007 48c7 | 0424 0000 | 0000 4889 

  0x0000727bfcf4ca20: ;   {runtime_call C1 Runtime throw_range_check_failed_blob}
  0x0000727bfcf4ca20: 4c24 08e8 

  0x0000727bfcf4ca24: ; ImmutableOopMap {rsi=Oop rcx=Oop rdx=Oop rdi=Oop [168]=Oop [184]=Oop [200]=Oop }
                      ;*aaload {reexecute=0 rethrow=0 return_oop=0}
                      ; - jdk.internal.reflect.DirectMethodHandleAccessor::invokeImpl@68
                      ; - jdk.internal.reflect.DirectMethodHandleAccessor::invoke@23
  0x0000727bfcf4ca24: b818 5007 | 48c7 0424 | 0100 0000 | 4889 4c24 

  0x0000727bfcf4ca34: ;   {runtime_call C1 Runtime throw_range_check_failed_blob}
  0x0000727bfcf4ca34: 08e8 a618 

  0x0000727bfcf4ca38: ; ImmutableOopMap {rsi=Oop rcx=Oop rdx=Oop rdi=Oop rbx=Oop [168]=Oop [184]=Oop [192]=Oop [200]=Oop }
                      ;*aaload {reexecute=0 rethrow=0 return_oop=0}
                      ; - jdk.internal.reflect.DirectMethodHandleAccessor::invokeImpl@71
                      ; - jdk.internal.reflect.DirectMethodHandleAccessor::invoke@23
                      ;   {metadata({method} {0x0000727bd8b19ab0} 'invokeExact_MT' '(Ljava/lang/Object;Ljava/lang/Object;Ljava/lang/Object;Ljava/lang/Object;Ljava/lang/Object;)Ljava/lang/Object;' in 'java/lang/invoke/LambdaForm$MH+0x00000000ad146c00')}
  0x0000727bfcf4ca38: 5007 49ba | b09a b1d8 | 7b72 0000 | 4c89 5424 | 0848 c704 | 24ff ffff 

  0x0000727bfcf4ca50: ;   {runtime_call C1 Runtime counter_overflow_blob}
  0x0000727bfcf4ca50: ffe8 8a73 

  0x0000727bfcf4ca54: ; ImmutableOopMap {rsi=Oop rdx=Oop rdi=Oop rbx=Oop rax=Oop [168]=Oop [184]=Oop [192]=Oop [200]=Oop [208]=Oop }
                      ;*synchronization entry
                      ; - java.lang.invoke.LambdaForm$MH/0x00000000ad146c00::invokeExact_MT@-1
                      ; - jdk.internal.reflect.DirectMethodHandleAccessor::invokeImpl@72
                      ; - jdk.internal.reflect.DirectMethodHandleAccessor::invoke@23
  0x0000727bfcf4ca54: 5007 e9bf 

  0x0000727bfcf4ca58: ;   {metadata({method} {0x0000727bd8477390} 'checkExactType' '(Ljava/lang/invoke/MethodHandle;Ljava/lang/invoke/MethodType;)V' in 'java/lang/invoke/Invokers')}
  0x0000727bfcf4ca58: eeff ff49 | ba90 7347 | d87b 7200 | 004c 8954 | 2408 48c7 | 0424 ffff 

  0x0000727bfcf4ca70: ;   {runtime_call C1 Runtime counter_overflow_blob}
  0x0000727bfcf4ca70: ffff e869 

  0x0000727bfcf4ca74: ; ImmutableOopMap {rsi=Oop rdx=Oop rdi=Oop rbx=Oop rax=Oop [168]=Oop [184]=Oop [192]=Oop [200]=Oop [208]=Oop }
                      ;*synchronization entry
                      ; - java.lang.invoke.Invokers::checkExactType@-1
                      ; - java.lang.invoke.LambdaForm$MH/0x00000000ad146c00::invokeExact_MT@11
                      ; - jdk.internal.reflect.DirectMethodHandleAccessor::invokeImpl@72
                      ; - jdk.internal.reflect.DirectMethodHandleAccessor::invoke@23
  0x0000727bfcf4ca74: 7350 07e9 | 3fef ffff 

  0x0000727bfcf4ca7c: ;   {runtime_call C1 Runtime throw_null_pointer_exception_blob}
  0x0000727bfcf4ca7c: e85f 2150 

  0x0000727bfcf4ca80: ; ImmutableOopMap {rsi=Oop rdx=Oop rdi=Oop rbx=Oop rax=Oop [168]=Oop [184]=Oop [192]=Oop [200]=Oop [208]=Oop }
                      ;*invokevirtual type {reexecute=0 rethrow=0 return_oop=0}
                      ; - java.lang.invoke.Invokers::checkExactType@1
                      ; - java.lang.invoke.LambdaForm$MH/0x00000000ad146c00::invokeExact_MT@11
                      ; - jdk.internal.reflect.DirectMethodHandleAccessor::invokeImpl@72
                      ; - jdk.internal.reflect.DirectMethodHandleAccessor::invoke@23
                      ;   {metadata({method} {0x0000727bd84779d8} 'checkCustomized' '(Ljava/lang/invoke/MethodHandle;)V' in 'java/lang/invoke/Invokers')}
  0x0000727bfcf4ca80: 0749 bad8 | 7947 d87b | 7200 004c | 8954 2408 | 48c7 0424 | ffff ffff 

  0x0000727bfcf4ca98: ;   {runtime_call C1 Runtime counter_overflow_blob}
  0x0000727bfcf4ca98: e843 7350 

  0x0000727bfcf4ca9c: ; ImmutableOopMap {rsi=Oop rdx=Oop rdi=Oop rbx=Oop rax=Oop [168]=Oop [184]=Oop [192]=Oop [200]=Oop [208]=Oop }
                      ;*synchronization entry
                      ; - java.lang.invoke.Invokers::checkCustomized@-1
                      ; - java.lang.invoke.LambdaForm$MH/0x00000000ad146c00::invokeExact_MT@15
                      ; - jdk.internal.reflect.DirectMethodHandleAccessor::invokeImpl@72
                      ; - jdk.internal.reflect.DirectMethodHandleAccessor::invoke@23
  0x0000727bfcf4ca9c: 07e9 6ef0 

  0x0000727bfcf4caa0: ;   {metadata({method} {0x0000727bd808fb80} 'isCompileConstant' '(Ljava/lang/Object;)Z' in 'java/lang/invoke/MethodHandleImpl')}
  0x0000727bfcf4caa0: ffff 49ba | 80fb 08d8 | 7b72 0000 | 4c89 5424 | 0848 c704 | 24ff ffff 

  0x0000727bfcf4cab8: ;   {runtime_call C1 Runtime counter_overflow_blob}
  0x0000727bfcf4cab8: ffe8 2273 

  0x0000727bfcf4cabc: ; ImmutableOopMap {rsi=Oop rdx=Oop rdi=Oop rbx=Oop rax=Oop [168]=Oop [184]=Oop [192]=Oop [200]=Oop [208]=Oop }
                      ;*synchronization entry
                      ; - java.lang.invoke.MethodHandleImpl::isCompileConstant@-1
                      ; - java.lang.invoke.Invokers::checkCustomized@1
                      ; - java.lang.invoke.LambdaForm$MH/0x00000000ad146c00::invokeExact_MT@15
                      ; - jdk.internal.reflect.DirectMethodHandleAccessor::invokeImpl@72
                      ; - jdk.internal.reflect.DirectMethodHandleAccessor::invoke@23
  0x0000727bfcf4cabc: 5007 e98b 

  0x0000727bfcf4cac0: ;   {runtime_call C1 Runtime throw_null_pointer_exception_blob}
  0x0000727bfcf4cac0: f0ff ffe8 

  0x0000727bfcf4cac4: ; ImmutableOopMap {rsi=Oop rdx=Oop rdi=Oop rbx=Oop rax=Oop [168]=Oop [184]=Oop [192]=Oop [200]=Oop [208]=Oop }
                      ;*getfield customized {reexecute=1 rethrow=0 return_oop=0}
                      ; - (reexecute) java.lang.invoke.Invokers::checkCustomized@12
                      ; - java.lang.invoke.LambdaForm$MH/0x00000000ad146c00::invokeExact_MT@15
                      ; - jdk.internal.reflect.DirectMethodHandleAccessor::invokeImpl@72
                      ; - jdk.internal.reflect.DirectMethodHandleAccessor::invoke@23
  0x0000727bfcf4cac4: 1821 5007 

  0x0000727bfcf4cac8: ;   {internal_word}
  0x0000727bfcf4cac8: 49ba f8bd | f4fc 7b72 | 0000 4d89 | 9738 0500 

  0x0000727bfcf4cad8: ;   {runtime_call SafepointBlob}
  0x0000727bfcf4cad8: 00e9 829d 

  0x0000727bfcf4cadc: ;   {runtime_call C1 Runtime throw_null_pointer_exception_blob}
  0x0000727bfcf4cadc: 4307 e8fd 

  0x0000727bfcf4cae0: ; ImmutableOopMap {rsi=Oop rcx=Oop rdx=Oop rdi=Oop [168]=Oop [184]=Oop }
                      ;*aaload {reexecute=0 rethrow=0 return_oop=0}
                      ; - jdk.internal.reflect.DirectMethodHandleAccessor::invokeImpl@54
                      ; - jdk.internal.reflect.DirectMethodHandleAccessor::invoke@23
                      ;   {runtime_call C1 Runtime throw_null_pointer_exception_blob}
  0x0000727bfcf4cae0: 2050 07e8 

  0x0000727bfcf4cae4: ; ImmutableOopMap {rsi=Oop rcx=Oop rdx=Oop rdi=Oop [168]=Oop [184]=Oop }
                      ;*aaload {reexecute=0 rethrow=0 return_oop=0}
                      ; - jdk.internal.reflect.DirectMethodHandleAccessor::invokeImpl@54
                      ; - jdk.internal.reflect.DirectMethodHandleAccessor::invoke@23
  0x0000727bfcf4cae4: f820 5007 | 48c7 0424 | 0000 0000 | 4889 4c24 

  0x0000727bfcf4caf4: ;   {runtime_call C1 Runtime throw_range_check_failed_blob}
  0x0000727bfcf4caf4: 08e8 e617 

  0x0000727bfcf4caf8: ; ImmutableOopMap {rsi=Oop rcx=Oop rdx=Oop rdi=Oop [168]=Oop [184]=Oop }
                      ;*aaload {reexecute=0 rethrow=0 return_oop=0}
                      ; - jdk.internal.reflect.DirectMethodHandleAccessor::invokeImpl@54
                      ; - jdk.internal.reflect.DirectMethodHandleAccessor::invoke@23
  0x0000727bfcf4caf8: 5007 49b8 | a82e cd16 | 0700 0000 | b800 0f05 

  0x0000727bfcf4cb08: ;   {runtime_call C1 Runtime load_appendix_patching_blob}
  0x0000727bfcf4cb08: 0ae8 d26b 

  0x0000727bfcf4cb0c: ; ImmutableOopMap {rsi=Oop rdx=Oop rdi=Oop rcx=Oop [168]=Oop [184]=Oop }
                      ;*invokevirtual invokeExact {reexecute=1 rethrow=0 return_oop=0}
                      ; - (reexecute) jdk.internal.reflect.DirectMethodHandleAccessor::invokeImpl@55
                      ; - jdk.internal.reflect.DirectMethodHandleAccessor::invoke@23
  0x0000727bfcf4cb0c: 5007 e91d 

  0x0000727bfcf4cb10: ;   {runtime_call C1 Runtime throw_null_pointer_exception_blob}
  0x0000727bfcf4cb10: f3ff ffe8 

  0x0000727bfcf4cb14: ; ImmutableOopMap {rsi=Oop rdx=Oop rdi=Oop rcx=Oop r8=Oop [168]=Oop [184]=Oop }
                      ;*invokevirtual invokeExact {reexecute=0 rethrow=0 return_oop=0}
                      ; - jdk.internal.reflect.DirectMethodHandleAccessor::invokeImpl@55
                      ; - jdk.internal.reflect.DirectMethodHandleAccessor::invoke@23
  0x0000727bfcf4cb14: c820 5007 

  0x0000727bfcf4cb18: ;   {internal_word}
  0x0000727bfcf4cb18: 49ba f7bf | f4fc 7b72 | 0000 4d89 | 9738 0500 

  0x0000727bfcf4cb28: ;   {runtime_call SafepointBlob}
  0x0000727bfcf4cb28: 00e9 329d 

  0x0000727bfcf4cb2c: ;   {metadata({method} {0x0000727bd84cd348} 'invokeExact_MT' '(Ljava/lang/Object;Ljava/lang/Object;Ljava/lang/Object;)Ljava/lang/Object;' in 'java/lang/invoke/Invokers$Holder')}
  0x0000727bfcf4cb2c: 4307 49ba | 48d3 4cd8 | 7b72 0000 | 4c89 5424 | 0848 c704 | 24ff ffff 

  0x0000727bfcf4cb44: ;   {runtime_call C1 Runtime counter_overflow_blob}
  0x0000727bfcf4cb44: ffe8 9672 

  0x0000727bfcf4cb48: ; ImmutableOopMap {rsi=Oop rdx=Oop rdi=Oop [168]=Oop [184]=Oop [216]=Oop }
                      ;*synchronization entry
                      ; - java.lang.invoke.Invokers$Holder::invokeExact_MT@-1
                      ; - jdk.internal.reflect.DirectMethodHandleAccessor::invokeImpl@41
                      ; - jdk.internal.reflect.DirectMethodHandleAccessor::invoke@23
  0x0000727bfcf4cb48: 5007 e955 

  0x0000727bfcf4cb4c: ;   {metadata({method} {0x0000727bd8477390} 'checkExactType' '(Ljava/lang/invoke/MethodHandle;Ljava/lang/invoke/MethodType;)V' in 'java/lang/invoke/Invokers')}
  0x0000727bfcf4cb4c: f5ff ff49 | ba90 7347 | d87b 7200 | 004c 8954 | 2408 48c7 | 0424 ffff 

  0x0000727bfcf4cb64: ;   {runtime_call C1 Runtime counter_overflow_blob}
  0x0000727bfcf4cb64: ffff e875 

  0x0000727bfcf4cb68: ; ImmutableOopMap {rsi=Oop rdx=Oop rdi=Oop [168]=Oop [184]=Oop [216]=Oop }
                      ;*synchronization entry
                      ; - java.lang.invoke.Invokers::checkExactType@-1
                      ; - java.lang.invoke.Invokers$Holder::invokeExact_MT@10
                      ; - jdk.internal.reflect.DirectMethodHandleAccessor::invokeImpl@41
                      ; - jdk.internal.reflect.DirectMethodHandleAccessor::invoke@23
  0x0000727bfcf4cb68: 7250 07e9 | 8ef5 ffff 

  0x0000727bfcf4cb70: ;   {runtime_call C1 Runtime throw_null_pointer_exception_blob}
  0x0000727bfcf4cb70: e86b 2050 

  0x0000727bfcf4cb74: ; ImmutableOopMap {rsi=Oop rdx=Oop rdi=Oop [168]=Oop [184]=Oop [216]=Oop }
                      ;*invokevirtual type {reexecute=0 rethrow=0 return_oop=0}
                      ; - java.lang.invoke.Invokers::checkExactType@1
                      ; - java.lang.invoke.Invokers$Holder::invokeExact_MT@10
                      ; - jdk.internal.reflect.DirectMethodHandleAccessor::invokeImpl@41
                      ; - jdk.internal.reflect.DirectMethodHandleAccessor::invoke@23
                      ;   {metadata({method} {0x0000727bd84779d8} 'checkCustomized' '(Ljava/lang/invoke/MethodHandle;)V' in 'java/lang/invoke/Invokers')}
  0x0000727bfcf4cb74: 0749 bad8 | 7947 d87b | 7200 004c | 8954 2408 | 48c7 0424 | ffff ffff 

  0x0000727bfcf4cb8c: ;   {runtime_call C1 Runtime counter_overflow_blob}
  0x0000727bfcf4cb8c: e84f 7250 

  0x0000727bfcf4cb90: ; ImmutableOopMap {rsi=Oop rdx=Oop rdi=Oop [168]=Oop [184]=Oop [216]=Oop }
                      ;*synchronization entry
                      ; - java.lang.invoke.Invokers::checkCustomized@-1
                      ; - java.lang.invoke.Invokers$Holder::invokeExact_MT@14
                      ; - jdk.internal.reflect.DirectMethodHandleAccessor::invokeImpl@41
                      ; - jdk.internal.reflect.DirectMethodHandleAccessor::invoke@23
  0x0000727bfcf4cb90: 07e9 65f6 

  0x0000727bfcf4cb94: ;   {metadata({method} {0x0000727bd808fb80} 'isCompileConstant' '(Ljava/lang/Object;)Z' in 'java/lang/invoke/MethodHandleImpl')}
  0x0000727bfcf4cb94: ffff 49ba | 80fb 08d8 | 7b72 0000 | 4c89 5424 | 0848 c704 | 24ff ffff 

  0x0000727bfcf4cbac: ;   {runtime_call C1 Runtime counter_overflow_blob}
  0x0000727bfcf4cbac: ffe8 2e72 

  0x0000727bfcf4cbb0: ; ImmutableOopMap {rsi=Oop rdx=Oop rdi=Oop [168]=Oop [184]=Oop [216]=Oop }
                      ;*synchronization entry
                      ; - java.lang.invoke.MethodHandleImpl::isCompileConstant@-1
                      ; - java.lang.invoke.Invokers::checkCustomized@1
                      ; - java.lang.invoke.Invokers$Holder::invokeExact_MT@14
                      ; - jdk.internal.reflect.DirectMethodHandleAccessor::invokeImpl@41
                      ; - jdk.internal.reflect.DirectMethodHandleAccessor::invoke@23
  0x0000727bfcf4cbb0: 5007 e97c 

  0x0000727bfcf4cbb4: ;   {runtime_call C1 Runtime throw_null_pointer_exception_blob}
  0x0000727bfcf4cbb4: f6ff ffe8 

  0x0000727bfcf4cbb8: ; ImmutableOopMap {rsi=Oop rdx=Oop rdi=Oop [168]=Oop [184]=Oop [216]=Oop }
                      ;*getfield customized {reexecute=1 rethrow=0 return_oop=0}
                      ; - (reexecute) java.lang.invoke.Invokers::checkCustomized@12
                      ; - java.lang.invoke.Invokers$Holder::invokeExact_MT@14
                      ; - jdk.internal.reflect.DirectMethodHandleAccessor::invokeImpl@41
                      ; - jdk.internal.reflect.DirectMethodHandleAccessor::invoke@23
  0x0000727bfcf4cbb8: 2420 5007 

  0x0000727bfcf4cbbc: ;   {internal_word}
  0x0000727bfcf4cbbc: 49ba ccc3 | f4fc 7b72 | 0000 4d89 | 9738 0500 

  0x0000727bfcf4cbcc: ;   {runtime_call SafepointBlob}
  0x0000727bfcf4cbcc: 00e9 8e9c 

  0x0000727bfcf4cbd0: ;   {runtime_call C1 Runtime throw_null_pointer_exception_blob}
  0x0000727bfcf4cbd0: 4307 e809 

  0x0000727bfcf4cbd4: ; ImmutableOopMap {rax=Oop [168]=Oop [184]=Oop [216]=Oop }
                      ;*athrow {reexecute=1 rethrow=0 return_oop=0}
                      ; - (reexecute) java.lang.invoke.Invokers::checkExactType@15
                      ; - java.lang.invoke.Invokers$Holder::invokeExact_MT@10
                      ; - jdk.internal.reflect.DirectMethodHandleAccessor::invokeImpl@41
                      ; - jdk.internal.reflect.DirectMethodHandleAccessor::invoke@23
                      ;   {runtime_call C1 Runtime throw_null_pointer_exception_blob}
  0x0000727bfcf4cbd4: 2050 07e8 

  0x0000727bfcf4cbd8: ; ImmutableOopMap {rax=Oop [168]=Oop [184]=Oop [192]=Oop [200]=Oop [208]=Oop }
                      ;*athrow {reexecute=1 rethrow=0 return_oop=0}
                      ; - (reexecute) java.lang.invoke.Invokers::checkExactType@15
                      ; - java.lang.invoke.LambdaForm$MH/0x00000000ad146c00::invokeExact_MT@11
                      ; - jdk.internal.reflect.DirectMethodHandleAccessor::invokeImpl@72
                      ; - jdk.internal.reflect.DirectMethodHandleAccessor::invoke@23
  0x0000727bfcf4cbd8: 0420 5007 

  0x0000727bfcf4cbdc: ;   {metadata({method} {0x0000727bd85f1970} 'isIllegalArgument' '(Ljava/lang/RuntimeException;)Z' in 'jdk/internal/reflect/DirectMethodHandleAccessor')}
  0x0000727bfcf4cbdc: 49ba 7019 | 5fd8 7b72 | 0000 4c89 | 5424 0848 | c704 24ff 

  0x0000727bfcf4cbf0: ;   {runtime_call C1 Runtime counter_overflow_blob}
  0x0000727bfcf4cbf0: ffff ffe8 

  0x0000727bfcf4cbf4: ; ImmutableOopMap {rax=Oop }
                      ;*synchronization entry
                      ; - jdk.internal.reflect.DirectMethodHandleAccessor::isIllegalArgument@-1
                      ; - jdk.internal.reflect.DirectMethodHandleAccessor::invoke@58
  0x0000727bfcf4cbf4: e871 5007 | e9c6 f8ff 

  0x0000727bfcf4cbfc: ;   {metadata({method} {0x0000727bd85f1970} 'isIllegalArgument' '(Ljava/lang/RuntimeException;)Z' in 'jdk/internal/reflect/DirectMethodHandleAccessor')}
  0x0000727bfcf4cbfc: ff49 ba70 | 195f d87b | 7200 004c | 8954 2408 | 48c7 0424 | ffff ffff 

  0x0000727bfcf4cc14: ;   {runtime_call C1 Runtime counter_overflow_blob}
  0x0000727bfcf4cc14: e8c7 7150 

  0x0000727bfcf4cc18: ; ImmutableOopMap {rax=Oop }
                      ;*synchronization entry
                      ; - jdk.internal.reflect.DirectMethodHandleAccessor::isIllegalArgument@-1
                      ; - jdk.internal.reflect.DirectMethodHandleAccessor::invoke@30
  0x0000727bfcf4cc18: 07e9 5cf9 

  0x0000727bfcf4cc1c: ;   {metadata(nullptr)}
  0x0000727bfcf4cc1c: ffff 48ba | 0000 0000 | 0000 0000 | b800 0f05 

  0x0000727bfcf4cc2c: ;   {runtime_call C1 Runtime load_klass_patching_blob}
  0x0000727bfcf4cc2c: 0ae8 ae62 

  0x0000727bfcf4cc30: ; ImmutableOopMap {}
                      ;*new {reexecute=1 rethrow=0 return_oop=0}
                      ; - (reexecute) jdk.internal.reflect.DirectMethodHandleAccessor::invoke@36
  0x0000727bfcf4cc30: 5007 e999 | f9ff ff48 

  0x0000727bfcf4cc38: ;   {runtime_call C1 Runtime fast_new_instance_blob}
  0x0000727bfcf4cc38: 8bd2 e8a1 

  0x0000727bfcf4cc3c: ; ImmutableOopMap {}
                      ;*new {reexecute=0 rethrow=0 return_oop=0}
                      ; - jdk.internal.reflect.DirectMethodHandleAccessor::invoke@36
  0x0000727bfcf4cc3c: 2850 07e9 | d7f9 ffff 

  0x0000727bfcf4cc44: ;   {metadata(nullptr)}
  0x0000727bfcf4cc44: 48ba 0000 | 0000 0000 | 0000 b800 

  0x0000727bfcf4cc50: ;   {runtime_call C1 Runtime load_klass_patching_blob}
  0x0000727bfcf4cc50: 0f05 0ae8 

  0x0000727bfcf4cc54: ; ImmutableOopMap {rbx=Oop }
                      ;*new {reexecute=1 rethrow=0 return_oop=0}
                      ; - (reexecute) jdk.internal.reflect.DirectMethodHandleAccessor::invoke@46
  0x0000727bfcf4cc54: 8862 5007 | e913 faff 

  0x0000727bfcf4cc5c: ;   {runtime_call C1 Runtime throw_null_pointer_exception_blob}
  0x0000727bfcf4cc5c: ffe8 7e1f 

  0x0000727bfcf4cc60: ; ImmutableOopMap {rbx=Oop }
                      ;*new {reexecute=0 rethrow=0 return_oop=0}
                      ; - jdk.internal.reflect.DirectMethodHandleAccessor::invoke@46
  0x0000727bfcf4cc60: 5007 488b 

  0x0000727bfcf4cc64: ;   {runtime_call C1 Runtime fast_new_instance_init_check_blob}
  0x0000727bfcf4cc64: d2e8 762b 

  0x0000727bfcf4cc68: ; ImmutableOopMap {rbx=Oop }
                      ;*new {reexecute=0 rethrow=0 return_oop=0}
                      ; - jdk.internal.reflect.DirectMethodHandleAccessor::invoke@46
  0x0000727bfcf4cc68: 5007 e959 

  0x0000727bfcf4cc6c: ;   {metadata(nullptr)}
  0x0000727bfcf4cc6c: faff ff48 | ba00 0000 | 0000 0000 | 00b8 000f 

  0x0000727bfcf4cc7c: ;   {runtime_call C1 Runtime load_klass_patching_blob}
  0x0000727bfcf4cc7c: 050a e85d 

  0x0000727bfcf4cc80: ; ImmutableOopMap {[224]=Oop }
                      ;*new {reexecute=1 rethrow=0 return_oop=0}
                      ; - (reexecute) jdk.internal.reflect.DirectMethodHandleAccessor::invoke@64
  0x0000727bfcf4cc80: 6250 07e9 | 88fa ffff 

  0x0000727bfcf4cc88: ;   {runtime_call C1 Runtime fast_new_instance_blob}
  0x0000727bfcf4cc88: 488b d2e8 

  0x0000727bfcf4cc8c: ; ImmutableOopMap {[224]=Oop }
                      ;*new {reexecute=0 rethrow=0 return_oop=0}
                      ; - jdk.internal.reflect.DirectMethodHandleAccessor::invoke@64
  0x0000727bfcf4cc8c: 5028 5007 | e9c6 faff 

  0x0000727bfcf4cc94: ;   {metadata(nullptr)}
  0x0000727bfcf4cc94: ff48 ba00 | 0000 0000 | 0000 00b8 | 000f 050a 

  0x0000727bfcf4cca4: ;   {runtime_call C1 Runtime load_klass_patching_blob}
  0x0000727bfcf4cca4: e837 6250 

  0x0000727bfcf4cca8: ; ImmutableOopMap {rbx=Oop }
                      ;*new {reexecute=1 rethrow=0 return_oop=0}
                      ; - (reexecute) jdk.internal.reflect.DirectMethodHandleAccessor::invoke@73
  0x0000727bfcf4cca8: 07e9 02fb 

  0x0000727bfcf4ccac: ;   {runtime_call C1 Runtime throw_null_pointer_exception_blob}
  0x0000727bfcf4ccac: ffff e82d 

  0x0000727bfcf4ccb0: ; ImmutableOopMap {rbx=Oop }
                      ;*new {reexecute=0 rethrow=0 return_oop=0}
                      ; - jdk.internal.reflect.DirectMethodHandleAccessor::invoke@73
  0x0000727bfcf4ccb0: 1f50 0748 

  0x0000727bfcf4ccb4: ;   {runtime_call C1 Runtime fast_new_instance_init_check_blob}
  0x0000727bfcf4ccb4: 8bd2 e825 

  0x0000727bfcf4ccb8: ; ImmutableOopMap {rbx=Oop }
                      ;*new {reexecute=0 rethrow=0 return_oop=0}
                      ; - jdk.internal.reflect.DirectMethodHandleAccessor::invoke@73
  0x0000727bfcf4ccb8: 2b50 07e9 | 48fb ffff 

  0x0000727bfcf4ccc0: ;   {metadata('java/lang/reflect/InvocationTargetException')}
  0x0000727bfcf4ccc0: 48ba 383e | 06ad 0000 | 0000 b800 

  0x0000727bfcf4cccc: ;   {runtime_call C1 Runtime load_klass_patching_blob}
  0x0000727bfcf4cccc: 0f05 0ae8 

  0x0000727bfcf4ccd0: ; ImmutableOopMap {rbx=Oop }
                      ;*new {reexecute=1 rethrow=0 return_oop=0}
                      ; - (reexecute) jdk.internal.reflect.DirectMethodHandleAccessor::invoke@83
  0x0000727bfcf4ccd0: 0c62 5007 | e98f fbff 

  0x0000727bfcf4ccd8: ;   {runtime_call C1 Runtime throw_null_pointer_exception_blob}
  0x0000727bfcf4ccd8: ffe8 021f 

  0x0000727bfcf4ccdc: ; ImmutableOopMap {rbx=Oop }
                      ;*new {reexecute=0 rethrow=0 return_oop=0}
                      ; - jdk.internal.reflect.DirectMethodHandleAccessor::invoke@83
  0x0000727bfcf4ccdc: 5007 488b 

  0x0000727bfcf4cce0: ;   {runtime_call C1 Runtime fast_new_instance_init_check_blob}
  0x0000727bfcf4cce0: d2e8 fa2a 

  0x0000727bfcf4cce4: ; ImmutableOopMap {rbx=Oop }
                      ;*new {reexecute=0 rethrow=0 return_oop=0}
                      ; - jdk.internal.reflect.DirectMethodHandleAccessor::invoke@83
  0x0000727bfcf4cce4: 5007 e9d5 | fbff ff49 | 8b87 e005 | 0000 49c7 | 87e0 0500 | 0000 0000 | 0049 c787 | e805 0000 
  0x0000727bfcf4cd04: 0000 0000 | 4881 c420 | 0100 005d 

  0x0000727bfcf4cd10: ;   {runtime_call C1 Runtime unwind_exception_blob}
  0x0000727bfcf4cd10: e9cb 0f50 | 07f4 f4f4 
[Stub Code]
  0x0000727bfcf4cd18: ;   {other}
  0x0000727bfcf4cd18: 0f1f 4400 

  0x0000727bfcf4cd1c: ;   {static_stub}
  0x0000727bfcf4cd1c: 0048 bb00 | 0000 0000 

  0x0000727bfcf4cd24: ;   {runtime_call nmethod}
  0x0000727bfcf4cd24: 0000 00e9 | fbff ffff 

  0x0000727bfcf4cd2c: ;   {static_stub}
  0x0000727bfcf4cd2c: 9048 bbb0 | 8a74 da7b 

  0x0000727bfcf4cd34: ;   {runtime_call I2C/C2I adapters}
  0x0000727bfcf4cd34: 7200 00e9 | 8a5f 4307 

  0x0000727bfcf4cd3c: ;   {static_stub}
  0x0000727bfcf4cd3c: 9048 bbd8 | d44c d87b 

  0x0000727bfcf4cd44: ;   {runtime_call I2C/C2I adapters}
  0x0000727bfcf4cd44: 7200 00e9 | 72cf 4207 

  0x0000727bfcf4cd4c: ;   {static_stub}
  0x0000727bfcf4cd4c: 9048 bb00 | 0000 0000 

  0x0000727bfcf4cd54: ;   {runtime_call nmethod}
  0x0000727bfcf4cd54: 0000 00e9 | fbff ffff 

  0x0000727bfcf4cd5c: ;   {static_stub}
  0x0000727bfcf4cd5c: 9048 bb00 | 0000 0000 

  0x0000727bfcf4cd64: ;   {runtime_call nmethod}
  0x0000727bfcf4cd64: 0000 00e9 | fbff ffff 

  0x0000727bfcf4cd6c: ;   {static_stub}
  0x0000727bfcf4cd6c: 9048 bb00 | 0000 0000 

  0x0000727bfcf4cd74: ;   {runtime_call nmethod}
  0x0000727bfcf4cd74: 0000 00e9 | fbff ffff 

  0x0000727bfcf4cd7c: ;   {static_stub}
  0x0000727bfcf4cd7c: 9048 bb00 | 0000 0000 

  0x0000727bfcf4cd84: ;   {runtime_call nmethod}
  0x0000727bfcf4cd84: 0000 00e9 | fbff ffff 

  0x0000727bfcf4cd8c: ;   {static_stub}
  0x0000727bfcf4cd8c: 9048 bba0 | 9740 d87b 

  0x0000727bfcf4cd94: ;   {runtime_call I2C/C2I adapters}
  0x0000727bfcf4cd94: 7200 00e9 | 9aec 4307 

  0x0000727bfcf4cd9c: ;   {static_stub}
  0x0000727bfcf4cd9c: 48bb 0000 | 0000 0000 

  0x0000727bfcf4cda4: ;   {runtime_call nmethod}
  0x0000727bfcf4cda4: 0000 e9fb 

  0x0000727bfcf4cda8: ;   {static_stub}
  0x0000727bfcf4cda8: ffff ff48 | bb00 0000 | 0000 0000 

  0x0000727bfcf4cdb4: ;   {runtime_call nmethod}
  0x0000727bfcf4cdb4: 00e9 fbff 

  0x0000727bfcf4cdb8: ;   {static_stub}
  0x0000727bfcf4cdb8: ffff 48bb | 0000 0000 | 0000 0000 

  0x0000727bfcf4cdc4: ;   {runtime_call nmethod}
  0x0000727bfcf4cdc4: e9fb ffff 

  0x0000727bfcf4cdc8: ;   {static_stub}
  0x0000727bfcf4cdc8: ff48 bb00 | 0000 0000 

  0x0000727bfcf4cdd0: ;   {runtime_call nmethod}
  0x0000727bfcf4cdd0: 0000 00e9 | fbff ffff 

  0x0000727bfcf4cdd8: ;   {static_stub}
  0x0000727bfcf4cdd8: 48bb 0000 | 0000 0000 

  0x0000727bfcf4cde0: ;   {runtime_call nmethod}
  0x0000727bfcf4cde0: 0000 e9fb 

  0x0000727bfcf4cde4: ;   {static_stub}
  0x0000727bfcf4cde4: ffff ff48 | bb00 0000 | 0000 0000 

  0x0000727bfcf4cdf0: ;   {runtime_call nmethod}
  0x0000727bfcf4cdf0: 00e9 fbff 

  0x0000727bfcf4cdf4: ;   {static_stub}
  0x0000727bfcf4cdf4: ffff 48bb | 0000 0000 | 0000 0000 

  0x0000727bfcf4ce00: ;   {runtime_call nmethod}
  0x0000727bfcf4ce00: e9fb ffff 

  0x0000727bfcf4ce04: ;   {static_stub}
  0x0000727bfcf4ce04: ff48 bb00 | 0000 0000 

  0x0000727bfcf4ce0c: ;   {runtime_call nmethod}
  0x0000727bfcf4ce0c: 0000 00e9 | fbff ffff 
[Exception Handler]
  0x0000727bfcf4ce14: ;   {runtime_call C1 Runtime handle_exception_from_callee_blob}
  0x0000727bfcf4ce14: e8c7 3b50 

  0x0000727bfcf4ce18: ;   {external_word}
  0x0000727bfcf4ce18: 0748 bf3c | 9757 177c | 7200 0048 

  0x0000727bfcf4ce24: ;   {runtime_call MacroAssembler::debug64(char*, long, long*)}
  0x0000727bfcf4ce24: 83e4 f0e8 | 94f7 ff19 

  0x0000727bfcf4ce2c: ;   {section_word}
  0x0000727bfcf4ce2c: f449 ba2d | cef4 fc7b | 7200 0041 

  0x0000727bfcf4ce38: ;   {runtime_call DeoptimizationBlob}
  0x0000727bfcf4ce38: 52e9 229d 

  0x0000727bfcf4ce3c: ;   {section_word}
  0x0000727bfcf4ce3c: 4307 49ba | 3ece f4fc | 7b72 0000 

  0x0000727bfcf4ce48: ;   {runtime_call DeoptimizationBlob}
  0x0000727bfcf4ce48: 4152 e911 | 9d43 07f4 
[/MachCode]


Compiled method (c1) 3894 1070       3       java.lang.reflect.Method::invoke (108 bytes)
 total in heap  [0x0000727bfcf4a788,0x0000727bfcf4af88] = 2048
 main code      [0x0000727bfcf4a880,0x0000727bfcf4aef8] = 1656
 stub code      [0x0000727bfcf4aef8,0x0000727bfcf4af88] = 144
 mutable data [0x0000727bbc674e50,0x0000727bbc674f28] = 216
 relocation     [0x0000727bbc674e50,0x0000727bbc674f10] = 192
 metadata       [0x0000727bbc674f10,0x0000727bbc674f28] = 24
 immutable data [0x0000727bbc674c90,0x0000727bbc674e48] = 440
 dependencies   [0x0000727bbc674c90,0x0000727bbc674c98] = 8
 nul chk table  [0x0000727bbc674c98,0x0000727bbc674cb8] = 32
 scopes pcs     [0x0000727bbc674cb8,0x0000727bbc674d88] = 208
 scopes data    [0x0000727bbc674d88,0x0000727bbc674e48] = 192

[Constant Pool (empty)]

[MachCode]
[Instructions begin]
  0x0000727bfcf4a880: 660f 1f84 | 0000 0000 | 0066 0f1f | 8400 0000 | 0000 448b | 5608 443b 

  0x0000727bfcf4a898: ;   {runtime_call Shared Runtime ic_miss_blob}
  0x0000727bfcf4a898: 5008 0f85 | 409b 4307 
[Verified Entry Point]
  0x0000727bfcf4a8a0: 8984 2400 | c0fe ff55 | 4881 ec80 | 0000 0090 | 4181 7f20 | 0500 0000 

  0x0000727bfcf4a8b8: ;   {runtime_call Stub::method_entry_barrier}
  0x0000727bfcf4a8b8: 7405 e881 | 1642 0748 | 8974 2448 | 4889 5424 

  0x0000727bfcf4a8c8: ;   {metadata(method data for {method} {0x0000727bd8066808} 'invoke' '(Ljava/lang/Object;[Ljava/lang/Object;)Ljava/lang/Object;' in 'java/lang/reflect/Method')}
  0x0000727bfcf4a8c8: 5048 bfe0 | cbbe d87b | 7200 008b | 9f90 0000 | 0083 c302 | 899f 9000 | 0000 81e3 | fe07 0000 
  0x0000727bfcf4a8e8: 85db 0f84 | 5f05 0000 | 4889 4c24 | 5848 8bfe 

  0x0000727bfcf4a8f8: ;   {metadata(method data for {method} {0x0000727bd8066808} 'invoke' '(Ljava/lang/Object;[Ljava/lang/Object;)Ljava/lang/Object;' in 'java/lang/reflect/Method')}
  0x0000727bfcf4a8f8: 48bb e0cb | bed8 7b72 | 0000 4883 | 83d8 0000 | 0001 488b | fe48 8bf7 | 0f1f 8000 

  0x0000727bfcf4a914: ;   {optimized virtual_call}
  0x0000727bfcf4a914: 0000 00e8 

  0x0000727bfcf4a918: ; ImmutableOopMap {[72]=Oop [80]=Oop [88]=Oop }
                      ;*invokevirtual isCallerSensitive {reexecute=0 rethrow=0 return_oop=0}
                      ; - java.lang.reflect.Method::invoke@1
  0x0000727bfcf4a918: 84f6 ffff 

  0x0000727bfcf4a91c: ;   {post_call_nop}
  0x0000727bfcf4a91c: 0f1f 8400 | 9401 0000 | 488b 7424 | 480f be7e 

  0x0000727bfcf4a92c: ;   {metadata(method data for {method} {0x0000727bd8066808} 'invoke' '(Ljava/lang/Object;[Ljava/lang/Object;)Ljava/lang/Object;' in 'java/lang/reflect/Method')}
  0x0000727bfcf4a92c: 0c85 ff48 | bfe0 cbbe | d87b 7200 | 00bb 0801 | 0000 7405 | bb18 0100 | 0048 8b14 | 1f48 8d52 
  0x0000727bfcf4a94c: 0148 8914 | 1f0f 843d | 0000 0085 

  0x0000727bfcf4a958: ;   {metadata(method data for {method} {0x0000727bd8066808} 'invoke' '(Ljava/lang/Object;[Ljava/lang/Object;)Ljava/lang/Object;' in 'java/lang/reflect/Method')}
  0x0000727bfcf4a958: c048 bfe0 | cbbe d87b | 7200 00bb | 3801 0000 | 7505 bb28 | 0100 0048 | 8b14 1f48 | 8d52 0148 
  0x0000727bfcf4a978: 8914 1f0f | 8513 0000 

  0x0000727bfcf4a980: ;   {oop(nullptr)}
  0x0000727bfcf4a980: 0048 bf00 | 0000 0000 | 0000 0089 | 4424 60e9 | 3000 0000 | 8944 2460 

  0x0000727bfcf4a998: ;   {metadata(method data for {method} {0x0000727bd8066808} 'invoke' '(Ljava/lang/Object;[Ljava/lang/Object;)Ljava/lang/Object;' in 'java/lang/reflect/Method')}
  0x0000727bfcf4a998: 48bf e0cb | bed8 7b72 | 0000 4883 | 8748 0100 | 0001 0f1f 

  0x0000727bfcf4a9ac: ;   {static_call}
  0x0000727bfcf4a9ac: 4400 00e8 

  0x0000727bfcf4a9b0: ; ImmutableOopMap {[72]=Oop [80]=Oop [88]=Oop }
                      ;*invokestatic getCallerClass {reexecute=0 rethrow=0 return_oop=0}
                      ; - java.lang.reflect.Method::invoke@19
  0x0000727bfcf4a9b0: dc5c 9b07 

  0x0000727bfcf4a9b4: ;   {post_call_nop}
  0x0000727bfcf4a9b4: 0f1f 8400 | 2c02 0001 | 488b f848 | 8b74 2448 | 0fbe 560c 

  0x0000727bfcf4a9c8: ;   {metadata(method data for {method} {0x0000727bd8066808} 'invoke' '(Ljava/lang/Object;[Ljava/lang/Object;)Ljava/lang/Object;' in 'java/lang/reflect/Method')}
  0x0000727bfcf4a9c8: 85d2 48ba | e0cb bed8 | 7b72 0000 | b968 0100 | 0074 05b9 | 5801 0000 | 4c8b 040a | 4d8d 4001 
  0x0000727bfcf4a9e8: 4c89 040a | 0f84 0a00 | 0000 4889 | 7c24 68e9 | 2d02 0000 | 8b4e 1c48 | c1e1 0344 

  0x0000727bfcf4aa04: ;   {metadata(method data for {method} {0x0000727bd8066808} 'invoke' '(Ljava/lang/Object;[Ljava/lang/Object;)Ljava/lang/Object;' in 'java/lang/reflect/Method')}
  0x0000727bfcf4aa04: 8b4e 5048 | bae0 cbbe | d87b 7200 | 0048 8382 | 7801 0000 

  0x0000727bfcf4aa18: ;   {metadata(method data for {method} {0x0000727bd8270238} 'isStatic' '(I)Z' in 'java/lang/reflect/Modifier')}
  0x0000727bfcf4aa18: 0148 ba18 | ce9a d87b | 7200 0044 | 8b82 9000 | 0000 4183 | c002 4489 | 8290 0000 | 0041 81e0 
  0x0000727bfcf4aa38: feff 1f00 | 4585 c00f | 842b 0400 | 0049 8bd1 | 83e2 0885 

  0x0000727bfcf4aa4c: ;   {metadata(method data for {method} {0x0000727bd8270238} 'isStatic' '(I)Z' in 'java/lang/reflect/Modifier')}
  0x0000727bfcf4aa4c: d248 ba18 | ce9a d87b | 7200 0041 | b8d8 0000 | 0074 0641 | b8e8 0000 | 004a 8b1c | 0248 8d5b 
  0x0000727bfcf4aa6c: 014a 891c | 020f 841a 

  0x0000727bfcf4aa74: ;   {metadata(method data for {method} {0x0000727bd8270238} 'isStatic' '(I)Z' in 'java/lang/reflect/Modifier')}
  0x0000727bfcf4aa74: 0000 0048 | ba18 ce9a | d87b 7200 | 00ff 82f8 | 0000 00ba | 0100 0000 | e905 0000 | 00ba 0000 
  0x0000727bfcf4aa94: 0000 83e2 

  0x0000727bfcf4aa98: ;   {metadata(method data for {method} {0x0000727bd8066808} 'invoke' '(Ljava/lang/Object;[Ljava/lang/Object;)Ljava/lang/Object;' in 'java/lang/reflect/Method')}
  0x0000727bfcf4aa98: 0185 d248 | bae0 cbbe | d87b 7200 | 0041 b888 | 0100 0074 | 0641 b898 | 0100 004a | 8b1c 0248 
  0x0000727bfcf4aab8: 8d5b 014a | 891c 020f | 841f 0000 

  0x0000727bfcf4aac4: ;   {metadata(method data for {method} {0x0000727bd8066808} 'invoke' '(Ljava/lang/Object;[Ljava/lang/Object;)Ljava/lang/Object;' in 'java/lang/reflect/Method')}
  0x0000727bfcf4aac4: 0048 bae0 | cbbe d87b | 7200 00ff | 82a8 0100 

  0x0000727bfcf4aad4: ;   {oop(nullptr)}
  0x0000727bfcf4aad4: 0049 b800 | 0000 0000 | 0000 00e9 | 9a00 0000 | 488b 5424 | 5048 3b02 

  0x0000727bfcf4aaec: ;   {metadata(method data for {method} {0x0000727bd8066808} 'invoke' '(Ljava/lang/Object;[Ljava/lang/Object;)Ljava/lang/Object;' in 'java/lang/reflect/Method')}
  0x0000727bfcf4aaec: 4c8b c248 | bbe0 cbbe | d87b 7200 | 0045 8b40 | 084c 3b83 | c801 0000 | 750d 4883 | 83d0 0100 
  0x0000727bfcf4ab0c: 0001 e960 | 0000 004c | 3b83 d801 | 0000 750d | 4883 83e0 | 0100 0001 | e94a 0000 | 0048 83bb 
  0x0000727bfcf4ab2c: c801 0000 | 0075 174c | 8983 c801 | 0000 48c7 | 83d0 0100 | 0001 0000 | 00e9 2900 | 0000 4883 
  0x0000727bfcf4ab4c: bbd8 0100 | 0000 7517 | 4c89 83d8 | 0100 0048 | c783 e001 | 0000 0100 | 0000 e908 | 0000 0048 
  0x0000727bfcf4ab6c: 8383 c001 | 0000 0144 | 8b42 084d | 8b40 704d | 8b00 488b 

  0x0000727bfcf4ab80: ;   {metadata(method data for {method} {0x0000727bd8066808} 'invoke' '(Ljava/lang/Object;[Ljava/lang/Object;)Ljava/lang/Object;' in 'java/lang/reflect/Method')}
  0x0000727bfcf4ab80: de48 b8e0 | cbbe d87b | 7200 008b | 5b08 483b | 98f8 0100 | 0075 0d48 | 8380 0002 | 0000 01e9 
  0x0000727bfcf4aba0: 6000 0000 | 483b 9808 | 0200 0075 | 0d48 8380 | 1002 0000 | 01e9 4a00 | 0000 4883 | b8f8 0100 
  0x0000727bfcf4abc0: 0000 7517 | 4889 98f8 | 0100 0048 | c780 0002 | 0000 0100 | 0000 e929 | 0000 0048 | 83b8 0802 
  0x0000727bfcf4abe0: 0000 0075 | 1748 8998 | 0802 0000 | 48c7 8010 | 0200 0001 | 0000 00e9 | 0800 0000 | 4883 80f0 
  0x0000727bfcf4ac00: 0100 0001 | 488b d748 | 8bc6 488b | f048 897c | 2468 0f1f 

  0x0000727bfcf4ac14: ;   {optimized virtual_call}
  0x0000727bfcf4ac14: 4400 00e8 

  0x0000727bfcf4ac18: ; ImmutableOopMap {[72]=Oop [80]=Oop [88]=Oop [104]=Oop }
                      ;*invokevirtual checkAccess {reexecute=0 rethrow=0 return_oop=0}
                      ; - java.lang.reflect.Method::invoke@60
  0x0000727bfcf4ac18: 84d4 ffff 

  0x0000727bfcf4ac1c: ;   {post_call_nop}
  0x0000727bfcf4ac1c: 0f1f 8400 | 9404 0002 | 488b 7424 | 488b 7e48 | 48c1 e703 

  0x0000727bfcf4ac30: ;   {metadata(method data for {method} {0x0000727bd8066808} 'invoke' '(Ljava/lang/Object;[Ljava/lang/Object;)Ljava/lang/Object;' in 'java/lang/reflect/Method')}
  0x0000727bfcf4ac30: 4885 ff48 | bbe0 cbbe | d87b 7200 | 00b8 2002 | 0000 7505 | b830 0200 | 0048 8b14 | 0348 8d52 
  0x0000727bfcf4ac50: 0148 8914 | 030f 852c | 0000 0048 

  0x0000727bfcf4ac5c: ;   {metadata(method data for {method} {0x0000727bd8066808} 'invoke' '(Ljava/lang/Object;[Ljava/lang/Object;)Ljava/lang/Object;' in 'java/lang/reflect/Method')}
  0x0000727bfcf4ac5c: 8bfe 48bb | e0cb bed8 | 7b72 0000 | 4883 8340 | 0200 0001 | 0f1f 8000 

  0x0000727bfcf4ac74: ;   {optimized virtual_call}
  0x0000727bfcf4ac74: 0000 00e8 

  0x0000727bfcf4ac78: ; ImmutableOopMap {[80]=Oop [88]=Oop [104]=Oop }
                      ;*invokevirtual acquireMethodAccessor {reexecute=0 rethrow=0 return_oop=0}
                      ; - java.lang.reflect.Method::invoke@75
  0x0000727bfcf4ac78: cd02 0000 

  0x0000727bfcf4ac7c: ;   {post_call_nop}
  0x0000727bfcf4ac7c: 0f1f 8400 | f404 0003 | 488b f88b | 4424 6085 

  0x0000727bfcf4ac8c: ;   {metadata(method data for {method} {0x0000727bd8066808} 'invoke' '(Ljava/lang/Object;[Ljava/lang/Object;)Ljava/lang/Object;' in 'java/lang/reflect/Method')}
  0x0000727bfcf4ac8c: c048 bae0 | cbbe d87b | 7200 00b9 | 7002 0000 | 7405 b980 | 0200 004c | 8b04 0a4d | 8d40 014c 
  0x0000727bfcf4acac: 8904 0a0f | 84da 0000 | 004c 8b44 | 2468 483b | 0748 8bd7 

  0x0000727bfcf4acc0: ;   {metadata(method data for {method} {0x0000727bd8066808} 'invoke' '(Ljava/lang/Object;[Ljava/lang/Object;)Ljava/lang/Object;' in 'java/lang/reflect/Method')}
  0x0000727bfcf4acc0: 48b9 e0cb | bed8 7b72 | 0000 8b52 | 0848 3b91 | 9802 0000 | 750d 4883 | 81a0 0200 | 0001 e960 
  0x0000727bfcf4ace0: 0000 0048 | 3b91 a802 | 0000 750d | 4883 81b0 | 0200 0001 | e94a 0000 | 0048 83b9 | 9802 0000 
  0x0000727bfcf4ad00: 0075 1748 | 8991 9802 | 0000 48c7 | 81a0 0200 | 0001 0000 | 00e9 2900 | 0000 4883 | b9a8 0200 
  0x0000727bfcf4ad20: 0000 7517 | 4889 91a8 | 0200 0048 | c781 b002 | 0000 0100 | 0000 e908 | 0000 0048 | 8381 9002 
  0x0000727bfcf4ad40: 0000 0148 | 8b54 2450 | 488b 4c24 | 5848 8bf7 | 0f1f 4400 | 0048 b8b0 | 5067 bc7b 

  0x0000727bfcf4ad5c: ;   {virtual_call}
  0x0000727bfcf4ad5c: 7200 00e8 

  0x0000727bfcf4ad60: ; ImmutableOopMap {}
                      ;*invokeinterface invoke {reexecute=0 rethrow=0 return_oop=0}
                      ; - java.lang.reflect.Method::invoke@90
  0x0000727bfcf4ad60: 7c9c 4307 

  0x0000727bfcf4ad64: ;   {post_call_nop}
  0x0000727bfcf4ad64: 0f1f 8400 | dc05 0004 

  0x0000727bfcf4ad6c: ;   {metadata(method data for {method} {0x0000727bd8066808} 'invoke' '(Ljava/lang/Object;[Ljava/lang/Object;)Ljava/lang/Object;' in 'java/lang/reflect/Method')}
  0x0000727bfcf4ad6c: 48ba e0cb | bed8 7b72 | 0000 ff82 | c002 0000 | 4881 c480 | 0000 005d 

  0x0000727bfcf4ad84: ;   {poll_return}
  0x0000727bfcf4ad84: 493b 6728 | 0f87 0d01 | 0000 c348 | 8b4c 2458 | 488b 5424 | 5048 3b07 

  0x0000727bfcf4ad9c: ;   {metadata(method data for {method} {0x0000727bd8066808} 'invoke' '(Ljava/lang/Object;[Ljava/lang/Object;)Ljava/lang/Object;' in 'java/lang/reflect/Method')}
  0x0000727bfcf4ad9c: 488b f748 | bbe0 cbbe | d87b 7200 | 008b 7608 | 483b b3e0 | 0200 0075 | 0d48 8383 | e802 0000 
  0x0000727bfcf4adbc: 01e9 6000 | 0000 483b | b3f0 0200 | 0075 0d48 | 8383 f802 | 0000 01e9 | 4a00 0000 | 4883 bbe0 
  0x0000727bfcf4addc: 0200 0000 | 7517 4889 | b3e0 0200 | 0048 c783 | e802 0000 | 0100 0000 | e929 0000 | 0048 83bb 
  0x0000727bfcf4adfc: f002 0000 | 0075 1748 | 89b3 f002 | 0000 48c7 | 83f8 0200 | 0001 0000 | 00e9 0800 | 0000 4883 
  0x0000727bfcf4ae1c: 83d8 0200 | 0001 488b | f748 b8d8 | 5067 bc7b 

  0x0000727bfcf4ae2c: ;   {virtual_call}
  0x0000727bfcf4ae2c: 7200 00e8 

  0x0000727bfcf4ae30: ; ImmutableOopMap {}
                      ;*invokeinterface invoke {reexecute=0 rethrow=0 return_oop=0}
                      ; - java.lang.reflect.Method::invoke@102
  0x0000727bfcf4ae30: de02 0000 

  0x0000727bfcf4ae34: ;   {post_call_nop}
  0x0000727bfcf4ae34: 0f1f 8400 | ac06 0005 | 4881 c480 | 0000 005d 

  0x0000727bfcf4ae44: ;   {poll_return}
  0x0000727bfcf4ae44: 493b 6728 | 0f87 6800 

  0x0000727bfcf4ae4c: ;   {metadata({method} {0x0000727bd8066808} 'invoke' '(Ljava/lang/Object;[Ljava/lang/Object;)Ljava/lang/Object;' in 'java/lang/reflect/Method')}
  0x0000727bfcf4ae4c: 0000 c349 | ba08 6806 | d87b 7200 | 004c 8954 | 2408 48c7 | 0424 ffff 

  0x0000727bfcf4ae64: ;   {runtime_call C1 Runtime counter_overflow_blob}
  0x0000727bfcf4ae64: ffff e875 

  0x0000727bfcf4ae68: ; ImmutableOopMap {rsi=Oop rdx=Oop rcx=Oop [72]=Oop [80]=Oop }
                      ;*synchronization entry
                      ; - java.lang.reflect.Method::invoke@-1
  0x0000727bfcf4ae68: 8f50 07e9 | 80fa ffff 

  0x0000727bfcf4ae70: ;   {metadata({method} {0x0000727bd8270238} 'isStatic' '(I)Z' in 'java/lang/reflect/Modifier')}
  0x0000727bfcf4ae70: 49ba 3802 | 27d8 7b72 | 0000 4c89 | 5424 0848 | c704 24ff 

  0x0000727bfcf4ae84: ;   {runtime_call C1 Runtime counter_overflow_blob}
  0x0000727bfcf4ae84: ffff ffe8 

  0x0000727bfcf4ae88: ; ImmutableOopMap {rdi=Oop rsi=Oop rcx=Oop [72]=Oop [80]=Oop [88]=Oop }
                      ;*synchronization entry
                      ; - java.lang.reflect.Modifier::isStatic@-1
                      ; - java.lang.reflect.Method::invoke@42
  0x0000727bfcf4ae88: 548f 5007 | e9b4 fbff 

  0x0000727bfcf4ae90: ;   {runtime_call C1 Runtime throw_null_pointer_exception_blob}
  0x0000727bfcf4ae90: ffe8 4a3d 

  0x0000727bfcf4ae94: ; ImmutableOopMap {rdi=Oop rsi=Oop rcx=Oop rdx=Oop [72]=Oop [80]=Oop [88]=Oop }
                      ;*invokevirtual getClass {reexecute=0 rethrow=0 return_oop=0}
                      ; - java.lang.reflect.Method::invoke@53
                      ;   {runtime_call C1 Runtime throw_null_pointer_exception_blob}
  0x0000727bfcf4ae94: 5007 e845 

  0x0000727bfcf4ae98: ; ImmutableOopMap {rdi=Oop r8=Oop [80]=Oop [88]=Oop }
                      ;*invokeinterface invoke {reexecute=0 rethrow=0 return_oop=0}
                      ; - java.lang.reflect.Method::invoke@90
                      ;   {internal_word}
  0x0000727bfcf4ae98: 3d50 0749 | ba84 adf4 | fc7b 7200 | 004d 8997 | 3805 0000 

  0x0000727bfcf4aeac: ;   {runtime_call SafepointBlob}
  0x0000727bfcf4aeac: e9af b943 

  0x0000727bfcf4aeb0: ;   {runtime_call C1 Runtime throw_null_pointer_exception_blob}
  0x0000727bfcf4aeb0: 07e8 2a3d 

  0x0000727bfcf4aeb4: ; ImmutableOopMap {rdx=Oop rcx=Oop rdi=Oop [80]=Oop }
                      ;*invokeinterface invoke {reexecute=0 rethrow=0 return_oop=0}
                      ; - java.lang.reflect.Method::invoke@102
                      ;   {internal_word}
  0x0000727bfcf4aeb4: 5007 49ba | 44ae f4fc | 7b72 0000 | 4d89 9738 

  0x0000727bfcf4aec4: ;   {runtime_call SafepointBlob}
  0x0000727bfcf4aec4: 0500 00e9 | 94b9 4307 | 498b 87e0 | 0500 0049 | c787 e005 | 0000 0000 | 0000 49c7 | 87e8 0500 
  0x0000727bfcf4aee4: 0000 0000 | 0048 81c4 | 8000 0000 

  0x0000727bfcf4aef0: ;   {runtime_call C1 Runtime unwind_exception_blob}
  0x0000727bfcf4aef0: 5de9 ea2d | 5007 f4f4 
[Stub Code]
  0x0000727bfcf4aef8: ;   {other}
  0x0000727bfcf4aef8: 0f1f 4400 

  0x0000727bfcf4aefc: ;   {static_stub}
  0x0000727bfcf4aefc: 0048 bb00 | 0000 0000 

  0x0000727bfcf4af04: ;   {runtime_call nmethod}
  0x0000727bfcf4af04: 0000 00e9 | fbff ffff 

  0x0000727bfcf4af0c: ;   {static_stub}
  0x0000727bfcf4af0c: 9048 bb00 | 0000 0000 

  0x0000727bfcf4af14: ;   {runtime_call nmethod}
  0x0000727bfcf4af14: 0000 00e9 | fbff ffff 

  0x0000727bfcf4af1c: ;   {static_stub}
  0x0000727bfcf4af1c: 48bb 0000 | 0000 0000 

  0x0000727bfcf4af24: ;   {runtime_call nmethod}
  0x0000727bfcf4af24: 0000 e9fb 

  0x0000727bfcf4af28: ;   {static_stub}
  0x0000727bfcf4af28: ffff ff48 | bb00 0000 | 0000 0000 

  0x0000727bfcf4af34: ;   {runtime_call nmethod}
  0x0000727bfcf4af34: 00e9 fbff 

  0x0000727bfcf4af38: ;   {static_stub}
  0x0000727bfcf4af38: ffff 48bb | 0000 0000 | 0000 0000 

  0x0000727bfcf4af44: ;   {runtime_call nmethod}
  0x0000727bfcf4af44: e9fb ffff 

  0x0000727bfcf4af48: ;   {static_stub}
  0x0000727bfcf4af48: ff48 bb20 | 6e06 d87b 

  0x0000727bfcf4af50: ;   {runtime_call I2C/C2I adapters}
  0x0000727bfcf4af50: 7200 00e9 | daac 4307 
[Exception Handler]
  0x0000727bfcf4af58: ;   {runtime_call C1 Runtime handle_exception_from_callee_blob}
  0x0000727bfcf4af58: e883 5a50 

  0x0000727bfcf4af5c: ;   {external_word}
  0x0000727bfcf4af5c: 0748 bf3c | 9757 177c | 7200 0048 

  0x0000727bfcf4af68: ;   {runtime_call MacroAssembler::debug64(char*, long, long*)}
  0x0000727bfcf4af68: 83e4 f0e8 | 5016 001a 

  0x0000727bfcf4af70: ;   {section_word}
  0x0000727bfcf4af70: f449 ba71 | aff4 fc7b | 7200 0041 

  0x0000727bfcf4af7c: ;   {runtime_call DeoptimizationBlob}
  0x0000727bfcf4af7c: 52e9 debb | 4307 f4f4 | f4f4 f4f4 
[/MachCode]


Compiled method (c1) 3918  396       3       java.lang.invoke.DirectMethodHandle$Holder::invokeStatic (15 bytes)
 total in heap  [0x0000727bfce70108,0x0000727bfce70648] = 1344
 main code      [0x0000727bfce70200,0x0000727bfce705f8] = 1016
 stub code      [0x0000727bfce705f8,0x0000727bfce70648] = 80
 mutable data [0x0000727bbc159100,0x0000727bbc159170] = 112
 relocation     [0x0000727bbc159100,0x0000727bbc159160] = 96
 metadata       [0x0000727bbc159160,0x0000727bbc159170] = 16
 immutable data [0x0000727bbc159020,0x0000727bbc1590f0] = 208
 dependencies   [0x0000727bbc159020,0x0000727bbc159028] = 8
 nul chk table  [0x0000727bbc159028,0x0000727bbc159038] = 16
 scopes pcs     [0x0000727bbc159038,0x0000727bbc1590a8] = 112
 scopes data    [0x0000727bbc1590a8,0x0000727bbc1590f0] = 72

[Constant Pool (empty)]

[MachCode]
[Verified Entry Point]
  # {method} {0x0000727bd84643f0} 'invokeStatic' '(Ljava/lang/Object;Ljava/lang/Object;Ljava/lang/Object;)Ljava/lang/Object;' in 'java/lang/invoke/DirectMethodHandle$Holder'
  # parm0:    rsi:rsi   = 'java/lang/Object'
  # parm1:    rdx:rdx   = 'java/lang/Object'
  # parm2:    rcx:rcx   = 'java/lang/Object'
  #           [sp+0x50]  (sp of caller)
  0x0000727bfce70200: e95b d04c | 07fe ff55 | 4883 ec40 | 4181 7f20 | 0500 0000 

  0x0000727bfce70214: ;   {runtime_call Stub::method_entry_barrier}
  0x0000727bfce70214: 7405 e825 

  0x0000727bfce70218: ;   {metadata(method data for {method} {0x0000727bd84643f0} 'invokeStatic' '(Ljava/lang/Object;Ljava/lang/Object;Ljava/lang/Object;)Ljava/lang/Object;' in 'java/lang/invoke/DirectMethodHandle$Holder')}
  0x0000727bfce70218: bd4f 0748 | bf80 ad89 | d87b 7200 | 0048 8dbf | e001 0000 | 4885 f675 | 0cf6 0701 | 7522 f048 
  0x0000727bfce70238: 830f 01eb | 1b8b 5e08 | 4c8b d348 | 331f 48f7 | c3fc ffff | ff74 09f6 | c302 7504 | 4883 0f02 
  0x0000727bfce70258: 4885 d275 | 0ef6 4710 | 0175 25f0 | 4883 4f10 | 01eb 1d8b | 5a08 4c8b | d348 335f | 1048 f7c3 
  0x0000727bfce70278: fcff ffff | 740a f6c3 | 0275 0548 | 834f 1002 

  0x0000727bfce70288: ;   {metadata(method data for {method} {0x0000727bd84643f0} 'invokeStatic' '(Ljava/lang/Object;Ljava/lang/Object;Ljava/lang/Object;)Ljava/lang/Object;' in 'java/lang/invoke/DirectMethodHandle$Holder')}
  0x0000727bfce70288: 48bf 80ad | 89d8 7b72 | 0000 8b9f | 9000 0000 | 83c3 0289 | 9f90 0000 | 0081 e3fe | 0700 0085 
  0x0000727bfce702a8: db0f 84b8 

  0x0000727bfce702ac: ;   {metadata(method data for {method} {0x0000727bd84643f0} 'invokeStatic' '(Ljava/lang/Object;Ljava/lang/Object;Ljava/lang/Object;)Ljava/lang/Object;' in 'java/lang/invoke/DirectMethodHandle$Holder')}
  0x0000727bfce702ac: 0200 0048 | bf80 ad89 | d87b 7200 | 0048 8dbf | e800 0000 | 4885 f675 | 0ef6 4708 | 0175 45f0 
  0x0000727bfce702cc: 4883 4f08 | 01eb 3d8b | 5e08 4c8b | d348 335f | 0848 f7c3 | fcff ffff | 742a f6c3 | 0275 2548 
  0x0000727bfce702ec: f747 08fe | ffff ff74 | 1749 8bda | 4833 5f08 | 48f7 c3fc | ffff ff74 | 0b48 834f | 0802 eb04 
  0x0000727bfce7030c: 4889 5f08 

  0x0000727bfce70310: ;   {metadata(method data for {method} {0x0000727bd84643f0} 'invokeStatic' '(Ljava/lang/Object;Ljava/lang/Object;Ljava/lang/Object;)Ljava/lang/Object;' in 'java/lang/invoke/DirectMethodHandle$Holder')}
  0x0000727bfce70310: 48bf 80ad | 89d8 7b72 | 0000 4883 | 87d8 0000 

  0x0000727bfce70320: ;   {metadata(method data for {method} {0x0000727bd8079a70} 'internalMemberName' '(Ljava/lang/Object;)Ljava/lang/Object;' in 'java/lang/invoke/DirectMethodHandle')}
  0x0000727bfce70320: 0001 48bf | 484f 88d8 | 7b72 0000 | 8b9f 9000 | 0000 83c3 | 0289 9f90 | 0000 0081 | e3fe ff1f 
  0x0000727bfce70340: 0085 db0f | 843f 0200 | 0048 85f6 

  0x0000727bfce7034c: ;   {metadata(method data for {method} {0x0000727bd8079a70} 'internalMemberName' '(Ljava/lang/Object;)Ljava/lang/Object;' in 'java/lang/invoke/DirectMethodHandle')}
  0x0000727bfce7034c: 48bb 484f | 88d8 7b72 | 0000 750c | 808b d100 | 0000 01e9 | 9500 0000 | 8b46 0848 | 3b83 e000 
  0x0000727bfce7036c: 0000 750d | 4883 83e8 | 0000 0001 | e960 0000 | 0048 3b83 | f000 0000 | 750d 4883 | 83f8 0000 
  0x0000727bfce7038c: 0001 e94a | 0000 0048 | 83bb e000 | 0000 0075 | 1748 8983 | e000 0000 | 48c7 83e8 | 0000 0001 
  0x0000727bfce703ac: 0000 00e9 | 2900 0000 | 4883 bbf0 | 0000 0000 | 7517 4889 | 83f0 0000 | 0048 c783 | f800 0000 
  0x0000727bfce703cc: 0100 0000 | e908 0000 | 0048 8383 | d800 0000 

  0x0000727bfce703dc: ;   {metadata('java/lang/invoke/DirectMethodHandle')}
  0x0000727bfce703dc: 0148 b850 | cb00 ad00 | 0000 008b | 5e08 483b | 4340 0f85 | b501 0000 | e900 0000 | 008b 7e20 
  0x0000727bfce703fc: 48c1 e703 

  0x0000727bfce70400: ;   {metadata(method data for {method} {0x0000727bd84643f0} 'invokeStatic' '(Ljava/lang/Object;Ljava/lang/Object;Ljava/lang/Object;)Ljava/lang/Object;' in 'java/lang/invoke/DirectMethodHandle$Holder')}
  0x0000727bfce70400: 48be 80ad | 89d8 7b72 | 0000 488d | b6f8 0000 | 0048 85ff | 750c f606 | 0175 46f0 | 4883 0e01 
  0x0000727bfce70420: ;   {metadata('java/lang/invoke/MemberName')}
  0x0000727bfce70420: eb3f 48bb | 90d1 00ad | 0000 0000 | 4c8b d348 | 331e 48f7 | c3fc ffff | ff74 26f6 | c302 7521 
  0x0000727bfce70440: 48f7 06fe | ffff ff74 | 1549 8bda | 4833 1e48 | f7c3 fcff | ffff 7409 | 4883 0e02 | eb03 4889 
  0x0000727bfce70460: ;   {metadata(method data for {method} {0x0000727bd84643f0} 'invokeStatic' '(Ljava/lang/Object;Ljava/lang/Object;Ljava/lang/Object;)Ljava/lang/Object;' in 'java/lang/invoke/DirectMethodHandle$Holder')}
  0x0000727bfce70460: 1e48 be80 | ad89 d87b | 7200 0048 | 8db6 4801 | 0000 4885 | d275 0ef6 | 4608 0175 | 25f0 4883 
  0x0000727bfce70480: 4e08 01eb | 1d8b 5a08 | 4c8b d348 | 335e 0848 | f7c3 fcff | ffff 740a | f6c3 0275 | 0548 834e 
  0x0000727bfce704a0: 0802 4885 | c975 0ef6 | 4618 0175 | 25f0 4883 | 4e18 01eb | 1d8b 5908 | 4c8b d348 | 335e 1848 
  0x0000727bfce704c0: f7c3 fcff | ffff 740a | f6c3 0275 | 0548 834e 

  0x0000727bfce704d0: ;   {metadata(method data for {method} {0x0000727bd84643f0} 'invokeStatic' '(Ljava/lang/Object;Ljava/lang/Object;Ljava/lang/Object;)Ljava/lang/Object;' in 'java/lang/invoke/DirectMethodHandle$Holder')}
  0x0000727bfce704d0: 1802 48be | 80ad 89d8 | 7b72 0000 | 4883 8638 | 0100 0001 | 488b f248 | 8bd1 488b 

  0x0000727bfce704ec: ;   {static_call}
  0x0000727bfce704ec: cf66 90e8 

  0x0000727bfce704f0: ; ImmutableOopMap {}
                      ;*invokestatic linkToStatic {reexecute=0 rethrow=0 return_oop=0}
                      ; - java.lang.invoke.DirectMethodHandle$Holder::invokeStatic@11
  0x0000727bfce704f0: 8cbf a507 

  0x0000727bfce704f4: ;   {post_call_nop}
  0x0000727bfce704f4: 0f1f 8400 | ec03 0000 

  0x0000727bfce704fc: ;   {metadata(method data for {method} {0x0000727bd84643f0} 'invokeStatic' '(Ljava/lang/Object;Ljava/lang/Object;Ljava/lang/Object;)Ljava/lang/Object;' in 'java/lang/invoke/DirectMethodHandle$Holder')}
  0x0000727bfce704fc: 48be 80ad | 89d8 7b72 | 0000 488d | b668 0100 | 0048 85c0 | 750c f606 | 0175 40f0 | 4883 0e01 
  0x0000727bfce7051c: eb39 8b78 | 084c 8bd7 | 4833 3e48 | f7c7 fcff | ffff 7427 | 40f6 c702 | 7521 48f7 | 06fe ffff 
  0x0000727bfce7053c: ff74 1549 | 8bfa 4833 | 3e48 f7c7 | fcff ffff | 7409 4883 | 0e02 eb03 | 4889 3e48 | 83c4 405d 
  0x0000727bfce7055c: ;   {poll_return}
  0x0000727bfce7055c: 493b 6728 | 0f87 5100 

  0x0000727bfce70564: ;   {metadata({method} {0x0000727bd84643f0} 'invokeStatic' '(Ljava/lang/Object;Ljava/lang/Object;Ljava/lang/Object;)Ljava/lang/Object;' in 'java/lang/invoke/DirectMethodHandle$Holder')}
  0x0000727bfce70564: 0000 c349 | baf0 4346 | d87b 7200 | 004c 8954 | 2408 48c7 | 0424 ffff 

  0x0000727bfce7057c: ;   {runtime_call C1 Runtime counter_overflow_blob}
  0x0000727bfce7057c: ffff e85d 

  0x0000727bfce70580: ; ImmutableOopMap {rsi=Oop rdx=Oop rcx=Oop }
                      ;*synchronization entry
                      ; - java.lang.invoke.DirectMethodHandle$Holder::invokeStatic@-1
  0x0000727bfce70580: 385e 07e9 | 27fd ffff 

  0x0000727bfce70588: ;   {metadata({method} {0x0000727bd8079a70} 'internalMemberName' '(Ljava/lang/Object;)Ljava/lang/Object;' in 'java/lang/invoke/DirectMethodHandle')}
  0x0000727bfce70588: 49ba 709a | 07d8 7b72 | 0000 4c89 | 5424 0848 | c704 24ff 

  0x0000727bfce7059c: ;   {runtime_call C1 Runtime counter_overflow_blob}
  0x0000727bfce7059c: ffff ffe8 

  0x0000727bfce705a0: ; ImmutableOopMap {rsi=Oop rdx=Oop rcx=Oop }
                      ;*synchronization entry
                      ; - java.lang.invoke.DirectMethodHandle::internalMemberName@-1
                      ; - java.lang.invoke.DirectMethodHandle$Holder::invokeStatic@1
  0x0000727bfce705a0: 3c38 5e07 | e9a0 fdff | ff48 8934 

  0x0000727bfce705ac: ;   {runtime_call C1 Runtime throw_class_cast_exception_blob}
  0x0000727bfce705ac: 24e8 2e0a 

  0x0000727bfce705b0: ; ImmutableOopMap {rdx=Oop rcx=Oop }
                      ;*checkcast {reexecute=0 rethrow=0 return_oop=0}
                      ; - java.lang.invoke.DirectMethodHandle::internalMemberName@1
                      ; - java.lang.invoke.DirectMethodHandle$Holder::invokeStatic@1
                      ;   {runtime_call C1 Runtime throw_null_pointer_exception_blob}
  0x0000727bfce705b0: 5e07 e829 

  0x0000727bfce705b4: ; ImmutableOopMap {rdx=Oop rcx=Oop }
                      ;*getfield member {reexecute=1 rethrow=0 return_oop=0}
                      ; - (reexecute) java.lang.invoke.DirectMethodHandle::internalMemberName@4
                      ; - java.lang.invoke.DirectMethodHandle$Holder::invokeStatic@1
                      ;   {internal_word}
  0x0000727bfce705b4: e65d 0749 | ba5c 05e7 | fc7b 7200 | 004d 8997 | 3805 0000 

  0x0000727bfce705c8: ;   {runtime_call SafepointBlob}
  0x0000727bfce705c8: e993 6251 | 0749 8b87 | e005 0000 | 49c7 87e0 | 0500 0000 | 0000 0049 | c787 e805 | 0000 0000 
  0x0000727bfce705e8: 0000 4883 

  0x0000727bfce705ec: ;   {runtime_call C1 Runtime unwind_exception_blob}
  0x0000727bfce705ec: c440 5de9 | ecd6 5d07 | f4f4 f4f4 
[Stub Code]
  0x0000727bfce705f8: ;   {static_stub}
  0x0000727bfce705f8: 48bb 0000 | 0000 0000 

  0x0000727bfce70600: ;   {runtime_call nmethod}
  0x0000727bfce70600: 0000 e9fb 

  0x0000727bfce70604: ;   {runtime_call C1 Runtime handle_exception_from_callee_blob}
  0x0000727bfce70604: ffff ffe8 | d403 5e07 

  0x0000727bfce7060c: ;   {external_word}
  0x0000727bfce7060c: 48bf 3c97 | 5717 7c72 | 0000 4883 

  0x0000727bfce70618: ;   {runtime_call MacroAssembler::debug64(char*, long, long*)}
  0x0000727bfce70618: e4f0 e8a1 | bf0d 1af4 
[Deopt Handler Code]
  0x0000727bfce70620: ;   {section_word}
  0x0000727bfce70620: 49ba 2006 | e7fc 7b72 | 0000 4152 

  0x0000727bfce7062c: ;   {runtime_call DeoptimizationBlob}
  0x0000727bfce7062c: e92f 6551 

  0x0000727bfce70630: ;   {section_word}
  0x0000727bfce70630: 0749 ba31 | 06e7 fc7b | 7200 0041 

  0x0000727bfce7063c: ;   {runtime_call DeoptimizationBlob}
  0x0000727bfce7063c: 52e9 1e65 | 5107 f4f4 | f4f4 f4f4 
[/MachCode]


---------------  P R O C E S S  ---------------

Threads class SMR info:
_java_thread_list=0x0000727af0009110, length=42, elements={
0x0000727c1002b850, 0x0000727c1017c240, 0x0000727c1017d9f0, 0x0000727c1017f420,
0x0000727c10180c70, 0x0000727c10182420, 0x0000727c10184150, 0x0000727c10185a70,
0x0000727c102101a0, 0x0000727c10212f80, 0x0000727bb8205920, 0x0000727c10829490,
0x0000727b88001730, 0x0000727c1082b150, 0x0000727c1082bc70, 0x0000727c1082d1d0,
0x0000727c1082e950, 0x0000727c10865e00, 0x0000727c10685ca0, 0x0000727c105ecbf0,
0x0000727c105f9790, 0x0000727b60005230, 0x0000727b64000f30, 0x0000727bbc6fb660,
0x0000727c10a16cd0, 0x0000727b6c021f40, 0x0000727b6c445010, 0x0000727c10b5c9f0,
0x0000727b68049630, 0x0000727c1077e4f0, 0x0000727c10a2e8d0, 0x0000727c10a2fc00,
0x0000727c10bc0d50, 0x0000727b2001f100, 0x0000727b20020590, 0x0000727b20021cc0,
0x0000727c10e09070, 0x0000727c10732010, 0x0000727c110049c0, 0x0000727c110dd5b0,
0x0000727af0005900, 0x0000727af0007d80
}

Java Threads: ( => current thread )
=>0x0000727c1002b850 JavaThread "main"                              [_thread_in_native, id=11250, stack(0x0000727c17a17000,0x0000727c17b17000) (1024K)]
  0x0000727c1017c240 JavaThread "Reference Handler"          daemon [_thread_blocked, id=11258, stack(0x0000727bf8300000,0x0000727bf8400000) (1024K)]
  0x0000727c1017d9f0 JavaThread "Finalizer"                  daemon [_thread_blocked, id=11259, stack(0x0000727bf8200000,0x0000727bf8300000) (1024K)]
  0x0000727c1017f420 JavaThread "Signal Dispatcher"          daemon [_thread_blocked, id=11260, stack(0x0000727bf8100000,0x0000727bf8200000) (1024K)]
  0x0000727c10180c70 JavaThread "Service Thread"             daemon [_thread_blocked, id=11261, stack(0x0000727bf8000000,0x0000727bf8100000) (1024K)]
  0x0000727c10182420 JavaThread "Monitor Deflation Thread"   daemon [_thread_blocked, id=11262, stack(0x0000727be9f00000,0x0000727bea000000) (1024K)]
  0x0000727c10184150 JavaThread "C2 CompilerThread0"         daemon [_thread_in_native, id=11263, stack(0x0000727be9e00000,0x0000727be9f00000) (1024K)]
  0x0000727c10185a70 JavaThread "C1 CompilerThread0"         daemon [_thread_blocked, id=11264, stack(0x0000727be9d00000,0x0000727be9e00000) (1024K)]
  0x0000727c102101a0 JavaThread "Notification Thread"        daemon [_thread_blocked, id=11265, stack(0x0000727be9c00000,0x0000727be9d00000) (1024K)]
  0x0000727c10212f80 JavaThread "Common-Cleaner"             daemon [_thread_blocked, id=11266, stack(0x0000727be9b00000,0x0000727be9c00000) (1024K)]
  0x0000727bb8205920 JavaThread "C2 CompilerThread1"         daemon [_thread_blocked, id=11273, stack(0x0000727bac65a000,0x0000727bac75a000) (1024K)]
  0x0000727c10829490 JavaThread "Equinox resolver thread - Equinox Container: 9d153702-6efe-4355-bc3f-0f77ea48760e" daemon [_thread_blocked, id=11274, stack(0x0000727bac55a000,0x0000727bac65a000) (1024K)]
  0x0000727b88001730 JavaThread "Equinox resolver thread - Equinox Container: 9d153702-6efe-4355-bc3f-0f77ea48760e" daemon [_thread_blocked, id=11275, stack(0x0000727bac45a000,0x0000727bac55a000) (1024K)]
  0x0000727c1082b150 JavaThread "Equinox resolver thread - Equinox Container: 9d153702-6efe-4355-bc3f-0f77ea48760e" daemon [_thread_blocked, id=11276, stack(0x0000727bac35a000,0x0000727bac45a000) (1024K)]
  0x0000727c1082bc70 JavaThread "Equinox resolver thread - Equinox Container: 9d153702-6efe-4355-bc3f-0f77ea48760e" daemon [_thread_blocked, id=11277, stack(0x0000727bac25a000,0x0000727bac35a000) (1024K)]
  0x0000727c1082d1d0 JavaThread "Equinox resolver thread - Equinox Container: 9d153702-6efe-4355-bc3f-0f77ea48760e" daemon [_thread_blocked, id=11278, stack(0x0000727bac15a000,0x0000727bac25a000) (1024K)]
  0x0000727c1082e950 JavaThread "Equinox resolver thread - Equinox Container: 9d153702-6efe-4355-bc3f-0f77ea48760e" daemon [_thread_blocked, id=11279, stack(0x0000727bac05a000,0x0000727bac15a000) (1024K)]
  0x0000727c10865e00 JavaThread "Active Thread: Equinox Container: 9d153702-6efe-4355-bc3f-0f77ea48760e"        [_thread_blocked, id=11280, stack(0x0000727b77f00000,0x0000727b78000000) (1024K)]
  0x0000727c10685ca0 JavaThread "Framework Event Dispatcher: Equinox Container: 9d153702-6efe-4355-bc3f-0f77ea48760e" daemon [_thread_blocked, id=11281, stack(0x0000727b77e00000,0x0000727b77f00000) (1024K)]
  0x0000727c105ecbf0 JavaThread "Start Level: Equinox Container: 9d153702-6efe-4355-bc3f-0f77ea48760e" daemon [_thread_blocked, id=11282, stack(0x0000727b77d00000,0x0000727b77e00000) (1024K)]
  0x0000727c105f9790 JavaThread "Refresh Thread: Equinox Container: 9d153702-6efe-4355-bc3f-0f77ea48760e" daemon [_thread_blocked, id=11283, stack(0x0000727b77c00000,0x0000727b77d00000) (1024K)]
  0x0000727b60005230 JavaThread "Equinox resolver thread - Equinox Container: 9d153702-6efe-4355-bc3f-0f77ea48760e" daemon [_thread_blocked, id=11284, stack(0x0000727b77b00000,0x0000727b77c00000) (1024K)]
  0x0000727b64000f30 JavaThread "Equinox resolver thread - Equinox Container: 9d153702-6efe-4355-bc3f-0f77ea48760e" daemon [_thread_blocked, id=11285, stack(0x0000727b77a00000,0x0000727b77b00000) (1024K)]
  0x0000727bbc6fb660 JavaThread "C2 CompilerThread2"         daemon [_thread_blocked, id=11286, stack(0x0000727b77900000,0x0000727b77a00000) (1024K)]
  0x0000727c10a16cd0 JavaThread "Bundle File Closer"         daemon [_thread_blocked, id=11294, stack(0x0000727b770f9000,0x0000727b771f9000) (1024K)]
  0x0000727b6c021f40 JavaThread "SCR Component Actor"        daemon [_thread_blocked, id=11297, stack(0x0000727b76ff9000,0x0000727b770f9000) (1024K)]
  0x0000727b6c445010 JavaThread "EMF Reference Cleaner"      daemon [_thread_blocked, id=11299, stack(0x0000727b76df8000,0x0000727b76ef8000) (1024K)]
  0x0000727c10b5c9f0 JavaThread "Gogo shell"                        [_thread_blocked, id=11300, stack(0x0000727b76cf8000,0x0000727b76df8000) (1024K)]
  0x0000727b68049630 JavaThread "Worker-JM"                         [_thread_blocked, id=11303, stack(0x0000727b76af8000,0x0000727b76bf8000) (1024K)]
  0x0000727c1077e4f0 JavaThread "Worker-0"                          [_thread_blocked, id=11304, stack(0x0000727b76bf8000,0x0000727b76cf8000) (1024K)]
  0x0000727c10a2e8d0 JavaThread "Java2D Disposer"            daemon [_thread_blocked, id=11305, stack(0x0000727b76509000,0x0000727b76609000) (1024K)]
  0x0000727c10a2fc00 JavaThread "AWT-XAWT"                   daemon [_thread_in_native, id=11306, stack(0x0000727b76409000,0x0000727b76509000) (1024K)]
  0x0000727c10bc0d50 JavaThread "Database navigator events processor"        [_thread_blocked, id=11307, stack(0x0000727b76309000,0x0000727b76409000) (1024K)]
  0x0000727b2001f100 JavaThread "Worker-2"                          [_thread_blocked, id=11308, stack(0x0000727b76209000,0x0000727b76309000) (1024K)]
  0x0000727b20020590 JavaThread "Worker-3"                          [_thread_blocked, id=11310, stack(0x0000727b74df8000,0x0000727b74ef8000) (1024K)]
  0x0000727b20021cc0 JavaThread "Worker-4"                          [_thread_blocked, id=11311, stack(0x0000727b74cf8000,0x0000727b74df8000) (1024K)]
  0x0000727c10e09070 JavaThread "idle-timeout-task"          daemon [_thread_blocked, id=11312, stack(0x0000727b74bf8000,0x0000727b74cf8000) (1024K)]
  0x0000727c10732010 JavaThread "HTTP-Dispatcher"                   [_thread_in_native, id=11313, stack(0x0000727b74af8000,0x0000727b74bf8000) (1024K)]
  0x0000727c110049c0 JavaThread "SWTResourceTracker"         daemon [_thread_blocked, id=11314, stack(0x0000727b749f8000,0x0000727b74af8000) (1024K)]
  0x0000727c110dd5b0 JavaThread "EventAdmin Async Event Dispatcher Thread" daemon [_thread_blocked, id=11316, stack(0x0000727b74848000,0x0000727b74948000) (1024K)]
  0x0000727af0005900 JavaThread "pool-2-thread-1"                   [_thread_blocked, id=11317, stack(0x0000727b74748000,0x0000727b74848000) (1024K)]
  0x0000727af0007d80 JavaThread "pool-3-thread-1"                   [_thread_blocked, id=11318, stack(0x0000727b74648000,0x0000727b74748000) (1024K)]
Total: 42

Other Threads:
  0x0000727c101463e0 VMThread "VM Thread"                           [id=11257, stack(0x0000727bf87c7000,0x0000727bf88c7000) (1024K)]
  0x0000727c10109e30 WatcherThread "VM Periodic Task Thread"        [id=11256, stack(0x0000727bf88c8000,0x0000727bf89c8000) (1024K)]
  0x0000727c1009a8d0 WorkerThread "GC Thread#0"                     [id=11251, stack(0x0000727c146f1000,0x0000727c147f1000) (1024K)]
  0x0000727bd0007db0 WorkerThread "GC Thread#1"                     [id=11287, stack(0x0000727b77800000,0x0000727b77900000) (1024K)]
  0x0000727bd0008930 WorkerThread "GC Thread#2"                     [id=11288, stack(0x0000727b776ff000,0x0000727b777ff000) (1024K)]
  0x0000727bd00096b0 WorkerThread "GC Thread#3"                     [id=11289, stack(0x0000727b775fe000,0x0000727b776fe000) (1024K)]
  0x0000727bd000a430 WorkerThread "GC Thread#4"                     [id=11290, stack(0x0000727b774fd000,0x0000727b775fd000) (1024K)]
  0x0000727bd000b1f0 WorkerThread "GC Thread#5"                     [id=11291, stack(0x0000727b773fc000,0x0000727b774fc000) (1024K)]
  0x0000727bd0014540 WorkerThread "GC Thread#6"                     [id=11292, stack(0x0000727b772fb000,0x0000727b773fb000) (1024K)]
  0x0000727bd0015230 WorkerThread "GC Thread#7"                     [id=11293, stack(0x0000727b771fa000,0x0000727b772fa000) (1024K)]
  0x0000727c100b35c0 ConcurrentGCThread "G1 Main Marker"            [id=11252, stack(0x0000727c145f0000,0x0000727c146f0000) (1024K)]
  0x0000727c100b46c0 WorkerThread "G1 Conc#0"                       [id=11253, stack(0x0000727c144ef000,0x0000727c145ef000) (1024K)]
  0x0000727bec000cd0 WorkerThread "G1 Conc#1"                       [id=11298, stack(0x0000727b76ef9000,0x0000727b76ff9000) (1024K)]
  0x0000727c100fb650 ConcurrentGCThread "G1 Refine#0"               [id=11254, stack(0x0000727bf8aca000,0x0000727bf8bca000) (1024K)]
  0x0000727c100fc840 ConcurrentGCThread "G1 Service"                [id=11255, stack(0x0000727bf89c9000,0x0000727bf8ac9000) (1024K)]
Total: 15

Threads with active compile tasks:
C2 CompilerThread0  3937 7106       4       java.lang.invoke.DirectMethodHandle::make (21 bytes)
Total: 1

VM state: not at safepoint (normal execution)

VM Mutex/Monitor currently owned by a thread: None

Heap address: 0x0000000707400000, size: 3980 MB, Compressed Oops mode: Zero based, Oop shift amount: 3

CDS archive(s) not mapped
Compressed class space mapped at: 0x00000000ad000000-0x00000000ed000000, reserved size: 1073741824
UseCompressedClassPointers 1, UseCompactObjectHeaders 0
Narrow klass pointer bits 32, Max shift 3
Narrow klass base: 0x0000000000000000, Narrow klass shift: 0
Encoding Range: [0x0000000000000000 - 0x0000000100000000), (4294967296 bytes)
Klass Range:    [0x00000000ad000000 - 0x00000000ed000000), (1073741824 bytes)
Klass ID Range:  [2902458368 - 3976200185) (1073741817)
No protection zone.

GC Precious Log:
 CardTable entry size: 512
 Card Set container configuration: InlinePtr #cards 4 size 8 Array Of Cards #cards 16 size 48 Howl #buckets 8 coarsen threshold 3686 Howl Bitmap #cards 512 size 80 coarsen threshold 460 Card regions per heap region 1 cards per card region 4096
 CPUs: 8 total, 8 available
 Memory: 15914M
 Large Page Support: Disabled
 NUMA Support: Disabled
 Compressed Oops: Enabled (Zero based)
 Heap Region Size: 2M
 Heap Min Capacity: 8M
 Heap Initial Capacity: 250M
 Heap Max Capacity: 3980M
 Pre-touch: Disabled
 Parallel Workers: 8
 Concurrent Workers: 2
 Concurrent Refinement Workers: 8
 Periodic GC: Disabled

Heap:
 garbage-first heap   total reserved 4075520K, committed 131072K, used 53027K [0x0000000707400000, 0x0000000800000000)
  region size 2048K, 9 young (18432K), 5 survivors (10240K)

Heap Regions: E=young(eden), S=young(survivor), O=old, HS=humongous(starts), HC=humongous(continues), CS=collection set, F=free, TAMS=top-at-mark-start, PB=parsable bottom
|   0|0x0000000707400000, 0x0000000707600000, 0x0000000707600000|100%| O|  |TAMS 0x0000000707400000| PB 0x0000000707400000| Untracked |  0
|   1|0x0000000707600000, 0x00000007077b99b8, 0x0000000707800000| 86%| O|  |TAMS 0x0000000707600000| PB 0x0000000707600000| Untracked |  0
|   2|0x0000000707800000, 0x0000000707800000, 0x0000000707a00000|  0%| F|  |TAMS 0x0000000707800000| PB 0x0000000707800000| Untracked |  0
|   3|0x0000000707a00000, 0x0000000707a00000, 0x0000000707c00000|  0%| F|  |TAMS 0x0000000707a00000| PB 0x0000000707a00000| Untracked |  0
|   4|0x0000000707c00000, 0x0000000707e00000, 0x0000000707e00000|100%| S|CS|TAMS 0x0000000707c00000| PB 0x0000000707c00000| Complete |  0
|   5|0x0000000707e00000, 0x0000000708000000, 0x0000000708000000|100%| S|CS|TAMS 0x0000000707e00000| PB 0x0000000707e00000| Complete |  0
|   6|0x0000000708000000, 0x0000000708200000, 0x0000000708200000|100%| S|CS|TAMS 0x0000000708000000| PB 0x0000000708000000| Complete |  0
|   7|0x0000000708200000, 0x0000000708400000, 0x0000000708400000|100%| S|CS|TAMS 0x0000000708200000| PB 0x0000000708200000| Complete |  0
|   8|0x0000000708400000, 0x0000000708600000, 0x0000000708600000|100%| S|CS|TAMS 0x0000000708400000| PB 0x0000000708400000| Complete |  0
|   9|0x0000000708600000, 0x0000000708600000, 0x0000000708800000|  0%| F|  |TAMS 0x0000000708600000| PB 0x0000000708600000| Untracked |  0
|  10|0x0000000708800000, 0x0000000708800000, 0x0000000708a00000|  0%| F|  |TAMS 0x0000000708800000| PB 0x0000000708800000| Untracked |  0
|  11|0x0000000708a00000, 0x0000000708a00000, 0x0000000708c00000|  0%| F|  |TAMS 0x0000000708a00000| PB 0x0000000708a00000| Untracked |  0
|  12|0x0000000708c00000, 0x0000000708c00000, 0x0000000708e00000|  0%| F|  |TAMS 0x0000000708c00000| PB 0x0000000708c00000| Untracked |  0
|  13|0x0000000708e00000, 0x0000000708e00000, 0x0000000709000000|  0%| F|  |TAMS 0x0000000708e00000| PB 0x0000000708e00000| Untracked |  0
|  14|0x0000000709000000, 0x0000000709000000, 0x0000000709200000|  0%| F|  |TAMS 0x0000000709000000| PB 0x0000000709000000| Untracked |  0
|  15|0x0000000709200000, 0x0000000709400000, 0x0000000709400000|100%| O|  |TAMS 0x0000000709200000| PB 0x0000000709200000| Untracked |  0
|  16|0x0000000709400000, 0x0000000709600000, 0x0000000709600000|100%| O|  |TAMS 0x0000000709400000| PB 0x0000000709400000| Untracked |  0
|  17|0x0000000709600000, 0x0000000709800000, 0x0000000709800000|100%| O|  |TAMS 0x0000000709600000| PB 0x0000000709600000| Untracked |  0
|  18|0x0000000709800000, 0x0000000709a00000, 0x0000000709a00000|100%| O|  |TAMS 0x0000000709800000| PB 0x0000000709800000| Untracked |  0
|  19|0x0000000709a00000, 0x0000000709c00000, 0x0000000709c00000|100%| O|  |TAMS 0x0000000709a00000| PB 0x0000000709a00000| Untracked |  0
|  20|0x0000000709c00000, 0x0000000709c00000, 0x0000000709e00000|  0%| F|  |TAMS 0x0000000709c00000| PB 0x0000000709c00000| Untracked |  0
|  21|0x0000000709e00000, 0x000000070a000000, 0x000000070a000000|100%| O|  |TAMS 0x0000000709e00000| PB 0x0000000709e00000| Untracked |  0
|  22|0x000000070a000000, 0x000000070a200000, 0x000000070a200000|100%| O|  |TAMS 0x000000070a000000| PB 0x000000070a000000| Untracked |  0
|  23|0x000000070a200000, 0x000000070a400000, 0x000000070a400000|100%| O|  |TAMS 0x000000070a200000| PB 0x000000070a200000| Untracked |  0
|  24|0x000000070a400000, 0x000000070a600000, 0x000000070a600000|100%| O|Cm|TAMS 0x000000070a400000| PB 0x000000070a400000| Complete |  0
|  25|0x000000070a600000, 0x000000070a800000, 0x000000070a800000|100%| O|  |TAMS 0x000000070a600000| PB 0x000000070a600000| Untracked |  0
|  26|0x000000070a800000, 0x000000070aa00000, 0x000000070aa00000|100%| O|  |TAMS 0x000000070a800000| PB 0x000000070a800000| Untracked |  0
|  27|0x000000070aa00000, 0x000000070ab88180, 0x000000070ac00000| 76%| O|Cm|TAMS 0x000000070aa00000| PB 0x000000070aa00000| Complete |  0
|  28|0x000000070ac00000, 0x000000070ae00000, 0x000000070ae00000|100%| O|  |TAMS 0x000000070ac00000| PB 0x000000070ac00000| Untracked |  0
|  29|0x000000070ae00000, 0x000000070b000000, 0x000000070b000000|100%| O|  |TAMS 0x000000070ae00000| PB 0x000000070ae00000| Untracked |  0
|  30|0x000000070b000000, 0x000000070b200000, 0x000000070b200000|100%| O|  |TAMS 0x000000070b000000| PB 0x000000070b000000| Untracked |  0
|  31|0x000000070b200000, 0x000000070b400000, 0x000000070b400000|100%| O|  |TAMS 0x000000070b200000| PB 0x000000070b200000| Untracked |  0
|  32|0x000000070b400000, 0x000000070b487338, 0x000000070b600000| 26%| O|  |TAMS 0x000000070b400000| PB 0x000000070b400000| Untracked |  0
|  33|0x000000070b600000, 0x000000070b600000, 0x000000070b800000|  0%| F|  |TAMS 0x000000070b600000| PB 0x000000070b600000| Untracked |  0
|  34|0x000000070b800000, 0x000000070b800000, 0x000000070ba00000|  0%| F|  |TAMS 0x000000070b800000| PB 0x000000070b800000| Untracked |  0
|  35|0x000000070ba00000, 0x000000070ba00000, 0x000000070bc00000|  0%| F|  |TAMS 0x000000070ba00000| PB 0x000000070ba00000| Untracked |  0
|  36|0x000000070bc00000, 0x000000070bc00000, 0x000000070be00000|  0%| F|  |TAMS 0x000000070bc00000| PB 0x000000070bc00000| Untracked |  0
|  37|0x000000070be00000, 0x000000070be00000, 0x000000070c000000|  0%| F|  |TAMS 0x000000070be00000| PB 0x000000070be00000| Untracked |  0
|  38|0x000000070c000000, 0x000000070c000000, 0x000000070c200000|  0%| F|  |TAMS 0x000000070c000000| PB 0x000000070c000000| Untracked |  0
|  39|0x000000070c200000, 0x000000070c200000, 0x000000070c400000|  0%| F|  |TAMS 0x000000070c200000| PB 0x000000070c200000| Untracked |  0
|  40|0x000000070c400000, 0x000000070c400000, 0x000000070c600000|  0%| F|  |TAMS 0x000000070c400000| PB 0x000000070c400000| Untracked |  0
|  41|0x000000070c600000, 0x000000070c600000, 0x000000070c800000|  0%| F|  |TAMS 0x000000070c600000| PB 0x000000070c600000| Untracked |  0
|  42|0x000000070c800000, 0x000000070c800000, 0x000000070ca00000|  0%| F|  |TAMS 0x000000070c800000| PB 0x000000070c800000| Untracked |  0
|  43|0x000000070ca00000, 0x000000070ca00000, 0x000000070cc00000|  0%| F|  |TAMS 0x000000070ca00000| PB 0x000000070ca00000| Untracked |  0
|  44|0x000000070cc00000, 0x000000070cc00000, 0x000000070ce00000|  0%| F|  |TAMS 0x000000070cc00000| PB 0x000000070cc00000| Untracked |  0
|  45|0x000000070ce00000, 0x000000070ce00000, 0x000000070d000000|  0%| F|  |TAMS 0x000000070ce00000| PB 0x000000070ce00000| Untracked |  0
|  46|0x000000070d000000, 0x000000070d000000, 0x000000070d200000|  0%| F|  |TAMS 0x000000070d000000| PB 0x000000070d000000| Untracked |  0
|  47|0x000000070d200000, 0x000000070d200000, 0x000000070d400000|  0%| F|  |TAMS 0x000000070d200000| PB 0x000000070d200000| Untracked |  0
|  48|0x000000070d400000, 0x000000070d400000, 0x000000070d600000|  0%| F|  |TAMS 0x000000070d400000| PB 0x000000070d400000| Untracked |  0
|  49|0x000000070d600000, 0x000000070d600000, 0x000000070d800000|  0%| F|  |TAMS 0x000000070d600000| PB 0x000000070d600000| Untracked |  0
|  50|0x000000070d800000, 0x000000070d800000, 0x000000070da00000|  0%| F|  |TAMS 0x000000070d800000| PB 0x000000070d800000| Untracked |  0
|  51|0x000000070da00000, 0x000000070da00000, 0x000000070dc00000|  0%| F|  |TAMS 0x000000070da00000| PB 0x000000070da00000| Untracked |  0
|  52|0x000000070dc00000, 0x000000070dc00000, 0x000000070de00000|  0%| F|  |TAMS 0x000000070dc00000| PB 0x000000070dc00000| Untracked |  0
|  53|0x000000070de00000, 0x000000070de00000, 0x000000070e000000|  0%| F|  |TAMS 0x000000070de00000| PB 0x000000070de00000| Untracked |  0
|  54|0x000000070e000000, 0x000000070e000000, 0x000000070e200000|  0%| F|  |TAMS 0x000000070e000000| PB 0x000000070e000000| Untracked |  0
|  55|0x000000070e200000, 0x000000070e200000, 0x000000070e400000|  0%| F|  |TAMS 0x000000070e200000| PB 0x000000070e200000| Untracked |  0
|  56|0x000000070e400000, 0x000000070e400000, 0x000000070e600000|  0%| F|  |TAMS 0x000000070e400000| PB 0x000000070e400000| Untracked |  0
|  57|0x000000070e600000, 0x000000070e600000, 0x000000070e800000|  0%| F|  |TAMS 0x000000070e600000| PB 0x000000070e600000| Untracked |  0
|  58|0x000000070e800000, 0x000000070e800000, 0x000000070ea00000|  0%| F|  |TAMS 0x000000070e800000| PB 0x000000070e800000| Untracked |  0
|  59|0x000000070ea00000, 0x000000070ea00000, 0x000000070ec00000|  0%| F|  |TAMS 0x000000070ea00000| PB 0x000000070ea00000| Untracked |  0
|  60|0x000000070ec00000, 0x000000070edef5e8, 0x000000070ee00000| 96%| E|  |TAMS 0x000000070ec00000| PB 0x000000070ec00000| Complete |  0
|  61|0x000000070ee00000, 0x000000070f000000, 0x000000070f000000|100%| E|CS|TAMS 0x000000070ee00000| PB 0x000000070ee00000| Complete |  0
| 123|0x0000000716a00000, 0x0000000716c00000, 0x0000000716c00000|100%| E|CS|TAMS 0x0000000716a00000| PB 0x0000000716a00000| Complete |  0
| 124|0x0000000716c00000, 0x0000000716e00000, 0x0000000716e00000|100%| E|CS|TAMS 0x0000000716c00000| PB 0x0000000716c00000| Complete |  0

Card table byte_map: [0x0000727c14872000,0x0000727c15038000] _byte_map_base: 0x0000727c11038000

Marking Bits: (CMBitMap*) 0x0000727c1009b550
 Bits: [0x0000727bf8fce000, 0x0000727bfcdfe000)

Polling page: 0x0000727c17e68000

Metaspace:
Metaspace        used 54724K, committed 56064K, reserved 1114112K
 class space     used 6411K, committed 7040K, reserved 1048576K

Usage:
  Non-class:     47,18 MB used.
      Class:      6,26 MB used.
       Both:     53,44 MB used.

Virtual space:
  Non-class space:       64,00 MB reserved,      47,88 MB ( 75%) committed,  1 nodes.
      Class space:        1,00 GB reserved,       6,88 MB ( <1%) committed,  1 nodes.
             Both:        1,06 GB reserved,      54,75 MB (  5%) committed. 

Chunk freelists:
   Non-Class:  15,27 MB
       Class:  9,05 MB
        Both:  24,31 MB

MaxMetaspaceSize: unlimited
CompressedClassSpaceSize: 1,00 GB
Initial GC threshold: 21,00 MB
Current GC threshold: 60,88 MB
CDS: off
 - commit_granule_bytes: 65536.
 - commit_granule_words: 8192.
 - virtual_space_node_default_size: 8388608.
 - enlarge_chunks_in_place: 1.
UseCompressedClassPointers 1, UseCompactObjectHeaders 0
Narrow klass pointer bits 32, Max shift 3
Narrow klass base: 0x0000000000000000, Narrow klass shift: 0
Encoding Range: [0x0000000000000000 - 0x0000000100000000), (4294967296 bytes)
Klass Range:    [0x00000000ad000000 - 0x00000000ed000000), (1073741824 bytes)
Klass ID Range:  [2902458368 - 3976200185) (1073741817)
No protection zone.


Internal statistics:

num_allocs_failed_limit: 12.
num_arena_births: 626.
num_arena_deaths: 0.
num_vsnodes_births: 2.
num_vsnodes_deaths: 0.
num_space_committed: 876.
num_space_uncommitted: 0.
num_chunks_returned_to_freelist: 12.
num_chunks_taken_from_freelist: 2662.
num_chunk_merges: 9.
num_chunk_splits: 1690.
num_chunks_enlarged: 1041.
num_inconsistent_stats: 0.

CodeHeap 'non-profiled nmethods': size=120032Kb used=3248Kb max_used=3248Kb free=116784Kb
 bounds [0x0000727c048c8000, 0x0000727c04bf8000, 0x0000727c0be00000]
CodeHeap 'profiled nmethods': size=120032Kb used=10102Kb max_used=10102Kb free=109929Kb
 bounds [0x0000727bfcdfe000, 0x0000727bfd7de000, 0x0000727c04336000]
CodeHeap 'non-nmethods': size=5704Kb used=1887Kb max_used=2042Kb free=3816Kb
 bounds [0x0000727c04336000, 0x0000727c045a6000, 0x0000727c048c8000]
CodeCache: size=245768Kb, used=15237Kb, max_used=15392Kb, free=230529Kb
 total_blobs=7435, nmethods=6539, adapters=799, full_count=0
Compilation: enabled, stopped_count=0, restarted_count=0

Compilation events (20 events):
Event: 3,732 Thread 0x0000727c10185a70 7108       3       org.eclipse.jface.bindings.TriggerSequence::<init> (86 bytes)
Event: 3,732 Thread 0x0000727c10185a70 nmethod 7108 0x0000727bfd7d0a08 code [0x0000727bfd7d0b00, 0x0000727bfd7d1090]
Event: 3,734 Thread 0x0000727c10185a70 7109       3       sun.reflect.annotation.AnnotationInvocationHandler::<init> (71 bytes)
Event: 3,735 Thread 0x0000727c10185a70 nmethod 7109 0x0000727bfd7d1108 code [0x0000727bfd7d1200, 0x0000727bfd7d1f98]
Event: 3,736 Thread 0x0000727c10185a70 7110       3       java.lang.invoke.BoundMethodHandle$Species_LLL::make (14 bytes)
Event: 3,736 Thread 0x0000727c10185a70 nmethod 7110 0x0000727bfd7d2008 code [0x0000727bfd7d2100, 0x0000727bfd7d2440]
Event: 3,736 Thread 0x0000727c10185a70 7111       3       java.lang.invoke.BoundMethodHandle$Species_LLL::<init> (24 bytes)
Event: 3,736 Thread 0x0000727c10185a70 nmethod 7111 0x0000727bfd7d2488 code [0x0000727bfd7d2580, 0x0000727bfd7d2880]
Event: 3,736 Thread 0x0000727c10185a70 7112       3       org.eclipse.e4.core.commands.ExpressionContext::<init> (10 bytes)
Event: 3,736 Thread 0x0000727c10185a70 nmethod 7112 0x0000727bfd7d2888 code [0x0000727bfd7d2980, 0x0000727bfd7d2b38]
Event: 3,737 Thread 0x0000727bb8205920 nmethod 7102 0x0000727c04be8788 code [0x0000727c04be8880, 0x0000727c04be9a50]
Event: 3,739 Thread 0x0000727c10185a70 7113       3       org.eclipse.emf.ecore.impl.EClassImpl::getEStructuralFeature (23 bytes)
Event: 3,740 Thread 0x0000727c10185a70 nmethod 7113 0x0000727bfd7d2b88 code [0x0000727bfd7d2c80, 0x0000727bfd7d2f20]
Event: 3,740 Thread 0x0000727c10185a70 7114       3       org.eclipse.swt.widgets.EventTable::hooks (47 bytes)
Event: 3,740 Thread 0x0000727c10185a70 nmethod 7114 0x0000727bfd7d2f88 code [0x0000727bfd7d3080, 0x0000727bfd7d3308]
Event: 3,749 Thread 0x0000727c10185a70 7115   !   3       java.lang.invoke.InnerClassLambdaMetafactory::generateInnerClass (245 bytes)
Event: 3,751 Thread 0x0000727c10185a70 nmethod 7115 0x0000727bfd7d3388 code [0x0000727bfd7d3480, 0x0000727bfd7d5a78]
Event: 3,751 Thread 0x0000727c10185a70 7118       3       java.lang.invoke.InnerClassLambdaMetafactory$1::accept (244 bytes)
Event: 3,752 Thread 0x0000727c10185a70 nmethod 7118 0x0000727bfd7d5b08 code [0x0000727bfd7d5c00, 0x0000727bfd7d7c60]
Event: 3,752 Thread 0x0000727c10185a70 7123       3       java.lang.invoke.InnerClassLambdaMetafactory$3::accept (136 bytes)

GC Heap Usage History (16 events):
Event: 0,674 {heap Before GC invocations=0 (full 0):
 garbage-first heap   total reserved 4075520K, committed 256000K, used 49152K [0x0000000707400000, 0x0000000800000000)
  region size 2048K, 24 young (49152K), 0 survivors (0K)
}
Event: 0,679 {heap After GC invocations=1 (full 0):
 garbage-first heap   total reserved 4075520K, committed 256000K, used 8094K [0x0000000707400000, 0x0000000800000000)
  region size 2048K, 3 young (6144K), 3 survivors (6144K)
}
Event: 1,005 {heap Before GC invocations=1 (full 0):
 garbage-first heap   total reserved 4075520K, committed 256000K, used 112542K [0x0000000707400000, 0x0000000800000000)
  region size 2048K, 54 young (110592K), 3 survivors (6144K)
}
Event: 1,024 {heap After GC invocations=2 (full 0):
 garbage-first heap   total reserved 4075520K, committed 256000K, used 46005K [0x0000000707400000, 0x0000000800000000)
  region size 2048K, 7 young (14336K), 7 survivors (14336K)
}
Event: 1,590 {heap Before GC invocations=2 (full 0):
 garbage-first heap   total reserved 4075520K, committed 256000K, used 140213K [0x0000000707400000, 0x0000000800000000)
  region size 2048K, 54 young (110592K), 7 survivors (14336K)
}
Event: 1,606 {heap After GC invocations=3 (full 0):
 garbage-first heap   total reserved 4075520K, committed 256000K, used 57344K [0x0000000707400000, 0x0000000800000000)
  region size 2048K, 7 young (14336K), 7 survivors (14336K)
}
Event: 1,651 {heap Before GC invocations=3 (full 0):
 garbage-first heap   total reserved 4075520K, committed 256000K, used 61440K [0x0000000707400000, 0x0000000800000000)
  region size 2048K, 10 young (20480K), 7 survivors (14336K)
}
Event: 1,657 {heap After GC invocations=4 (full 0):
 garbage-first heap   total reserved 4075520K, committed 256000K, used 60219K [0x0000000707400000, 0x0000000800000000)
  region size 2048K, 2 young (4096K), 2 survivors (4096K)
}
Event: 2,304 {heap Before GC invocations=5 (full 0):
 garbage-first heap   total reserved 4075520K, committed 204800K, used 168763K [0x0000000707400000, 0x0000000800000000)
  region size 2048K, 55 young (112640K), 2 survivors (4096K)
}
Event: 2,309 {heap After GC invocations=6 (full 0):
 garbage-first heap   total reserved 4075520K, committed 204800K, used 65495K [0x0000000707400000, 0x0000000800000000)
  region size 2048K, 5 young (10240K), 5 survivors (10240K)
}
Event: 2,419 {heap Before GC invocations=6 (full 0):
 garbage-first heap   total reserved 4075520K, committed 204800K, used 94167K [0x0000000707400000, 0x0000000800000000)
  region size 2048K, 20 young (40960K), 5 survivors (10240K)
}
Event: 2,424 {heap After GC invocations=7 (full 0):
 garbage-first heap   total reserved 4075520K, committed 204800K, used 65894K [0x0000000707400000, 0x0000000800000000)
  region size 2048K, 2 young (4096K), 2 survivors (4096K)
}
Event: 2,435 {heap Before GC invocations=7 (full 0):
 garbage-first heap   total reserved 4075520K, committed 204800K, used 65894K [0x0000000707400000, 0x0000000800000000)
  region size 2048K, 3 young (6144K), 2 survivors (4096K)
}
Event: 2,437 {heap After GC invocations=8 (full 0):
 garbage-first heap   total reserved 4075520K, committed 204800K, used 65335K [0x0000000707400000, 0x0000000800000000)
  region size 2048K, 1 young (2048K), 1 survivors (2048K)
}
Event: 3,640 {heap Before GC invocations=9 (full 0):
 garbage-first heap   total reserved 4075520K, committed 131072K, used 110391K [0x0000000707400000, 0x0000000800000000)
  region size 2048K, 38 young (77824K), 1 survivors (2048K)
}
Event: 3,645 {heap After GC invocations=10 (full 0):
 garbage-first heap   total reserved 4075520K, committed 131072K, used 46883K [0x0000000707400000, 0x0000000800000000)
  region size 2048K, 5 young (10240K), 5 survivors (10240K)
}

Metaspace Usage History (16 events):
Event: 0,674 {metaspace Before GC invocations=0 (full 0):
 Metaspace       used 17019K, committed 17216K, reserved 1114112K
  class space    used 1715K, committed 1792K, reserved 1048576K
}
Event: 0,679 {metaspace After GC invocations=1 (full 0):
 Metaspace       used 17019K, committed 17216K, reserved 1114112K
  class space    used 1715K, committed 1792K, reserved 1048576K
}
Event: 1,005 {metaspace Before GC invocations=1 (full 0):
 Metaspace       used 17501K, committed 17664K, reserved 1114112K
  class space    used 1723K, committed 1792K, reserved 1048576K
}
Event: 1,024 {metaspace After GC invocations=2 (full 0):
 Metaspace       used 17501K, committed 17664K, reserved 1114112K
  class space    used 1723K, committed 1792K, reserved 1048576K
}
Event: 1,590 {metaspace Before GC invocations=2 (full 0):
 Metaspace       used 20779K, committed 21056K, reserved 1114112K
  class space    used 2061K, committed 2176K, reserved 1048576K
}
Event: 1,606 {metaspace After GC invocations=3 (full 0):
 Metaspace       used 20779K, committed 21056K, reserved 1114112K
  class space    used 2061K, committed 2176K, reserved 1048576K
}
Event: 1,651 {metaspace Before GC invocations=3 (full 0):
 Metaspace       used 21218K, committed 21504K, reserved 1114112K
  class space    used 2117K, committed 2240K, reserved 1048576K
}
Event: 1,657 {metaspace After GC invocations=4 (full 0):
 Metaspace       used 21218K, committed 21504K, reserved 1114112K
  class space    used 2117K, committed 2240K, reserved 1048576K
}
Event: 2,304 {metaspace Before GC invocations=5 (full 0):
 Metaspace       used 33368K, committed 34176K, reserved 1114112K
  class space    used 3583K, committed 3904K, reserved 1048576K
}
Event: 2,309 {metaspace After GC invocations=6 (full 0):
 Metaspace       used 33368K, committed 34176K, reserved 1114112K
  class space    used 3583K, committed 3904K, reserved 1048576K
}
Event: 2,419 {metaspace Before GC invocations=6 (full 0):
 Metaspace       used 35982K, committed 36736K, reserved 1114112K
  class space    used 3837K, committed 4160K, reserved 1048576K
}
Event: 2,424 {metaspace After GC invocations=7 (full 0):
 Metaspace       used 35982K, committed 36736K, reserved 1114112K
  class space    used 3837K, committed 4160K, reserved 1048576K
}
Event: 2,435 {metaspace Before GC invocations=7 (full 0):
 Metaspace       used 36301K, committed 37056K, reserved 1114112K
  class space    used 3875K, committed 4160K, reserved 1048576K
}
Event: 2,437 {metaspace After GC invocations=8 (full 0):
 Metaspace       used 36301K, committed 37056K, reserved 1114112K
  class space    used 3875K, committed 4160K, reserved 1048576K
}
Event: 3,640 {metaspace Before GC invocations=9 (full 0):
 Metaspace       used 53050K, committed 54400K, reserved 1114112K
  class space    used 6199K, committed 6784K, reserved 1048576K
}
Event: 3,646 {metaspace After GC invocations=10 (full 0):
 Metaspace       used 53050K, committed 54400K, reserved 1114112K
  class space    used 6199K, committed 6784K, reserved 1048576K
}

Dll operation events (18 events):
Event: 0,001 Loaded shared library /usr/share/dbeaver-ce/jre/lib/libjava.so
Event: 0,021 Loaded shared library /usr/share/dbeaver-ce/jre/lib/libsimdsort.so
Event: 0,037 Loaded shared library /usr/share/dbeaver-ce/jre/lib/libnio.so
Event: 0,041 Loaded shared library /usr/share/dbeaver-ce/jre/lib/libzip.so
Event: 0,075 Loaded shared library /usr/share/dbeaver-ce/jre/lib/libnet.so
Event: 0,098 Loaded shared library /usr/share/dbeaver-ce/jre/lib/libjimage.so
Event: 0,151 Loaded shared library /usr/share/dbeaver-ce/plugins/org.eclipse.equinox.launcher.gtk.linux.x86_64_1.2.1500.v20250801-0854/eclipse_11916.so
Event: 1,936 Loaded shared library /usr/share/dbeaver-ce/jre/lib/libverify.so
Event: 1,955 Loaded shared library /home/david-daniel/.local/share/DBeaverData/install-data/org.jkiss.dbeaver.product/26.1.5-202608161900/org.eclipse.osgi/152/0/.cp/libswt-gtk-4973r12.so
Event: 1,955 Loaded shared library /home/david-daniel/.local/share/DBeaverData/install-data/org.jkiss.dbeaver.product/26.1.5-202608161900/org.eclipse.osgi/152/0/.cp/libswt-pi3-gtk-4973r12.so
Event: 2,011 Loaded shared library /usr/share/dbeaver-ce/jre/lib/libawt.so
Event: 2,012 Loaded shared library /usr/share/dbeaver-ce/jre/lib/libawt_xawt.so
Event: 2,025 Loaded shared library /usr/share/dbeaver-ce/jre/lib/libfontmanager.so
Event: 2,482 Loaded shared library /usr/share/dbeaver-ce/jre/lib/libjaas.so
Event: 2,492 Loaded shared library /home/david-daniel/.local/share/DBeaverData/install-data/org.jkiss.dbeaver.product/26.1.5-202608161900/org.eclipse.osgi/49/0/.cp/os/linux/x86_64/libunixfile_1_0_0.so
Event: 2,602 Loaded shared library /home/david-daniel/.local/share/DBeaverData/install-data/org.jkiss.dbeaver.product/26.1.5-202608161900/org.eclipse.osgi/152/0/.cp/libswt-cairo-gtk-4973r12.so
Event: 2,671 Loaded shared library /usr/share/dbeaver-ce/jre/lib/libextnet.so
Event: 3,093 Loaded shared library /home/david-daniel/.local/share/DBeaverData/install-data/org.jkiss.dbeaver.product/26.1.5-202608161900/org.eclipse.osgi/152/0/.cp/libswt-atk-gtk-4973r12.so

Deoptimization events (20 events):
Event: 3,660 Thread 0x0000727c1002b850 Uncommon trap: trap_request=0xffffffde fr.pc=0x0000727c04bd943c relative=0x000000000000163c
Event: 3,660 Thread 0x0000727c1002b850 Uncommon trap: reason=class_check action=maybe_recompile pc=0x0000727c04bd943c method=org.eclipse.e4.core.internal.contexts.EclipseContext.internalGet(Lorg/eclipse/e4/core/internal/contexts/EclipseContext;Ljava/lang/String;Z)Ljava/lang/Object; @ 163 c2
Event: 3,660 Thread 0x0000727c1002b850 DEOPT PACKING pc=0x0000727c04bd943c sp=0x0000727c17b13640
Event: 3,660 Thread 0x0000727c1002b850 DEOPT UNPACKING pc=0x0000727c04455379 sp=0x0000727c17b13608 mode 2
Event: 3,662 Thread 0x0000727c1002b850 Uncommon trap: trap_request=0xffffff45 fr.pc=0x0000727c04b1de6c relative=0x0000000000006dec
Event: 3,662 Thread 0x0000727c1002b850 Uncommon trap: reason=unstable_if action=reinterpret pc=0x0000727c04b1de6c method=java.lang.invoke.MethodType.methodType(Ljava/lang/Class;[Ljava/lang/Class;Z)Ljava/lang/invoke/MethodType; @ 53 c2
Event: 3,662 Thread 0x0000727c1002b850 DEOPT PACKING pc=0x0000727c04b1de6c sp=0x0000727c17b10c30
Event: 3,662 Thread 0x0000727c1002b850 DEOPT UNPACKING pc=0x0000727c04455379 sp=0x0000727c17b10c50 mode 2
Event: 3,670 Thread 0x0000727c1002b850 Uncommon trap: trap_request=0xffffffde fr.pc=0x0000727c04a07e04 relative=0x0000000000000084
Event: 3,670 Thread 0x0000727c1002b850 Uncommon trap: reason=class_check action=maybe_recompile pc=0x0000727c04a07e04 method=org.eclipse.emf.common.notify.impl.BasicNotifierImpl.eNotificationRequired()Z @ 8 c2
Event: 3,670 Thread 0x0000727c1002b850 DEOPT PACKING pc=0x0000727c04a07e04 sp=0x0000727c17b14840
Event: 3,670 Thread 0x0000727c1002b850 DEOPT UNPACKING pc=0x0000727c04455379 sp=0x0000727c17b147f0 mode 2
Event: 3,674 Thread 0x0000727c1002b850 Uncommon trap: trap_request=0xffffff45 fr.pc=0x0000727c04bd40d4 relative=0x0000000000000954
Event: 3,674 Thread 0x0000727c1002b850 Uncommon trap: reason=unstable_if action=reinterpret pc=0x0000727c04bd40d4 method=org.eclipse.e4.ui.css.core.impl.dom.ViewCSSImpl.getComputedStyle(Ljava/util/List;Lorg/w3c/dom/Element;Ljava/lang/String;)Lorg/w3c/dom/css/CSSStyleDeclaration; @ 249 c2
Event: 3,674 Thread 0x0000727c1002b850 DEOPT PACKING pc=0x0000727c04bd40d4 sp=0x0000727c17b143d0
Event: 3,674 Thread 0x0000727c1002b850 DEOPT UNPACKING pc=0x0000727c04455379 sp=0x0000727c17b14378 mode 2
Event: 3,690 Thread 0x0000727c1002b850 Uncommon trap: trap_request=0xffffffde fr.pc=0x0000727c04a07e04 relative=0x0000000000000084
Event: 3,690 Thread 0x0000727c1002b850 Uncommon trap: reason=class_check action=maybe_recompile pc=0x0000727c04a07e04 method=org.eclipse.emf.common.notify.impl.BasicNotifierImpl.eNotificationRequired()Z @ 8 c2
Event: 3,690 Thread 0x0000727c1002b850 DEOPT PACKING pc=0x0000727c04a07e04 sp=0x0000727c17b143d0
Event: 3,690 Thread 0x0000727c1002b850 DEOPT UNPACKING pc=0x0000727c04455379 sp=0x0000727c17b14380 mode 2

Classes loaded (20 events):
Event: 3,703 Loading class java/util/concurrent/CompletableFuture$AsyncSupply
Event: 3,703 Loading class java/util/concurrent/CompletableFuture$AsyncSupply done
Event: 3,703 Loading class java/util/concurrent/ForkJoinTask$Aux
Event: 3,703 Loading class java/util/concurrent/ForkJoinTask$Aux done
Event: 3,704 Loading class java/util/concurrent/CompletableFuture$UniAccept
Event: 3,704 Loading class java/util/concurrent/CompletableFuture$UniCompletion
Event: 3,704 Loading class java/util/concurrent/CompletableFuture$UniCompletion done
Event: 3,704 Loading class java/util/concurrent/CompletableFuture$UniAccept done
Event: 3,710 Loading class java/text/CollationElementIterator
Event: 3,710 Loading class java/text/CollationElementIterator done
Event: 3,710 Loading class sun/text/CollatorUtilities
Event: 3,710 Loading class sun/text/CollatorUtilities done
Event: 3,710 Loading class jdk/internal/icu/text/UCharacterIterator
Event: 3,710 Loading class jdk/internal/icu/text/UCharacterIterator done
Event: 3,710 Loading class jdk/internal/icu/impl/ReplaceableUCharacterIterator
Event: 3,710 Loading class jdk/internal/icu/impl/ReplaceableUCharacterIterator done
Event: 3,710 Loading class jdk/internal/icu/text/ReplaceableString
Event: 3,710 Loading class jdk/internal/icu/text/Replaceable
Event: 3,710 Loading class jdk/internal/icu/text/Replaceable done
Event: 3,710 Loading class jdk/internal/icu/text/ReplaceableString done

Classes unloaded (0 events):
No events

Classes redefined (0 events):
No events

Internal exceptions (20 events):
Event: 3,576 Thread 0x0000727c1002b850 Exception <a 'java/lang/NoSuchMethodError'{0x0000000708d54298}: 'void java.lang.invoke.DirectMethodHandle$Holder.invokeStatic(java.lang.Object, int)'> (0x0000000708d54298) 
thrown [src/hotspot/share/interpreter/linkResolver.cpp, line 803]
Event: 3,598 Thread 0x0000727c1002b850 Exception <a 'java/io/FileNotFoundException'{0x0000000708deb1e0}> (0x0000000708deb1e0) 
thrown [src/hotspot/share/prims/jni.cpp, line 516]
Event: 3,598 Thread 0x0000727c1002b850 Exception <a 'java/io/FileNotFoundException'{0x0000000708dec458}> (0x0000000708dec458) 
thrown [src/hotspot/share/prims/jni.cpp, line 516]
Event: 3,598 Thread 0x0000727c1002b850 Exception <a 'java/io/FileNotFoundException'{0x0000000708ded670}> (0x0000000708ded670) 
thrown [src/hotspot/share/prims/jni.cpp, line 516]
Event: 3,598 Thread 0x0000727c1002b850 Exception <a 'java/io/FileNotFoundException'{0x0000000708dee900}> (0x0000000708dee900) 
thrown [src/hotspot/share/prims/jni.cpp, line 516]
Event: 3,598 Thread 0x0000727c1002b850 Exception <a 'java/io/FileNotFoundException'{0x0000000708defbb8}> (0x0000000708defbb8) 
thrown [src/hotspot/share/prims/jni.cpp, line 516]
Event: 3,598 Thread 0x0000727c1002b850 Exception <a 'java/io/FileNotFoundException'{0x0000000708df0e88}> (0x0000000708df0e88) 
thrown [src/hotspot/share/prims/jni.cpp, line 516]
Event: 3,598 Thread 0x0000727c1002b850 Exception <a 'java/io/FileNotFoundException'{0x0000000708df20c8}> (0x0000000708df20c8) 
thrown [src/hotspot/share/prims/jni.cpp, line 516]
Event: 3,598 Thread 0x0000727c1002b850 Exception <a 'java/io/FileNotFoundException'{0x0000000708df3338}> (0x0000000708df3338) 
thrown [src/hotspot/share/prims/jni.cpp, line 516]
Event: 3,598 Thread 0x0000727c1002b850 Exception <a 'java/io/FileNotFoundException'{0x0000000708df4568}> (0x0000000708df4568) 
thrown [src/hotspot/share/prims/jni.cpp, line 516]
Event: 3,598 Thread 0x0000727c1002b850 Exception <a 'java/io/FileNotFoundException'{0x0000000708df5778}> (0x0000000708df5778) 
thrown [src/hotspot/share/prims/jni.cpp, line 516]
Event: 3,598 Thread 0x0000727c1002b850 Exception <a 'java/io/FileNotFoundException'{0x0000000708df6ac0}> (0x0000000708df6ac0) 
thrown [src/hotspot/share/prims/jni.cpp, line 516]
Event: 3,598 Thread 0x0000727c1002b850 Exception <a 'java/io/FileNotFoundException'{0x0000000708df8060}> (0x0000000708df8060) 
thrown [src/hotspot/share/prims/jni.cpp, line 516]
Event: 3,599 Thread 0x0000727c1002b850 Exception <a 'java/io/FileNotFoundException'{0x0000000708df9320}> (0x0000000708df9320) 
thrown [src/hotspot/share/prims/jni.cpp, line 516]
Event: 3,638 Thread 0x0000727c1002b850 Exception <a 'java/lang/NoSuchMethodError'{0x00000007087d56f0}: 'void java.lang.invoke.DirectMethodHandle$Holder.invokeVirtual(java.lang.Object, java.lang.Object, java.lang.Object, int)'> (0x00000007087d56f0) 
thrown [src/hotspot/share/interpreter/linkResolver.cpp, line 803]
Event: 3,638 Thread 0x0000727c1002b850 Exception <a 'java/lang/NoSuchMethodError'{0x00000007087e5e28}: 'java.lang.Object java.lang.invoke.DirectMethodHandle$Holder.invokeVirtual(java.lang.Object, java.lang.Object, java.lang.Object)'> (0x00000007087e5e28) 
thrown [src/hotspot/share/interpreter/linkResolver.cpp, line 803]
Event: 3,640 Thread 0x0000727c1002b850 Exception <a 'java/lang/NoSuchMethodError'{0x00000007087fe8c8}: 'java.lang.Object java.lang.invoke.DirectMethodHandle$Holder.newInvokeSpecial(java.lang.Object, java.lang.Object, int)'> (0x00000007087fe8c8) 
thrown [src/hotspot/share/interpreter/linkResolver.cpp, line 803]
Event: 3,646 Thread 0x0000727c1002b850 Exception <a 'java/lang/NoSuchMethodError'{0x0000000716c2a0f0}: 'java.lang.Object java.lang.invoke.Invokers$Holder.invoke_MT(java.lang.Object, java.lang.Object, java.lang.Object, java.lang.Object, java.lang.Object)'> (0x0000000716c2a0f0) 
thrown [src/hotspot/share/interpreter/linkResolver.cpp, line 803]
Event: 3,677 Thread 0x0000727b20021cc0 Exception <a 'java/lang/NoSuchMethodError'{0x0000000716b2c088}: 'java.lang.Object java.lang.invoke.DirectMethodHandle$Holder.newInvokeSpecial(java.lang.Object, double)'> (0x0000000716b2c088) 
thrown [src/hotspot/share/interpreter/linkResolver.cpp, line 803]
Event: 3,699 Thread 0x0000727c1002b850 Exception <a 'java/io/FileNotFoundException'{0x0000000716b8a188}> (0x0000000716b8a188) 
thrown [src/hotspot/share/prims/jni.cpp, line 516]

VM Operations (20 events):
Event: 2,971 Executing non-safepoint VM operation: HandshakeAllThreads (Deoptimize)
Event: 2,971 Executing non-safepoint VM operation: HandshakeAllThreads (Deoptimize) done
Event: 3,164 Executing non-safepoint VM operation: HandshakeAllThreads (Deoptimize)
Event: 3,164 Executing non-safepoint VM operation: HandshakeAllThreads (Deoptimize) done
Event: 3,165 Executing non-safepoint VM operation: HandshakeAllThreads (Deoptimize)
Event: 3,165 Executing non-safepoint VM operation: HandshakeAllThreads (Deoptimize) done
Event: 3,260 Executing non-safepoint VM operation: HandshakeAllThreads (Deoptimize)
Event: 3,260 Executing non-safepoint VM operation: HandshakeAllThreads (Deoptimize) done
Event: 3,281 Executing non-safepoint VM operation: HandshakeAllThreads (Deoptimize)
Event: 3,281 Executing non-safepoint VM operation: HandshakeAllThreads (Deoptimize) done
Event: 3,630 Executing non-safepoint VM operation: HandshakeAllThreads (Deoptimize)
Event: 3,630 Executing non-safepoint VM operation: HandshakeAllThreads (Deoptimize) done
Event: 3,640 Executing non-safepoint VM operation: HandshakeAllThreads (Deoptimize)
Event: 3,640 Executing non-safepoint VM operation: HandshakeAllThreads (Deoptimize) done
Event: 3,640 Executing safepoint VM operation: G1CollectForAllocation (G1 Evacuation Pause)
Event: 3,646 Executing safepoint VM operation: G1CollectForAllocation (G1 Evacuation Pause) done
Event: 3,649 Executing non-safepoint VM operation: HandshakeAllThreads (Deoptimize)
Event: 3,649 Executing non-safepoint VM operation: HandshakeAllThreads (Deoptimize) done
Event: 3,665 Executing non-safepoint VM operation: HandshakeAllThreads (Deoptimize)
Event: 3,665 Executing non-safepoint VM operation: HandshakeAllThreads (Deoptimize) done

Memory protections (20 events):
Event: 1,230 Protecting memory [0x0000727b76ff9000,0x0000727b76ffd000] with protection modes 0
Event: 1,755 Protecting memory [0x0000727b76df8000,0x0000727b76dfc000] with protection modes 0
Event: 1,869 Protecting memory [0x0000727b76cf8000,0x0000727b76cfc000] with protection modes 0
Event: 1,877 Protecting memory [0x0000727b76bf8000,0x0000727b76bfc000] with protection modes 0
Event: 1,878 Protecting memory [0x0000727b76af8000,0x0000727b76afc000] with protection modes 0
Event: 1,917 Protecting memory [0x0000727b76af8000,0x0000727b76afc000] with protection modes 0
Event: 1,962 Protecting memory [0x0000727b76bf8000,0x0000727b76bfc000] with protection modes 0
Event: 2,042 Protecting memory [0x0000727b76509000,0x0000727b7650d000] with protection modes 0
Event: 2,043 Protecting memory [0x0000727b76409000,0x0000727b7640d000] with protection modes 0
Event: 2,462 Protecting memory [0x0000727b76309000,0x0000727b7630d000] with protection modes 0
Event: 2,546 Protecting memory [0x0000727b76209000,0x0000727b7620d000] with protection modes 0
Event: 2,648 Protecting memory [0x0000727b74df8000,0x0000727b74dfc000] with protection modes 0
Event: 2,649 Protecting memory [0x0000727b74cf8000,0x0000727b74cfc000] with protection modes 0
Event: 2,674 Protecting memory [0x0000727b74bf8000,0x0000727b74bfc000] with protection modes 0
Event: 2,678 Protecting memory [0x0000727b74af8000,0x0000727b74afc000] with protection modes 0
Event: 3,041 Protecting memory [0x0000727b749f8000,0x0000727b749fc000] with protection modes 0
Event: 3,416 Protecting memory [0x0000727b74848000,0x0000727b7484c000] with protection modes 0
Event: 3,699 Protecting memory [0x0000727b74848000,0x0000727b7484c000] with protection modes 0
Event: 3,704 Protecting memory [0x0000727b74748000,0x0000727b7474c000] with protection modes 0
Event: 3,705 Protecting memory [0x0000727b74648000,0x0000727b7464c000] with protection modes 0

Nmethod flushes (20 events):
Event: 2,459 Thread 0x0000727c101463e0 flushing  nmethod 0x0000727bfd086e08
Event: 2,459 Thread 0x0000727c101463e0 flushing  nmethod 0x0000727bfd08a988
Event: 2,459 Thread 0x0000727c101463e0 flushing  nmethod 0x0000727bfd0a3c08
Event: 2,459 Thread 0x0000727c101463e0 flushing  nmethod 0x0000727bfd0aa608
Event: 2,459 Thread 0x0000727c101463e0 flushing  nmethod 0x0000727bfd0dbe08
Event: 2,459 Thread 0x0000727c101463e0 flushing  nmethod 0x0000727bfd124508
Event: 2,459 Thread 0x0000727c101463e0 flushing  nmethod 0x0000727bfd124c88
Event: 2,459 Thread 0x0000727c101463e0 flushing  nmethod 0x0000727bfd168d88
Event: 2,459 Thread 0x0000727c101463e0 flushing  nmethod 0x0000727bfd16ef08
Event: 2,459 Thread 0x0000727c101463e0 flushing  nmethod 0x0000727bfd18e808
Event: 2,459 Thread 0x0000727c101463e0 flushing  nmethod 0x0000727bfd2d4b88
Event: 2,459 Thread 0x0000727c101463e0 flushing  nmethod 0x0000727bfd311b08
Event: 2,459 Thread 0x0000727c101463e0 flushing  nmethod 0x0000727bfd312188
Event: 2,459 Thread 0x0000727c101463e0 flushing  nmethod 0x0000727bfd319608
Event: 2,459 Thread 0x0000727c101463e0 flushing  nmethod 0x0000727bfd319908
Event: 2,459 Thread 0x0000727c101463e0 flushing  nmethod 0x0000727bfd31dd08
Event: 2,459 Thread 0x0000727c101463e0 flushing  nmethod 0x0000727bfd31f388
Event: 2,459 Thread 0x0000727c101463e0 flushing  nmethod 0x0000727bfd383a88
Event: 2,459 Thread 0x0000727c101463e0 flushing  nmethod 0x0000727bfd3add08
Event: 2,459 Thread 0x0000727c101463e0 flushing  nmethod 0x0000727bfd3b9388

Events (20 events):
Event: 1,877 Thread 0x0000727c10b5c9f0 Thread added: 0x0000727b2c00ae00
Event: 1,877 Thread 0x0000727b2c00ae00 Thread added: 0x0000727b20000f50
Event: 1,886 Thread 0x0000727b2c00ae00 Thread exited: 0x0000727b2c00ae00
Event: 1,886 Thread 0x0000727b20000f50 Thread exited: 0x0000727b20000f50
Event: 1,917 Thread 0x0000727c10685ca0 Thread added: 0x0000727b68049630
Event: 1,962 Thread 0x0000727c1002b850 Thread added: 0x0000727c1077e4f0
Event: 2,042 Thread 0x0000727c1002b850 Thread added: 0x0000727c10a2e8d0
Event: 2,043 Thread 0x0000727c1002b850 Thread added: 0x0000727c10a2fc00
Event: 2,462 Thread 0x0000727c1002b850 Thread added: 0x0000727c10bc0d50
Event: 2,546 Thread 0x0000727c1077e4f0 Thread added: 0x0000727b2001f100
Event: 2,648 Thread 0x0000727c1077e4f0 Thread added: 0x0000727b20020590
Event: 2,649 Thread 0x0000727c1077e4f0 Thread added: 0x0000727b20021cc0
Event: 2,674 Thread 0x0000727c1002b850 Thread added: 0x0000727c10e09070
Event: 2,678 Thread 0x0000727c1002b850 Thread added: 0x0000727c10732010
Event: 3,041 Thread 0x0000727c1002b850 Thread added: 0x0000727c110049c0
Event: 3,416 Thread 0x0000727c1002b850 Thread added: 0x0000727c112dc030
Event: 3,421 Thread 0x0000727c112dc030 Thread exited: 0x0000727c112dc030
Event: 3,699 Thread 0x0000727c1002b850 Thread added: 0x0000727c110dd5b0
Event: 3,703 Thread 0x0000727c110dd5b0 Thread added: 0x0000727af0005900
Event: 3,705 Thread 0x0000727c110dd5b0 Thread added: 0x0000727af0007d80


Dynamic libraries:
ad000000-ad080000 rw-p 00000000 00:00 0 
ad080000-ad0a0000 rw-p 00000000 00:00 0 
ad0a0000-ad0c0000 rw-p 00000000 00:00 0 
ad0c0000-ad140000 rw-p 00000000 00:00 0 
ad140000-ad1c0000 rw-p 00000000 00:00 0 
ad1c0000-ad200000 rw-p 00000000 00:00 0 
ad200000-ad260000 rw-p 00000000 00:00 0 
ad260000-ad280000 rw-p 00000000 00:00 0 
ad280000-ad340000 rw-p 00000000 00:00 0 
ad340000-ad380000 rw-p 00000000 00:00 0 
ad380000-ad4c0000 rw-p 00000000 00:00 0 
ad4c0000-ad4e0000 rw-p 00000000 00:00 0 
ad4e0000-ad500000 ---p 00000000 00:00 0 
ad500000-ad700000 rw-p 00000000 00:00 0 
ad700000-ed000000 ---p 00000000 00:00 0 
707400000-70f000000 rw-p 00000000 00:00 0 
70f000000-716a00000 ---p 00000000 00:00 0 
716a00000-716e00000 rw-p 00000000 00:00 0 
716e00000-800000000 ---p 00000000 00:00 0 
5c4e4dc31000-5c4e4dc32000 r--p 00000000 08:12 13380479                   /usr/share/dbeaver-ce/jre/bin/java
5c4e4dc32000-5c4e4dc33000 r-xp 00001000 08:12 13380479                   /usr/share/dbeaver-ce/jre/bin/java
5c4e4dc33000-5c4e4dc34000 r--p 00002000 08:12 13380479                   /usr/share/dbeaver-ce/jre/bin/java
5c4e4dc34000-5c4e4dc35000 r--p 00002000 08:12 13380479                   /usr/share/dbeaver-ce/jre/bin/java
5c4e4dc35000-5c4e4dc36000 rw-p 00003000 08:12 13380479                   /usr/share/dbeaver-ce/jre/bin/java
5c4e84d33000-5c4e84d7c000 rw-p 00000000 00:00 0                          [heap]
727ae8000000-727ae8021000 rw-p 00000000 00:00 0 
727ae8021000-727aec000000 ---p 00000000 00:00 0 
727af0000000-727af0021000 rw-p 00000000 00:00 0 
727af0021000-727af4000000 ---p 00000000 00:00 0 
727af4000000-727af4021000 rw-p 00000000 00:00 0 
727af4021000-727af8000000 ---p 00000000 00:00 0 
727af8000000-727af8021000 rw-p 00000000 00:00 0 
727af8021000-727afc000000 ---p 00000000 00:00 0 
727afc000000-727afc021000 rw-p 00000000 00:00 0 
727afc021000-727b00000000 ---p 00000000 00:00 0 
727b00000000-727b00021000 rw-p 00000000 00:00 0 
727b00021000-727b04000000 ---p 00000000 00:00 0 
727b04000000-727b04021000 rw-p 00000000 00:00 0 
727b04021000-727b08000000 ---p 00000000 00:00 0 
727b08000000-727b08021000 rw-p 00000000 00:00 0 
727b08021000-727b0c000000 ---p 00000000 00:00 0 
727b0e200000-727b0e201000 r--p 00000000 08:12 12594704                   /usr/lib/x86_64-linux-gnu/libicudata.so.74.2
727b0e201000-727b0e202000 r-xp 00001000 08:12 12594704                   /usr/lib/x86_64-linux-gnu/libicudata.so.74.2
727b0e202000-727b0ff5e000 r--p 00002000 08:12 12594704                   /usr/lib/x86_64-linux-gnu/libicudata.so.74.2
727b0ff5e000-727b0ff5f000 r--p 01d5d000 08:12 12594704                   /usr/lib/x86_64-linux-gnu/libicudata.so.74.2
727b0ff5f000-727b0ff60000 rw-p 01d5e000 08:12 12594704                   /usr/lib/x86_64-linux-gnu/libicudata.so.74.2
727b10000000-727b10021000 rw-p 00000000 00:00 0 
727b10021000-727b14000000 ---p 00000000 00:00 0 
727b14000000-727b1402a000 rw-p 00000000 00:00 0 
727b1402a000-727b18000000 ---p 00000000 00:00 0 
727b18000000-727b18021000 rw-p 00000000 00:00 0 
727b18021000-727b1c000000 ---p 00000000 00:00 0 
727b1c000000-727b1c021000 rw-p 00000000 00:00 0 
727b1c021000-727b20000000 ---p 00000000 00:00 0 
727b20000000-727b20026000 rw-p 00000000 00:00 0 
727b20026000-727b24000000 ---p 00000000 00:00 0 
727b24000000-727b24021000 rw-p 00000000 00:00 0 
727b24021000-727b28000000 ---p 00000000 00:00 0 
727b28000000-727b28021000 rw-p 00000000 00:00 0 
727b28021000-727b2c000000 ---p 00000000 00:00 0 
727b2c000000-727b2c021000 rw-p 00000000 00:00 0 
727b2c021000-727b30000000 ---p 00000000 00:00 0 
727b30000000-727b30021000 rw-p 00000000 00:00 0 
727b30021000-727b34000000 ---p 00000000 00:00 0 
727b34000000-727b34021000 rw-p 00000000 00:00 0 
727b34021000-727b38000000 ---p 00000000 00:00 0 
727b38000000-727b38021000 rw-p 00000000 00:00 0 
727b38021000-727b3c000000 ---p 00000000 00:00 0 
727b3c000000-727b3c021000 rw-p 00000000 00:00 0 
727b3c021000-727b40000000 ---p 00000000 00:00 0 
727b40000000-727b40024000 rw-p 00000000 00:00 0 
727b40024000-727b44000000 ---p 00000000 00:00 0 
727b44000000-727b44021000 rw-p 00000000 00:00 0 
727b44021000-727b48000000 ---p 00000000 00:00 0 
727b48000000-727b48021000 rw-p 00000000 00:00 0 
727b48021000-727b4c000000 ---p 00000000 00:00 0 
727b4c000000-727b4c021000 rw-p 00000000 00:00 0 
727b4c021000-727b50000000 ---p 00000000 00:00 0 
727b50000000-727b50021000 rw-p 00000000 00:00 0 
727b50021000-727b54000000 ---p 00000000 00:00 0 
727b54000000-727b54021000 rw-p 00000000 00:00 0 
727b54021000-727b58000000 ---p 00000000 00:00 0 
727b58000000-727b58021000 rw-p 00000000 00:00 0 
727b58021000-727b5c000000 ---p 00000000 00:00 0 
727b5c000000-727b5e9cb000 rw-p 00000000 00:00 0 
727b5e9cb000-727b60000000 ---p 00000000 00:00 0 
727b60000000-727b6002c000 rw-p 00000000 00:00 0 
727b6002c000-727b64000000 ---p 00000000 00:00 0 
727b64000000-727b64021000 rw-p 00000000 00:00 0 
727b64021000-727b68000000 ---p 00000000 00:00 0 
727b68000000-727b68086000 rw-p 00000000 00:00 0 
727b68086000-727b6c000000 ---p 00000000 00:00 0 
727b6c000000-727b6c7a7000 rw-p 00000000 00:00 0 
727b6c7a7000-727b70000000 ---p 00000000 00:00 0 
727b70000000-727b70021000 rw-p 00000000 00:00 0 
727b70021000-727b74000000 ---p 00000000 00:00 0 
727b74648000-727b7464c000 ---p 00000000 00:00 0 
727b7464c000-727b74748000 rw-p 00000000 00:00 0 
727b74748000-727b7474c000 ---p 00000000 00:00 0 
727b7474c000-727b74848000 rw-p 00000000 00:00 0 
727b74848000-727b7484c000 ---p 00000000 00:00 0 
727b7484c000-727b74948000 rw-p 00000000 00:00 0 
727b749f8000-727b749fc000 ---p 00000000 00:00 0 
727b749fc000-727b74af8000 rw-p 00000000 00:00 0 
727b74af8000-727b74afc000 ---p 00000000 00:00 0 
727b74afc000-727b74bf8000 rw-p 00000000 00:00 0 
727b74bf8000-727b74bfc000 ---p 00000000 00:00 0 
727b74bfc000-727b74cf8000 rw-p 00000000 00:00 0 
727b74cf8000-727b74cfc000 ---p 00000000 00:00 0 
727b74cfc000-727b74df8000 rw-p 00000000 00:00 0 
727b74df8000-727b74dfc000 ---p 00000000 00:00 0 
727b74dfc000-727b74ef8000 rw-p 00000000 00:00 0 
727b74ef8000-727b75000000 r--p 00000000 08:12 12612821                   /usr/share/fonts/truetype/ubuntu/UbuntuSans[wdth,wght].ttf
727b75000000-727b7509d000 r--p 00000000 08:12 12607050                   /usr/lib/x86_64-linux-gnu/libstdc++.so.6.0.33
727b7509d000-727b751e5000 r-xp 0009d000 08:12 12607050                   /usr/lib/x86_64-linux-gnu/libstdc++.so.6.0.33
727b751e5000-727b7526c000 r--p 001e5000 08:12 12607050                   /usr/lib/x86_64-linux-gnu/libstdc++.so.6.0.33
727b7526c000-727b75277000 r--p 0026b000 08:12 12607050                   /usr/lib/x86_64-linux-gnu/libstdc++.so.6.0.33
727b75277000-727b7527a000 rw-p 00276000 08:12 12607050                   /usr/lib/x86_64-linux-gnu/libstdc++.so.6.0.33
727b7527a000-727b7527e000 rw-p 00000000 00:00 0 
727b752f8000-727b75400000 r--p 00000000 08:12 12612821                   /usr/share/fonts/truetype/ubuntu/UbuntuSans[wdth,wght].ttf
727b75400000-727b75468000 r--p 00000000 08:12 12594709                   /usr/lib/x86_64-linux-gnu/libicuuc.so.74.2
727b75468000-727b7556d000 r-xp 00068000 08:12 12594709                   /usr/lib/x86_64-linux-gnu/libicuuc.so.74.2
727b7556d000-727b755f7000 r--p 0016d000 08:12 12594709                   /usr/lib/x86_64-linux-gnu/libicuuc.so.74.2
727b755f7000-727b7560a000 r--p 001f7000 08:12 12594709                   /usr/lib/x86_64-linux-gnu/libicuuc.so.74.2
727b7560a000-727b7560b000 rw-p 0020a000 08:12 12594709                   /usr/lib/x86_64-linux-gnu/libicuuc.so.74.2
727b7560b000-727b7560d000 rw-p 00000000 00:00 0 
727b75614000-727b75616000 r--p 00000000 08:12 12594850                   /usr/lib/x86_64-linux-gnu/libogg.so.0.8.5
727b75616000-727b75619000 r-xp 00002000 08:12 12594850                   /usr/lib/x86_64-linux-gnu/libogg.so.0.8.5
727b75619000-727b7561c000 r--p 00005000 08:12 12594850                   /usr/lib/x86_64-linux-gnu/libogg.so.0.8.5
727b7561c000-727b7561d000 r--p 00007000 08:12 12594850                   /usr/lib/x86_64-linux-gnu/libogg.so.0.8.5
727b7561d000-727b7561e000 rw-p 00008000 08:12 12594850                   /usr/lib/x86_64-linux-gnu/libogg.so.0.8.5
727b7561e000-727b7564d000 r--p 00000000 08:12 12586463                   /usr/lib/x86_64-linux-gnu/libxml2.so.2.9.14
727b7564d000-727b757b3000 r-xp 0002f000 08:12 12586463                   /usr/lib/x86_64-linux-gnu/libxml2.so.2.9.14
727b757b3000-727b757f5000 r--p 00195000 08:12 12586463                   /usr/lib/x86_64-linux-gnu/libxml2.so.2.9.14
727b757f5000-727b757fe000 r--p 001d6000 08:12 12586463                   /usr/lib/x86_64-linux-gnu/libxml2.so.2.9.14
727b757fe000-727b757ff000 rw-p 001df000 08:12 12586463                   /usr/lib/x86_64-linux-gnu/libxml2.so.2.9.14
727b757ff000-727b75800000 rw-p 00000000 00:00 0 
727b75800000-727b758b7000 r--p 00000000 08:12 12594931                   /usr/lib/x86_64-linux-gnu/librsvg-2.so.2.50.0
727b758b7000-727b75c4e000 r-xp 000b7000 08:12 12594931                   /usr/lib/x86_64-linux-gnu/librsvg-2.so.2.50.0
727b75c4e000-727b75de0000 r--p 0044e000 08:12 12594931                   /usr/lib/x86_64-linux-gnu/librsvg-2.so.2.50.0
727b75de0000-727b75e77000 r--p 005e0000 08:12 12594931                   /usr/lib/x86_64-linux-gnu/librsvg-2.so.2.50.0
727b75e77000-727b75e78000 rw-p 00677000 08:12 12594931                   /usr/lib/x86_64-linux-gnu/librsvg-2.so.2.50.0
727b75e7a000-727b75e7d000 r--p 00000000 08:12 12595046                   /usr/lib/x86_64-linux-gnu/libvorbis.so.0.4.9
727b75e7d000-727b75e95000 r-xp 00003000 08:12 12595046                   /usr/lib/x86_64-linux-gnu/libvorbis.so.0.4.9
727b75e95000-727b75ea6000 r--p 0001b000 08:12 12595046                   /usr/lib/x86_64-linux-gnu/libvorbis.so.0.4.9
727b75ea6000-727b75ea7000 r--p 0002b000 08:12 12595046                   /usr/lib/x86_64-linux-gnu/libvorbis.so.0.4.9
727b75ea7000-727b75ea8000 rw-p 0002c000 08:12 12595046                   /usr/lib/x86_64-linux-gnu/libvorbis.so.0.4.9
727b75ea8000-727b75eaa000 r--p 00000000 08:12 12594757                   /usr/lib/x86_64-linux-gnu/libltdl.so.7.3.2
727b75eaa000-727b75eaf000 r-xp 00002000 08:12 12594757                   /usr/lib/x86_64-linux-gnu/libltdl.so.7.3.2
727b75eaf000-727b75eb1000 r--p 00007000 08:12 12594757                   /usr/lib/x86_64-linux-gnu/libltdl.so.7.3.2
727b75eb1000-727b75eb2000 r--p 00008000 08:12 12594757                   /usr/lib/x86_64-linux-gnu/libltdl.so.7.3.2
727b75eb2000-727b75eb3000 rw-p 00009000 08:12 12594757                   /usr/lib/x86_64-linux-gnu/libltdl.so.7.3.2
727b75eb3000-727b75eb7000 r--p 00000000 08:12 12594995                   /usr/lib/x86_64-linux-gnu/libtdb.so.1.4.10
727b75eb7000-727b75ec5000 r-xp 00004000 08:12 12594995                   /usr/lib/x86_64-linux-gnu/libtdb.so.1.4.10
727b75ec5000-727b75eca000 r--p 00012000 08:12 12594995                   /usr/lib/x86_64-linux-gnu/libtdb.so.1.4.10
727b75eca000-727b75ecb000 r--p 00016000 08:12 12594995                   /usr/lib/x86_64-linux-gnu/libtdb.so.1.4.10
727b75ecb000-727b75ecc000 rw-p 00017000 08:12 12594995                   /usr/lib/x86_64-linux-gnu/libtdb.so.1.4.10
727b75ecc000-727b75ece000 r--p 00000000 08:12 12595048                   /usr/lib/x86_64-linux-gnu/libvorbisfile.so.3.3.8
727b75ece000-727b75ed3000 r-xp 00002000 08:12 12595048                   /usr/lib/x86_64-linux-gnu/libvorbisfile.so.3.3.8
727b75ed3000-727b75ed4000 r--p 00007000 08:12 12595048                   /usr/lib/x86_64-linux-gnu/libvorbisfile.so.3.3.8
727b75ed4000-727b75ed5000 r--p 00007000 08:12 12595048                   /usr/lib/x86_64-linux-gnu/libvorbisfile.so.3.3.8
727b75ed5000-727b75ed6000 rw-p 00008000 08:12 12595048                   /usr/lib/x86_64-linux-gnu/libvorbisfile.so.3.3.8
727b75ed6000-727b75ed9000 r--p 00000000 08:12 12594468                   /usr/lib/x86_64-linux-gnu/libcanberra.so.0.2.5
727b75ed9000-727b75ee4000 r-xp 00003000 08:12 12594468                   /usr/lib/x86_64-linux-gnu/libcanberra.so.0.2.5
727b75ee4000-727b75ee7000 r--p 0000e000 08:12 12594468                   /usr/lib/x86_64-linux-gnu/libcanberra.so.0.2.5
727b75ee7000-727b75ee8000 r--p 00010000 08:12 12594468                   /usr/lib/x86_64-linux-gnu/libcanberra.so.0.2.5
727b75ee8000-727b75ee9000 rw-p 00011000 08:12 12594468                   /usr/lib/x86_64-linux-gnu/libcanberra.so.0.2.5
727b75ee9000-727b75eeb000 r--p 00000000 08:12 12594467                   /usr/lib/x86_64-linux-gnu/libcanberra-gtk3.so.0.1.9
727b75eeb000-727b75eed000 r-xp 00002000 08:12 12594467                   /usr/lib/x86_64-linux-gnu/libcanberra-gtk3.so.0.1.9
727b75eed000-727b75eee000 r--p 00004000 08:12 12594467                   /usr/lib/x86_64-linux-gnu/libcanberra-gtk3.so.0.1.9
727b75eee000-727b75eef000 r--p 00004000 08:12 12594467                   /usr/lib/x86_64-linux-gnu/libcanberra-gtk3.so.0.1.9
727b75eef000-727b75ef0000 rw-p 00005000 08:12 12594467                   /usr/lib/x86_64-linux-gnu/libcanberra-gtk3.so.0.1.9
727b75f02000-727b75f04000 r--p 00000000 08:12 12596450                   /usr/lib/x86_64-linux-gnu/gtk-3.0/modules/libcanberra-gtk3-module.so
727b75f04000-727b75f07000 r-xp 00002000 08:12 12596450                   /usr/lib/x86_64-linux-gnu/gtk-3.0/modules/libcanberra-gtk3-module.so
727b75f07000-727b75f08000 r--p 00005000 08:12 12596450                   /usr/lib/x86_64-linux-gnu/gtk-3.0/modules/libcanberra-gtk3-module.so
727b75f08000-727b75f09000 r--p 00005000 08:12 12596450                   /usr/lib/x86_64-linux-gnu/gtk-3.0/modules/libcanberra-gtk3-module.so
727b75f09000-727b75f0a000 rw-p 00006000 08:12 12596450                   /usr/lib/x86_64-linux-gnu/gtk-3.0/modules/libcanberra-gtk3-module.so
727b75f0a000-727b75f0d000 r--p 00000000 08:12 22033014                   /home/david-daniel/.local/share/DBeaverData/install-data/org.jkiss.dbeaver.product/26.1.5-202608161900/org.eclipse.osgi/152/0/.cp/libswt-atk-gtk-4973r12.so
727b75f0d000-727b75f11000 r-xp 00003000 08:12 22033014                   /home/david-daniel/.local/share/DBeaverData/install-data/org.jkiss.dbeaver.product/26.1.5-202608161900/org.eclipse.osgi/152/0/.cp/libswt-atk-gtk-4973r12.so
727b75f11000-727b75f13000 r--p 00007000 08:12 22033014                   /home/david-daniel/.local/share/DBeaverData/install-data/org.jkiss.dbeaver.product/26.1.5-202608161900/org.eclipse.osgi/152/0/.cp/libswt-atk-gtk-4973r12.so
727b75f13000-727b75f14000 r--p 00008000 08:12 22033014                   /home/david-daniel/.local/share/DBeaverData/install-data/org.jkiss.dbeaver.product/26.1.5-202608161900/org.eclipse.osgi/152/0/.cp/libswt-atk-gtk-4973r12.so
727b75f14000-727b75f15000 rw-p 00009000 08:12 22033014                   /home/david-daniel/.local/share/DBeaverData/install-data/org.jkiss.dbeaver.product/26.1.5-202608161900/org.eclipse.osgi/152/0/.cp/libswt-atk-gtk-4973r12.so
727b75f15000-727b75f17000 r--p 00000000 08:12 12596446                   /usr/lib/x86_64-linux-gnu/gtk-3.0/3.0.0/immodules/im-wayland.so
727b75f17000-727b75f19000 r-xp 00002000 08:12 12596446                   /usr/lib/x86_64-linux-gnu/gtk-3.0/3.0.0/immodules/im-wayland.so
727b75f19000-727b75f1a000 r--p 00004000 08:12 12596446                   /usr/lib/x86_64-linux-gnu/gtk-3.0/3.0.0/immodules/im-wayland.so
727b75f1a000-727b75f1b000 r--p 00005000 08:12 12596446                   /usr/lib/x86_64-linux-gnu/gtk-3.0/3.0.0/immodules/im-wayland.so
727b75f1b000-727b75f1c000 rw-p 00006000 08:12 12596446                   /usr/lib/x86_64-linux-gnu/gtk-3.0/3.0.0/immodules/im-wayland.so
727b75f1c000-727b75f70000 r--p 00000000 08:12 12612522                   /usr/share/fonts/truetype/dejavu/DejaVuSansMono.ttf
727b75f70000-727b75f74000 r--p 00000000 08:12 12592627                   /usr/lib/x86_64-linux-gnu/libgcc_s.so.1
727b75f74000-727b75f98000 r-xp 00004000 08:12 12592627                   /usr/lib/x86_64-linux-gnu/libgcc_s.so.1
727b75f98000-727b75f9c000 r--p 00028000 08:12 12592627                   /usr/lib/x86_64-linux-gnu/libgcc_s.so.1
727b75f9c000-727b75f9d000 r--p 0002b000 08:12 12592627                   /usr/lib/x86_64-linux-gnu/libgcc_s.so.1
727b75f9d000-727b75f9e000 rw-p 0002c000 08:12 12592627                   /usr/lib/x86_64-linux-gnu/libgcc_s.so.1
727b75fa3000-727b75fa9000 r--p 00000000 08:12 22033002                   /home/david-daniel/.local/share/DBeaverData/install-data/org.jkiss.dbeaver.product/26.1.5-202608161900/org.eclipse.osgi/152/0/.cp/libswt-cairo-gtk-4973r12.so
727b75fa9000-727b75fac000 r-xp 00006000 08:12 22033002                   /home/david-daniel/.local/share/DBeaverData/install-data/org.jkiss.dbeaver.product/26.1.5-202608161900/org.eclipse.osgi/152/0/.cp/libswt-cairo-gtk-4973r12.so
727b75fac000-727b75fae000 r--p 00009000 08:12 22033002                   /home/david-daniel/.local/share/DBeaverData/install-data/org.jkiss.dbeaver.product/26.1.5-202608161900/org.eclipse.osgi/152/0/.cp/libswt-cairo-gtk-4973r12.so
727b75fae000-727b75faf000 r--p 0000a000 08:12 22033002                   /home/david-daniel/.local/share/DBeaverData/install-data/org.jkiss.dbeaver.product/26.1.5-202608161900/org.eclipse.osgi/152/0/.cp/libswt-cairo-gtk-4973r12.so
727b75faf000-727b75fb0000 rw-p 0000b000 08:12 22033002                   /home/david-daniel/.local/share/DBeaverData/install-data/org.jkiss.dbeaver.product/26.1.5-202608161900/org.eclipse.osgi/152/0/.cp/libswt-cairo-gtk-4973r12.so
727b75fb0000-727b76000000 r--p 00000000 08:12 12736730                   /usr/share/icons/Humanity/icon-theme.cache
727b76000000-727b76002000 r-xp 00000000 08:12 22032988                   /home/david-daniel/.local/share/DBeaverData/install-data/org.jkiss.dbeaver.product/26.1.5-202608161900/org.eclipse.osgi/49/0/.cp/os/linux/x86_64/libunixfile_1_0_0.so
727b76002000-727b76201000 ---p 00002000 08:12 22032988                   /home/david-daniel/.local/share/DBeaverData/install-data/org.jkiss.dbeaver.product/26.1.5-202608161900/org.eclipse.osgi/49/0/.cp/os/linux/x86_64/libunixfile_1_0_0.so
727b76201000-727b76202000 r--p 00001000 08:12 22032988                   /home/david-daniel/.local/share/DBeaverData/install-data/org.jkiss.dbeaver.product/26.1.5-202608161900/org.eclipse.osgi/49/0/.cp/os/linux/x86_64/libunixfile_1_0_0.so
727b76202000-727b76203000 rw-p 00002000 08:12 22032988                   /home/david-daniel/.local/share/DBeaverData/install-data/org.jkiss.dbeaver.product/26.1.5-202608161900/org.eclipse.osgi/49/0/.cp/os/linux/x86_64/libunixfile_1_0_0.so
727b76204000-727b76205000 r--p 00000000 08:12 13379871                   /usr/share/dbeaver-ce/jre/lib/libextnet.so
727b76205000-727b76206000 r-xp 00001000 08:12 13379871                   /usr/share/dbeaver-ce/jre/lib/libextnet.so
727b76206000-727b76207000 r--p 00002000 08:12 13379871                   /usr/share/dbeaver-ce/jre/lib/libextnet.so
727b76207000-727b76208000 r--p 00002000 08:12 13379871                   /usr/share/dbeaver-ce/jre/lib/libextnet.so
727b76208000-727b76209000 rw-p 00003000 08:12 13379871                   /usr/share/dbeaver-ce/jre/lib/libextnet.so
727b76209000-727b7620d000 ---p 00000000 00:00 0 
727b7620d000-727b76309000 rw-p 00000000 00:00 0 
727b76309000-727b7630d000 ---p 00000000 00:00 0 
727b7630d000-727b76409000 rw-p 00000000 00:00 0 
727b76409000-727b7640d000 ---p 00000000 00:00 0 
727b7640d000-727b76509000 rw-p 00000000 00:00 0 
727b76509000-727b7650d000 ---p 00000000 00:00 0 
727b7650d000-727b76609000 rw-p 00000000 00:00 0 
727b76609000-727b76614000 r--p 00000000 08:12 13379873                   /usr/share/dbeaver-ce/jre/lib/libfreetype.so
727b76614000-727b7668c000 r-xp 0000b000 08:12 13379873                   /usr/share/dbeaver-ce/jre/lib/libfreetype.so
727b7668c000-727b766b0000 r--p 00083000 08:12 13379873                   /usr/share/dbeaver-ce/jre/lib/libfreetype.so
727b766b0000-727b766b6000 r--p 000a7000 08:12 13379873                   /usr/share/dbeaver-ce/jre/lib/libfreetype.so
727b766b6000-727b766b7000 rw-p 000ad000 08:12 13379873                   /usr/share/dbeaver-ce/jre/lib/libfreetype.so
727b766b7000-727b766be000 r--p 00000000 08:12 13379872                   /usr/share/dbeaver-ce/jre/lib/libfontmanager.so
727b766be000-727b76841000 r-xp 00007000 08:12 13379872                   /usr/share/dbeaver-ce/jre/lib/libfontmanager.so
727b76841000-727b7687d000 r--p 0018a000 08:12 13379872                   /usr/share/dbeaver-ce/jre/lib/libfontmanager.so
727b7687d000-727b7687f000 r--p 001c6000 08:12 13379872                   /usr/share/dbeaver-ce/jre/lib/libfontmanager.so
727b7687f000-727b76880000 rw-p 001c8000 08:12 13379872                   /usr/share/dbeaver-ce/jre/lib/libfontmanager.so
727b76880000-727b76881000 rw-p 00000000 00:00 0 
727b76881000-727b76892000 r--p 00000000 08:12 13379870                   /usr/share/dbeaver-ce/jre/lib/libawt_xawt.so
727b76892000-727b768d5000 r-xp 00011000 08:12 13379870                   /usr/share/dbeaver-ce/jre/lib/libawt_xawt.so
727b768d5000-727b768e9000 r--p 00054000 08:12 13379870                   /usr/share/dbeaver-ce/jre/lib/libawt_xawt.so
727b768e9000-727b768eb000 r--p 00067000 08:12 13379870                   /usr/share/dbeaver-ce/jre/lib/libawt_xawt.so
727b768eb000-727b768ed000 rw-p 00069000 08:12 13379870                   /usr/share/dbeaver-ce/jre/lib/libawt_xawt.so
727b768ed000-727b768ef000 rw-p 00000000 00:00 0 
727b768ef000-727b7690e000 r--p 00000000 08:12 13379868                   /usr/share/dbeaver-ce/jre/lib/libawt.so
727b7690e000-727b769ac000 r-xp 0001f000 08:12 13379868                   /usr/share/dbeaver-ce/jre/lib/libawt.so
727b769ac000-727b769b9000 r--p 000bd000 08:12 13379868                   /usr/share/dbeaver-ce/jre/lib/libawt.so
727b769b9000-727b769ba000 r--p 000c9000 08:12 13379868                   /usr/share/dbeaver-ce/jre/lib/libawt.so
727b769ba000-727b769c5000 rw-p 000ca000 08:12 13379868                   /usr/share/dbeaver-ce/jre/lib/libawt.so
727b769c5000-727b769ea000 rw-p 00000000 00:00 0 
727b769ea000-727b76a25000 r--p 00000000 08:12 22032967                   /home/david-daniel/.local/share/DBeaverData/install-data/org.jkiss.dbeaver.product/26.1.5-202608161900/org.eclipse.osgi/152/0/.cp/libswt-pi3-gtk-4973r12.so
727b76a25000-727b76a46000 r-xp 0003b000 08:12 22032967                   /home/david-daniel/.local/share/DBeaverData/install-data/org.jkiss.dbeaver.product/26.1.5-202608161900/org.eclipse.osgi/152/0/.cp/libswt-pi3-gtk-4973r12.so
727b76a46000-727b76a59000 r--p 0005c000 08:12 22032967                   /home/david-daniel/.local/share/DBeaverData/install-data/org.jkiss.dbeaver.product/26.1.5-202608161900/org.eclipse.osgi/152/0/.cp/libswt-pi3-gtk-4973r12.so
727b76a59000-727b76a5a000 r--p 0006e000 08:12 22032967                   /home/david-daniel/.local/share/DBeaverData/install-data/org.jkiss.dbeaver.product/26.1.5-202608161900/org.eclipse.osgi/152/0/.cp/libswt-pi3-gtk-4973r12.so
727b76a5a000-727b76a5d000 rw-p 0006f000 08:12 22032967                   /home/david-daniel/.local/share/DBeaverData/install-data/org.jkiss.dbeaver.product/26.1.5-202608161900/org.eclipse.osgi/152/0/.cp/libswt-pi3-gtk-4973r12.so
727b76a5d000-727b76a5e000 rw-p 00000000 00:00 0 
727b76a5e000-727b76a9d000 r--p 00000000 08:12 22032966                   /home/david-daniel/.local/share/DBeaverData/install-data/org.jkiss.dbeaver.product/26.1.5-202608161900/org.eclipse.osgi/152/0/.cp/libswt-gtk-4973r12.so
727b76a9d000-727b76ac6000 r-xp 0003f000 08:12 22032966                   /home/david-daniel/.local/share/DBeaverData/install-data/org.jkiss.dbeaver.product/26.1.5-202608161900/org.eclipse.osgi/152/0/.cp/libswt-gtk-4973r12.so
727b76ac6000-727b76aeb000 r--p 00068000 08:12 22032966                   /home/david-daniel/.local/share/DBeaverData/install-data/org.jkiss.dbeaver.product/26.1.5-202608161900/org.eclipse.osgi/152/0/.cp/libswt-gtk-4973r12.so
727b76aeb000-727b76aec000 r--p 0008c000 08:12 22032966                   /home/david-daniel/.local/share/DBeaverData/install-data/org.jkiss.dbeaver.product/26.1.5-202608161900/org.eclipse.osgi/152/0/.cp/libswt-gtk-4973r12.so
727b76aec000-727b76af4000 rw-p 0008d000 08:12 22032966                   /home/david-daniel/.local/share/DBeaverData/install-data/org.jkiss.dbeaver.product/26.1.5-202608161900/org.eclipse.osgi/152/0/.cp/libswt-gtk-4973r12.so
727b76af4000-727b76af8000 rw-p 00000000 00:00 0 
727b76af8000-727b76afc000 ---p 00000000 00:00 0 
727b76afc000-727b76bf8000 rw-p 00000000 00:00 0 
727b76bf8000-727b76bfc000 ---p 00000000 00:00 0 
727b76bfc000-727b76cf8000 rw-p 00000000 00:00 0 
727b76cf8000-727b76cfc000 ---p 00000000 00:00 0 
727b76cfc000-727b76df8000 rw-p 00000000 00:00 0 
727b76df8000-727b76dfc000 ---p 00000000 00:00 0 
727b76dfc000-727b76ef8000 rw-p 00000000 00:00 0 
727b76ef8000-727b76ef9000 ---p 00000000 00:00 0 
727b76ef9000-727b76ff9000 rw-p 00000000 00:00 0 
727b76ff9000-727b76ffd000 ---p 00000000 00:00 0 
727b76ffd000-727b770f9000 rw-p 00000000 00:00 0 
727b770f9000-727b770fd000 ---p 00000000 00:00 0 
727b770fd000-727b771f9000 rw-p 00000000 00:00 0 
727b771f9000-727b771fa000 ---p 00000000 00:00 0 
727b771fa000-727b772fa000 rw-p 00000000 00:00 0 
727b772fa000-727b772fb000 ---p 00000000 00:00 0 
727b772fb000-727b773fb000 rw-p 00000000 00:00 0 
727b773fb000-727b773fc000 ---p 00000000 00:00 0 
727b773fc000-727b774fc000 rw-p 00000000 00:00 0 
727b774fc000-727b774fd000 ---p 00000000 00:00 0 
727b774fd000-727b775fd000 rw-p 00000000 00:00 0 
727b775fd000-727b775fe000 ---p 00000000 00:00 0 
727b775fe000-727b776fe000 rw-p 00000000 00:00 0 
727b776fe000-727b776ff000 ---p 00000000 00:00 0 
727b776ff000-727b777ff000 rw-p 00000000 00:00 0 
727b777ff000-727b77800000 ---p 00000000 00:00 0 
727b77800000-727b77900000 rw-p 00000000 00:00 0 
727b77900000-727b77904000 ---p 00000000 00:00 0 
727b77904000-727b77a00000 rw-p 00000000 00:00 0 
727b77a00000-727b77a04000 ---p 00000000 00:00 0 
727b77a04000-727b77b00000 rw-p 00000000 00:00 0 
727b77b00000-727b77b04000 ---p 00000000 00:00 0 
727b77b04000-727b77c00000 rw-p 00000000 00:00 0 
727b77c00000-727b77c04000 ---p 00000000 00:00 0 
727b77c04000-727b77d00000 rw-p 00000000 00:00 0 
727b77d00000-727b77d04000 ---p 00000000 00:00 0 
727b77d04000-727b77e00000 rw-p 00000000 00:00 0 
727b77e00000-727b77e04000 ---p 00000000 00:00 0 
727b77e04000-727b77f00000 rw-p 00000000 00:00 0 
727b77f00000-727b77f04000 ---p 00000000 00:00 0 
727b77f04000-727b78000000 rw-p 00000000 00:00 0 
727b78000000-727b78021000 rw-p 00000000 00:00 0 
727b78021000-727b7c000000 ---p 00000000 00:00 0 
727b7c000000-727b7c021000 rw-p 00000000 00:00 0 
727b7c021000-727b80000000 ---p 00000000 00:00 0 
727b80000000-727b80021000 rw-p 00000000 00:00 0 
727b80021000-727b84000000 ---p 00000000 00:00 0 
727b84000000-727b84021000 rw-p 00000000 00:00 0 
727b84021000-727b88000000 ---p 00000000 00:00 0 
727b88000000-727b88021000 rw-p 00000000 00:00 0 
727b88021000-727b8c000000 ---p 00000000 00:00 0 
727b8c000000-727b8c021000 rw-p 00000000 00:00 0 
727b8c021000-727b90000000 ---p 00000000 00:00 0 
727b90000000-727b9009f000 rw-p 00000000 00:00 0 
727b9009f000-727b94000000 ---p 00000000 00:00 0 
727b94000000-727b961b1000 rw-p 00000000 00:00 0 
727b961b1000-727b98000000 ---p 00000000 00:00 0 
727b98000000-727b98021000 rw-p 00000000 00:00 0 
727b98021000-727b9c000000 ---p 00000000 00:00 0 
727b9c000000-727b9c021000 rw-p 00000000 00:00 0 
727b9c021000-727ba0000000 ---p 00000000 00:00 0 
727ba0000000-727ba0021000 rw-p 00000000 00:00 0 
727ba0021000-727ba4000000 ---p 00000000 00:00 0 
727ba4000000-727ba4021000 rw-p 00000000 00:00 0 
727ba4021000-727ba8000000 ---p 00000000 00:00 0 
727ba8000000-727ba8021000 rw-p 00000000 00:00 0 
727ba8021000-727bac000000 ---p 00000000 00:00 0 
727bac000000-727bac02e000 r--p 00000000 08:12 12747914                   /usr/share/icons/Yaru/icon-theme.cache
727bac02e000-727bac030000 r--p 00000000 08:12 12594327                   /usr/lib/x86_64-linux-gnu/libXtst.so.6.1.0
727bac030000-727bac033000 r-xp 00002000 08:12 12594327                   /usr/lib/x86_64-linux-gnu/libXtst.so.6.1.0
727bac033000-727bac034000 r--p 00005000 08:12 12594327                   /usr/lib/x86_64-linux-gnu/libXtst.so.6.1.0
727bac034000-727bac035000 r--p 00005000 08:12 12594327                   /usr/lib/x86_64-linux-gnu/libXtst.so.6.1.0
727bac035000-727bac036000 rw-p 00006000 08:12 12594327                   /usr/lib/x86_64-linux-gnu/libXtst.so.6.1.0
727bac039000-727bac03a000 r--p 00000000 08:12 12596159                   /usr/lib/x86_64-linux-gnu/gdk-pixbuf-2.0/2.10.0/loaders/libpixbufloader-svg.so
727bac03a000-727bac03b000 r-xp 00001000 08:12 12596159                   /usr/lib/x86_64-linux-gnu/gdk-pixbuf-2.0/2.10.0/loaders/libpixbufloader-svg.so
727bac03b000-727bac03c000 r--p 00002000 08:12 12596159                   /usr/lib/x86_64-linux-gnu/gdk-pixbuf-2.0/2.10.0/loaders/libpixbufloader-svg.so
727bac03c000-727bac03d000 r--p 00002000 08:12 12596159                   /usr/lib/x86_64-linux-gnu/gdk-pixbuf-2.0/2.10.0/loaders/libpixbufloader-svg.so
727bac03d000-727bac03e000 rw-p 00003000 08:12 12596159                   /usr/lib/x86_64-linux-gnu/gdk-pixbuf-2.0/2.10.0/loaders/libpixbufloader-svg.so
727bac03e000-727bac048000 r--p 00000000 08:12 12730683                   /usr/share/icons/Adwaita/icon-theme.cache
727bac048000-727bac04c000 r--p 00000000 08:12 13379895                   /usr/share/dbeaver-ce/jre/lib/libverify.so
727bac04c000-727bac055000 r-xp 00004000 08:12 13379895                   /usr/share/dbeaver-ce/jre/lib/libverify.so
727bac055000-727bac057000 r--p 0000d000 08:12 13379895                   /usr/share/dbeaver-ce/jre/lib/libverify.so
727bac057000-727bac059000 r--p 0000e000 08:12 13379895                   /usr/share/dbeaver-ce/jre/lib/libverify.so
727bac059000-727bac05a000 rw-p 00010000 08:12 13379895                   /usr/share/dbeaver-ce/jre/lib/libverify.so
727bac05a000-727bac05e000 ---p 00000000 00:00 0 
727bac05e000-727bac15a000 rw-p 00000000 00:00 0 
727bac15a000-727bac15e000 ---p 00000000 00:00 0 
727bac15e000-727bac25a000 rw-p 00000000 00:00 0 
727bac25a000-727bac25e000 ---p 00000000 00:00 0 
727bac25e000-727bac35a000 rw-p 00000000 00:00 0 
727bac35a000-727bac35e000 ---p 00000000 00:00 0 
727bac35e000-727bac45a000 rw-p 00000000 00:00 0 
727bac45a000-727bac45e000 ---p 00000000 00:00 0 
727bac45e000-727bac55a000 rw-p 00000000 00:00 0 
727bac55a000-727bac55e000 ---p 00000000 00:00 0 
727bac55e000-727bac65a000 rw-p 00000000 00:00 0 
727bac65a000-727bac65e000 ---p 00000000 00:00 0 
727bac65e000-727bac75a000 rw-p 00000000 00:00 0 
727bac75a000-727bac862000 r--p 00000000 08:12 12612821                   /usr/share/fonts/truetype/ubuntu/UbuntuSans[wdth,wght].ttf
727bac862000-727bac96a000 r--p 00000000 08:12 12612821                   /usr/share/fonts/truetype/ubuntu/UbuntuSans[wdth,wght].ttf
727bac96a000-727bac978000 r--s 00000000 08:12 16908692                   /var/cache/fontconfig/a4e60e8d1e10d2fdff3fe3037a1845fb-le64.cache-9
727bac978000-727bac9d6000 r--s 00000000 08:12 16908677                   /var/cache/fontconfig/2300eef321c393bfd76478a5c0e95b23-le64.cache-9
727bac9d6000-727baca4b000 r--s 00000000 08:12 16908675                   /var/cache/fontconfig/0bd3dc0958fa2205aaaa8ebb13e2872b-le64.cache-9
727baca4b000-727baca89000 r--s 00000000 08:12 16920135                   /var/cache/fontconfig/365b55f210c0a22e9a19e35191240f32-le64.cache-9
727baca89000-727baca91000 r--s 00000000 08:12 16908678                   /var/cache/fontconfig/3047814df9a2f067bd2d96a2b9c36e5a-le64.cache-9
727baca91000-727bacaa8000 r--s 00000000 08:12 16922012                   /var/cache/fontconfig/d52a8644073d54c13679302ca1180695-le64.cache-9
727bacaa8000-727bacab5000 r--s 00000000 08:12 16915461                   /var/cache/fontconfig/d589a48862398ed80a3d6066f4f56f4c-le64.cache-9
727bacab5000-727bacac5000 r--s 00000000 08:12 16908686                   /var/cache/fontconfig/6cc790b63b123a6a96ee260fcdad32a9-le64.cache-9
727bacac5000-727bacad6000 r--s 00000000 08:12 16908690                   /var/cache/fontconfig/9b89f8e3dae116d678bbf48e5f21f69b-le64.cache-9
727bacad6000-727bacad7000 ---p 00000000 00:00 0 
727bacad7000-727bad2d7000 rw-p 00000000 00:00 0 
727bad2d7000-727bad2ff000 r--s 00000000 08:12 12585075                   /usr/share/mime/mime.cache
727bad2ff000-727bad311000 r--p 00000000 08:12 12584703                   /usr/lib/x86_64-linux-gnu/gvfs/libgvfscommon.so
727bad311000-727bad32d000 r-xp 00012000 08:12 12584703                   /usr/lib/x86_64-linux-gnu/gvfs/libgvfscommon.so
727bad32d000-727bad339000 r--p 0002e000 08:12 12584703                   /usr/lib/x86_64-linux-gnu/gvfs/libgvfscommon.so
727bad339000-727bad33f000 r--p 00039000 08:12 12584703                   /usr/lib/x86_64-linux-gnu/gvfs/libgvfscommon.so
727bad33f000-727bad340000 rw-p 0003f000 08:12 12584703                   /usr/lib/x86_64-linux-gnu/gvfs/libgvfscommon.so
727bad340000-727bad34a000 r--p 00000000 08:12 12584706                   /usr/lib/x86_64-linux-gnu/gio/modules/libgvfsdbus.so
727bad34a000-727bad368000 r-xp 0000a000 08:12 12584706                   /usr/lib/x86_64-linux-gnu/gio/modules/libgvfsdbus.so
727bad368000-727bad370000 r--p 00028000 08:12 12584706                   /usr/lib/x86_64-linux-gnu/gio/modules/libgvfsdbus.so
727bad370000-727bad372000 r--p 00030000 08:12 12584706                   /usr/lib/x86_64-linux-gnu/gio/modules/libgvfsdbus.so
727bad372000-727bad373000 rw-p 00032000 08:12 12584706                   /usr/lib/x86_64-linux-gnu/gio/modules/libgvfsdbus.so
727bad373000-727bad427000 r--p 00000000 08:12 12877328                   /usr/share/themes/Yaru-dark/gtk-3.0/gtk.gresource
727bad427000-727bad667000 rw-s 00000000 00:01 566                        /memfd:wayland-cursor (deleted)
727bad667000-727bad668000 ---p 00000000 00:00 0 
727bad668000-727bade68000 rw-p 00000000 00:00 0 
727bade68000-727bade69000 ---p 00000000 00:00 0 
727bade69000-727bae669000 rw-p 00000000 00:00 0 
727bae669000-727bae692000 r--p 00000000 08:12 12586791                   /usr/share/glib-2.0/schemas/gschemas.compiled
727bae692000-727bae6b5000 r--p 00000000 08:12 12863065                   /usr/share/locale-langpack/pt_BR/LC_MESSAGES/glib20.mo
727bae6b5000-727bae6b6000 ---p 00000000 00:00 0 
727bae6b6000-727baeeb6000 rw-p 00000000 00:00 0 
727baeeb6000-727baeeb7000 ---p 00000000 00:00 0 
727baeeb7000-727baf6b7000 rw-p 00000000 00:00 0 
727baf6b7000-727baf6b8000 ---p 00000000 00:00 0 
727baf6b8000-727bafeb8000 rw-p 00000000 00:00 0 
727bafeb8000-727bafec7000 r--p 00000000 08:12 12586206                   /usr/lib/x86_64-linux-gnu/libgcrypt.so.20.4.3
727bafec7000-727baffbb000 r-xp 0000f000 08:12 12586206                   /usr/lib/x86_64-linux-gnu/libgcrypt.so.20.4.3
727baffbb000-727bafff6000 r--p 00103000 08:12 12586206                   /usr/lib/x86_64-linux-gnu/libgcrypt.so.20.4.3
727bafff6000-727bafffb000 r--p 0013e000 08:12 12586206                   /usr/lib/x86_64-linux-gnu/libgcrypt.so.20.4.3
727bafffb000-727baffff000 rw-p 00143000 08:12 12586206                   /usr/lib/x86_64-linux-gnu/libgcrypt.so.20.4.3
727baffff000-727bb0021000 rw-p 00000000 00:00 0 
727bb0021000-727bb4000000 ---p 00000000 00:00 0 
727bb4000000-727bb4021000 rw-p 00000000 00:00 0 
727bb4021000-727bb8000000 ---p 00000000 00:00 0 
727bb8000000-727bba4c0000 rw-p 00000000 00:00 0 
727bba4c0000-727bbc000000 ---p 00000000 00:00 0 
727bbc000000-727bbd0d2000 rw-p 00000000 00:00 0 
727bbd0d2000-727bc0000000 ---p 00000000 00:00 0 
727bc0000000-727bc0021000 rw-p 00000000 00:00 0 
727bc0021000-727bc4000000 ---p 00000000 00:00 0 
727bc4000000-727bc4021000 rw-p 00000000 00:00 0 
727bc4021000-727bc8000000 ---p 00000000 00:00 0 
727bc8000000-727bc8021000 rw-p 00000000 00:00 0 
727bc8021000-727bcc000000 ---p 00000000 00:00 0 
727bcc000000-727bcc021000 rw-p 00000000 00:00 0 
727bcc021000-727bd0000000 ---p 00000000 00:00 0 
727bd0000000-727bd0021000 rw-p 00000000 00:00 0 
727bd0021000-727bd4000000 ---p 00000000 00:00 0 
727bd4000000-727bd4021000 rw-p 00000000 00:00 0 
727bd4021000-727bd8000000 ---p 00000000 00:00 0 
727bd8000000-727bd8500000 rw-p 00000000 00:00 0 
727bd8500000-727bd8540000 rw-p 00000000 00:00 0 
727bd8540000-727bd8580000 rw-p 00000000 00:00 0 
727bd8580000-727bd8700000 rw-p 00000000 00:00 0 
727bd8700000-727bd8720000 rw-p 00000000 00:00 0 
727bd8720000-727bd8740000 rw-p 00000000 00:00 0 
727bd8740000-727bd8780000 rw-p 00000000 00:00 0 
727bd8780000-727bd8900000 rw-p 00000000 00:00 0 
727bd8900000-727bd8920000 rw-p 00000000 00:00 0 
727bd8920000-727bd8940000 rw-p 00000000 00:00 0 
727bd8940000-727bd8980000 rw-p 00000000 00:00 0 
727bd8980000-727bd8b00000 rw-p 00000000 00:00 0 
727bd8b00000-727bd8bc0000 rw-p 00000000 00:00 0 
727bd8bc0000-727bd8c00000 rw-p 00000000 00:00 0 
727bd8c00000-727bd8d00000 rw-p 00000000 00:00 0 
727bd8d00000-727bd8e00000 rw-p 00000000 00:00 0 
727bd8e00000-727bd8f80000 rw-p 00000000 00:00 0 
727bd8f80000-727bd9000000 rw-p 00000000 00:00 0 
727bd9000000-727bd9100000 rw-p 00000000 00:00 0 
727bd9100000-727bd9200000 rw-p 00000000 00:00 0 
727bd9200000-727bd9380000 rw-p 00000000 00:00 0 
727bd9380000-727bd9400000 rw-p 00000000 00:00 0 
727bd9400000-727bd9500000 rw-p 00000000 00:00 0 
727bd9500000-727bd9600000 rw-p 00000000 00:00 0 
727bd9600000-727bd9900000 rw-p 00000000 00:00 0 
727bd9900000-727bd9a00000 rw-p 00000000 00:00 0 
727bd9a00000-727bd9b00000 rw-p 00000000 00:00 0 
727bd9b00000-727bd9c00000 rw-p 00000000 00:00 0 
727bd9c00000-727bda300000 rw-p 00000000 00:00 0 
727bda300000-727bda400000 rw-p 00000000 00:00 0 
727bda400000-727bdaf00000 rw-p 00000000 00:00 0 
727bdaf00000-727bdaf20000 rw-p 00000000 00:00 0 
727bdaf20000-727bdb000000 ---p 00000000 00:00 0 
727bdb000000-727bdb0c0000 rw-p 00000000 00:00 0 
727bdb0c0000-727bdc000000 ---p 00000000 00:00 0 
727bdc000000-727bdc021000 rw-p 00000000 00:00 0 
727bdc021000-727be0000000 ---p 00000000 00:00 0 
727be0000000-727be0021000 rw-p 00000000 00:00 0 
727be0021000-727be4000000 ---p 00000000 00:00 0 
727be4000000-727be4021000 rw-p 00000000 00:00 0 
727be4021000-727be8000000 ---p 00000000 00:00 0 
727be8000000-727be8006000 r--p 00000000 08:12 12722020                   /usr/share/icons/hicolor/icon-theme.cache
727be8006000-727be8017000 r--s 00000000 08:12 16908698                   /var/cache/fontconfig/e13b20fdb08344e0e664864cc2ede53d-le64.cache-9
727be8017000-727be804a000 r--p 00000000 08:12 12863124                   /usr/share/locale-langpack/pt_BR/LC_MESSAGES/gtk30-properties.mo
727be804a000-727be8066000 r--p 00000000 08:12 12863125                   /usr/share/locale-langpack/pt_BR/LC_MESSAGES/gtk30.mo
727be8066000-727be806a000 r--p 00000000 08:12 12595120                   /usr/lib/x86_64-linux-gnu/libzstd.so.1.5.5
727be806a000-727be8111000 r-xp 00004000 08:12 12595120                   /usr/lib/x86_64-linux-gnu/libzstd.so.1.5.5
727be8111000-727be811e000 r--p 000ab000 08:12 12595120                   /usr/lib/x86_64-linux-gnu/libzstd.so.1.5.5
727be811e000-727be811f000 r--p 000b7000 08:12 12595120                   /usr/lib/x86_64-linux-gnu/libzstd.so.1.5.5
727be811f000-727be8120000 rw-p 000b8000 08:12 12595120                   /usr/lib/x86_64-linux-gnu/libzstd.so.1.5.5
727be8120000-727be8136000 r--p 00000000 08:12 12583980                   /usr/lib/x86_64-linux-gnu/libsystemd.so.0.38.0
727be8136000-727be81c5000 r-xp 00016000 08:12 12583980                   /usr/lib/x86_64-linux-gnu/libsystemd.so.0.38.0
727be81c5000-727be81f3000 r--p 000a5000 08:12 12583980                   /usr/lib/x86_64-linux-gnu/libsystemd.so.0.38.0
727be81f3000-727be81fe000 r--p 000d2000 08:12 12583980                   /usr/lib/x86_64-linux-gnu/libsystemd.so.0.38.0
727be81fe000-727be81ff000 rw-p 000dd000 08:12 12583980                   /usr/lib/x86_64-linux-gnu/libsystemd.so.0.38.0
727be81ff000-727be8200000 rw-p 00000000 00:00 0 
727be8200000-727be8283000 r--p 00000000 08:12 12594669                   /usr/lib/x86_64-linux-gnu/libgtk-3.so.0.2409.32
727be8283000-727be8631000 r-xp 00083000 08:12 12594669                   /usr/lib/x86_64-linux-gnu/libgtk-3.so.0.2409.32
727be8631000-727be89b6000 r--p 00431000 08:12 12594669                   /usr/lib/x86_64-linux-gnu/libgtk-3.so.0.2409.32
727be89b6000-727be89c6000 r--p 007b5000 08:12 12594669                   /usr/lib/x86_64-linux-gnu/libgtk-3.so.0.2409.32
727be89c6000-727be89c8000 rw-p 007c5000 08:12 12594669                   /usr/lib/x86_64-linux-gnu/libgtk-3.so.0.2409.32
727be89c8000-727be89cd000 rw-p 00000000 00:00 0 
727be89ce000-727be89cf000 r--p 00000000 08:12 13379876                   /usr/share/dbeaver-ce/jre/lib/libjaas.so
727be89cf000-727be89d0000 r-xp 00001000 08:12 13379876                   /usr/share/dbeaver-ce/jre/lib/libjaas.so
727be89d0000-727be89d1000 r--p 00002000 08:12 13379876                   /usr/share/dbeaver-ce/jre/lib/libjaas.so
727be89d1000-727be89d2000 r--p 00002000 08:12 13379876                   /usr/share/dbeaver-ce/jre/lib/libjaas.so
727be89d2000-727be89d3000 rw-p 00003000 08:12 13379876                   /usr/share/dbeaver-ce/jre/lib/libjaas.so
727be89d3000-727be89d4000 r--s 00000000 08:12 16913972                   /var/cache/fontconfig/da43223dd54fb3bb4243ae19d4b583b2-le64.cache-9
727be89d4000-727be89da000 r--p 00000000 08:12 12863048                   /usr/share/locale-langpack/pt_BR/LC_MESSAGES/gdk-pixbuf.mo
727be89da000-727be89de000 r--p 00000000 08:12 21124998                   /home/david-daniel/.config/dconf/user
727be89de000-727be89e2000 r--p 00000000 08:12 12594636                   /usr/lib/x86_64-linux-gnu/libgpg-error.so.0.34.0
727be89e2000-727be89f8000 r-xp 00004000 08:12 12594636                   /usr/lib/x86_64-linux-gnu/libgpg-error.so.0.34.0
727be89f8000-727be8a01000 r--p 0001a000 08:12 12594636                   /usr/lib/x86_64-linux-gnu/libgpg-error.so.0.34.0
727be8a01000-727be8a02000 r--p 00023000 08:12 12594636                   /usr/lib/x86_64-linux-gnu/libgpg-error.so.0.34.0
727be8a02000-727be8a03000 rw-p 00024000 08:12 12594636                   /usr/lib/x86_64-linux-gnu/libgpg-error.so.0.34.0
727be8a03000-727be8a06000 r--p 00000000 08:12 12592104                   /usr/lib/x86_64-linux-gnu/liblzma.so.5.4.5
727be8a06000-727be8a28000 r-xp 00003000 08:12 12592104                   /usr/lib/x86_64-linux-gnu/liblzma.so.5.4.5
727be8a28000-727be8a33000 r--p 00025000 08:12 12592104                   /usr/lib/x86_64-linux-gnu/liblzma.so.5.4.5
727be8a33000-727be8a34000 r--p 00030000 08:12 12592104                   /usr/lib/x86_64-linux-gnu/liblzma.so.5.4.5
727be8a34000-727be8a35000 rw-p 00031000 08:12 12592104                   /usr/lib/x86_64-linux-gnu/liblzma.so.5.4.5
727be8a35000-727be8a38000 r--p 00000000 08:12 12594760                   /usr/lib/x86_64-linux-gnu/liblz4.so.1.9.4
727be8a38000-727be8a53000 r-xp 00003000 08:12 12594760                   /usr/lib/x86_64-linux-gnu/liblz4.so.1.9.4
727be8a53000-727be8a55000 r--p 0001e000 08:12 12594760                   /usr/lib/x86_64-linux-gnu/liblz4.so.1.9.4
727be8a55000-727be8a56000 r--p 00020000 08:12 12594760                   /usr/lib/x86_64-linux-gnu/liblz4.so.1.9.4
727be8a56000-727be8a57000 rw-p 00021000 08:12 12594760                   /usr/lib/x86_64-linux-gnu/liblz4.so.1.9.4
727be8a57000-727be8a5a000 r--p 00000000 08:12 12596565                   /usr/lib/x86_64-linux-gnu/libcap.so.2.66
727be8a5a000-727be8a60000 r-xp 00003000 08:12 12596565                   /usr/lib/x86_64-linux-gnu/libcap.so.2.66
727be8a60000-727be8a62000 r--p 00009000 08:12 12596565                   /usr/lib/x86_64-linux-gnu/libcap.so.2.66
727be8a62000-727be8a63000 r--p 0000b000 08:12 12596565                   /usr/lib/x86_64-linux-gnu/libcap.so.2.66
727be8a63000-727be8a64000 rw-p 0000c000 08:12 12596565                   /usr/lib/x86_64-linux-gnu/libcap.so.2.66
727be8a64000-727be8a70000 r--p 00000000 08:12 12594498                   /usr/lib/x86_64-linux-gnu/libdbus-1.so.3.32.4
727be8a70000-727be8aa0000 r-xp 0000c000 08:12 12594498                   /usr/lib/x86_64-linux-gnu/libdbus-1.so.3.32.4
727be8aa0000-727be8ab1000 r--p 0003c000 08:12 12594498                   /usr/lib/x86_64-linux-gnu/libdbus-1.so.3.32.4
727be8ab1000-727be8ab2000 r--p 0004c000 08:12 12594498                   /usr/lib/x86_64-linux-gnu/libdbus-1.so.3.32.4
727be8ab2000-727be8ab3000 rw-p 0004d000 08:12 12594498                   /usr/lib/x86_64-linux-gnu/libdbus-1.so.3.32.4
727be8ab3000-727be8ac3000 r--p 00000000 08:12 12594420                   /usr/lib/x86_64-linux-gnu/libatspi.so.0.0.1
727be8ac3000-727be8adc000 r-xp 00010000 08:12 12594420                   /usr/lib/x86_64-linux-gnu/libatspi.so.0.0.1
727be8adc000-727be8ae9000 r--p 00029000 08:12 12594420                   /usr/lib/x86_64-linux-gnu/libatspi.so.0.0.1
727be8ae9000-727be8aec000 r--p 00036000 08:12 12594420                   /usr/lib/x86_64-linux-gnu/libatspi.so.0.0.1
727be8aec000-727be8aed000 rw-p 00039000 08:12 12594420                   /usr/lib/x86_64-linux-gnu/libatspi.so.0.0.1
727be8aed000-727be8af9000 r--p 00000000 08:12 12594416                   /usr/lib/x86_64-linux-gnu/libatk-bridge-2.0.so.0.0.0
727be8af9000-727be8b13000 r-xp 0000c000 08:12 12594416                   /usr/lib/x86_64-linux-gnu/libatk-bridge-2.0.so.0.0.0
727be8b13000-727be8b26000 r--p 00026000 08:12 12594416                   /usr/lib/x86_64-linux-gnu/libatk-bridge-2.0.so.0.0.0
727be8b26000-727be8b27000 r--p 00039000 08:12 12594416                   /usr/lib/x86_64-linux-gnu/libatk-bridge-2.0.so.0.0.0
727be8b27000-727be8b29000 rw-p 0003a000 08:12 12594416                   /usr/lib/x86_64-linux-gnu/libatk-bridge-2.0.so.0.0.0
727be8b29000-727be8b34000 r--p 00000000 08:12 12594415                   /usr/lib/x86_64-linux-gnu/libatk-1.0.so.0.25209.1
727be8b34000-727be8b44000 r-xp 0000b000 08:12 12594415                   /usr/lib/x86_64-linux-gnu/libatk-1.0.so.0.25209.1
727be8b44000-727be8b4f000 r--p 0001b000 08:12 12594415                   /usr/lib/x86_64-linux-gnu/libatk-1.0.so.0.25209.1
727be8b4f000-727be8b52000 r--p 00026000 08:12 12594415                   /usr/lib/x86_64-linux-gnu/libatk-1.0.so.0.25209.1
727be8b52000-727be8b53000 rw-p 00029000 08:12 12594415                   /usr/lib/x86_64-linux-gnu/libatk-1.0.so.0.25209.1
727be8b53000-727be8b55000 r--p 00000000 08:12 12594775                   /usr/lib/x86_64-linux-gnu/libmd.so.0.1.0
727be8b55000-727be8b5e000 r-xp 00002000 08:12 12594775                   /usr/lib/x86_64-linux-gnu/libmd.so.0.1.0
727be8b5e000-727be8b60000 r--p 0000b000 08:12 12594775                   /usr/lib/x86_64-linux-gnu/libmd.so.0.1.0
727be8b60000-727be8b61000 r--p 0000c000 08:12 12594775                   /usr/lib/x86_64-linux-gnu/libmd.so.0.1.0
727be8b61000-727be8b62000 rw-p 0000d000 08:12 12594775                   /usr/lib/x86_64-linux-gnu/libmd.so.0.1.0
727be8b62000-727be8b66000 r--p 00000000 08:12 12594455                   /usr/lib/x86_64-linux-gnu/libbsd.so.0.12.1
727be8b66000-727be8b72000 r-xp 00004000 08:12 12594455                   /usr/lib/x86_64-linux-gnu/libbsd.so.0.12.1
727be8b72000-727be8b75000 r--p 00010000 08:12 12594455                   /usr/lib/x86_64-linux-gnu/libbsd.so.0.12.1
727be8b75000-727be8b76000 r--p 00012000 08:12 12594455                   /usr/lib/x86_64-linux-gnu/libbsd.so.0.12.1
727be8b76000-727be8b77000 rw-p 00013000 08:12 12594455                   /usr/lib/x86_64-linux-gnu/libbsd.so.0.12.1
727be8b77000-727be8b78000 rw-p 00000000 00:00 0 
727be8b78000-727be8b79000 r--p 00000000 08:12 12594452                   /usr/lib/x86_64-linux-gnu/libbrotlicommon.so.1.1.0
727be8b79000-727be8b7a000 r-xp 00001000 08:12 12594452                   /usr/lib/x86_64-linux-gnu/libbrotlicommon.so.1.1.0
727be8b7a000-727be8b99000 r--p 00002000 08:12 12594452                   /usr/lib/x86_64-linux-gnu/libbrotlicommon.so.1.1.0
727be8b99000-727be8b9a000 r--p 00021000 08:12 12594452                   /usr/lib/x86_64-linux-gnu/libbrotlicommon.so.1.1.0
727be8b9a000-727be8b9b000 rw-p 00022000 08:12 12594452                   /usr/lib/x86_64-linux-gnu/libbrotlicommon.so.1.1.0
727be8b9b000-727be8ba2000 r--p 00000000 08:12 12585876                   /usr/lib/x86_64-linux-gnu/libblkid.so.1.1.0
727be8ba2000-727be8bc6000 r-xp 00007000 08:12 12585876                   /usr/lib/x86_64-linux-gnu/libblkid.so.1.1.0
727be8bc6000-727be8bcf000 r--p 0002b000 08:12 12585876                   /usr/lib/x86_64-linux-gnu/libblkid.so.1.1.0
727be8bcf000-727be8bd5000 r--p 00033000 08:12 12585876                   /usr/lib/x86_64-linux-gnu/libblkid.so.1.1.0
727be8bd5000-727be8bd6000 rw-p 00039000 08:12 12585876                   /usr/lib/x86_64-linux-gnu/libblkid.so.1.1.0
727be8bd6000-727be8bd9000 r--p 00000000 08:12 12586918                   /usr/lib/x86_64-linux-gnu/libgraphite2.so.3.2.1
727be8bd9000-727be8bf6000 r-xp 00003000 08:12 12586918                   /usr/lib/x86_64-linux-gnu/libgraphite2.so.3.2.1
727be8bf6000-727be8bf9000 r--p 00020000 08:12 12586918                   /usr/lib/x86_64-linux-gnu/libgraphite2.so.3.2.1
727be8bf9000-727be8bfb000 r--p 00022000 08:12 12586918                   /usr/lib/x86_64-linux-gnu/libgraphite2.so.3.2.1
727be8bfb000-727be8bfc000 rw-p 00024000 08:12 12586918                   /usr/lib/x86_64-linux-gnu/libgraphite2.so.3.2.1
727be8bfc000-727be8bfe000 r--p 00000000 08:12 12594496                   /usr/lib/x86_64-linux-gnu/libdatrie.so.1.4.0
727be8bfe000-727be8c02000 r-xp 00002000 08:12 12594496                   /usr/lib/x86_64-linux-gnu/libdatrie.so.1.4.0
727be8c02000-727be8c03000 r--p 00006000 08:12 12594496                   /usr/lib/x86_64-linux-gnu/libdatrie.so.1.4.0
727be8c03000-727be8c04000 r--p 00006000 08:12 12594496                   /usr/lib/x86_64-linux-gnu/libdatrie.so.1.4.0
727be8c04000-727be8c05000 rw-p 00007000 08:12 12594496                   /usr/lib/x86_64-linux-gnu/libdatrie.so.1.4.0
727be8c05000-727be8c07000 r--p 00000000 08:12 12594313                   /usr/lib/x86_64-linux-gnu/libXdmcp.so.6.0.0
727be8c07000-727be8c09000 r-xp 00002000 08:12 12594313                   /usr/lib/x86_64-linux-gnu/libXdmcp.so.6.0.0
727be8c09000-727be8c0b000 r--p 00004000 08:12 12594313                   /usr/lib/x86_64-linux-gnu/libXdmcp.so.6.0.0
727be8c0b000-727be8c0c000 r--p 00005000 08:12 12594313                   /usr/lib/x86_64-linux-gnu/libXdmcp.so.6.0.0
727be8c0c000-727be8c0d000 rw-p 00006000 08:12 12594313                   /usr/lib/x86_64-linux-gnu/libXdmcp.so.6.0.0
727be8c0d000-727be8c0e000 r--p 00000000 08:12 12594308                   /usr/lib/x86_64-linux-gnu/libXau.so.6.0.0
727be8c0e000-727be8c10000 r-xp 00001000 08:12 12594308                   /usr/lib/x86_64-linux-gnu/libXau.so.6.0.0
727be8c10000-727be8c11000 r--p 00003000 08:12 12594308                   /usr/lib/x86_64-linux-gnu/libXau.so.6.0.0
727be8c11000-727be8c12000 r--p 00003000 08:12 12594308                   /usr/lib/x86_64-linux-gnu/libXau.so.6.0.0
727be8c12000-727be8c13000 rw-p 00004000 08:12 12594308                   /usr/lib/x86_64-linux-gnu/libXau.so.6.0.0
727be8c13000-727be8c14000 r--p 00000000 08:12 12594453                   /usr/lib/x86_64-linux-gnu/libbrotlidec.so.1.1.0
727be8c14000-727be8c1c000 r-xp 00001000 08:12 12594453                   /usr/lib/x86_64-linux-gnu/libbrotlidec.so.1.1.0
727be8c1c000-727be8c1f000 r--p 00009000 08:12 12594453                   /usr/lib/x86_64-linux-gnu/libbrotlidec.so.1.1.0
727be8c1f000-727be8c20000 r--p 0000b000 08:12 12594453                   /usr/lib/x86_64-linux-gnu/libbrotlidec.so.1.1.0
727be8c20000-727be8c21000 rw-p 0000c000 08:12 12594453                   /usr/lib/x86_64-linux-gnu/libbrotlidec.so.1.1.0
727be8c21000-727be8c23000 r--p 00000000 08:12 12594457                   /usr/lib/x86_64-linux-gnu/libbz2.so.1.0.4
727be8c23000-727be8c31000 r-xp 00002000 08:12 12594457                   /usr/lib/x86_64-linux-gnu/libbz2.so.1.0.4
727be8c31000-727be8c33000 r--p 00010000 08:12 12594457                   /usr/lib/x86_64-linux-gnu/libbz2.so.1.0.4
727be8c33000-727be8c34000 r--p 00011000 08:12 12594457                   /usr/lib/x86_64-linux-gnu/libbz2.so.1.0.4
727be8c34000-727be8c35000 rw-p 00012000 08:12 12594457                   /usr/lib/x86_64-linux-gnu/libbz2.so.1.0.4
727be8c35000-727be8c3d000 r--p 00000000 08:12 12594867                   /usr/lib/x86_64-linux-gnu/libpangoft2-1.0.so.0.5200.1
727be8c3d000-727be8c4a000 r-xp 00008000 08:12 12594867                   /usr/lib/x86_64-linux-gnu/libpangoft2-1.0.so.0.5200.1
727be8c4a000-727be8c4e000 r--p 00015000 08:12 12594867                   /usr/lib/x86_64-linux-gnu/libpangoft2-1.0.so.0.5200.1
727be8c4e000-727be8c4f000 r--p 00019000 08:12 12594867                   /usr/lib/x86_64-linux-gnu/libpangoft2-1.0.so.0.5200.1
727be8c4f000-727be8c50000 rw-p 0001a000 08:12 12594867                   /usr/lib/x86_64-linux-gnu/libpangoft2-1.0.so.0.5200.1
727be8c50000-727be8c56000 r--p 00000000 08:12 12594950                   /usr/lib/x86_64-linux-gnu/libselinux.so.1
727be8c56000-727be8c73000 r-xp 00006000 08:12 12594950                   /usr/lib/x86_64-linux-gnu/libselinux.so.1
727be8c73000-727be8c79000 r--p 00023000 08:12 12594950                   /usr/lib/x86_64-linux-gnu/libselinux.so.1
727be8c79000-727be8c7a000 r--p 00029000 08:12 12594950                   /usr/lib/x86_64-linux-gnu/libselinux.so.1
727be8c7a000-727be8c7b000 rw-p 0002a000 08:12 12594950                   /usr/lib/x86_64-linux-gnu/libselinux.so.1
727be8c7b000-727be8c7d000 rw-p 00000000 00:00 0 
727be8c7d000-727be8c86000 r--p 00000000 08:12 12591902                   /usr/lib/x86_64-linux-gnu/libmount.so.1.1.0
727be8c86000-727be8cba000 r-xp 00009000 08:12 12591902                   /usr/lib/x86_64-linux-gnu/libmount.so.1.1.0
727be8cba000-727be8cc7000 r--p 0003d000 08:12 12591902                   /usr/lib/x86_64-linux-gnu/libmount.so.1.1.0
727be8cc7000-727be8cc9000 r--p 00049000 08:12 12591902                   /usr/lib/x86_64-linux-gnu/libmount.so.1.1.0
727be8cc9000-727be8cca000 rw-p 0004b000 08:12 12591902                   /usr/lib/x86_64-linux-gnu/libmount.so.1.1.0
727be8cca000-727be8cce000 r--p 00000000 08:12 12583854                   /usr/lib/x86_64-linux-gnu/libexpat.so.1.9.1
727be8cce000-727be8ceb000 r-xp 00004000 08:12 12583854                   /usr/lib/x86_64-linux-gnu/libexpat.so.1.9.1
727be8ceb000-727be8cf3000 r--p 00021000 08:12 12583854                   /usr/lib/x86_64-linux-gnu/libexpat.so.1.9.1
727be8cf3000-727be8cf5000 r--p 00028000 08:12 12583854                   /usr/lib/x86_64-linux-gnu/libexpat.so.1.9.1
727be8cf5000-727be8cf6000 rw-p 0002a000 08:12 12583854                   /usr/lib/x86_64-linux-gnu/libexpat.so.1.9.1
727be8cf6000-727be8d01000 r--p 00000000 08:12 12594686                   /usr/lib/x86_64-linux-gnu/libharfbuzz.so.0.60830.0
727be8d01000-727be8dcf000 r-xp 0000b000 08:12 12594686                   /usr/lib/x86_64-linux-gnu/libharfbuzz.so.0.60830.0
727be8dcf000-727be8e01000 r--p 000d9000 08:12 12594686                   /usr/lib/x86_64-linux-gnu/libharfbuzz.so.0.60830.0
727be8e01000-727be8e02000 r--p 0010b000 08:12 12594686                   /usr/lib/x86_64-linux-gnu/libharfbuzz.so.0.60830.0
727be8e02000-727be8e03000 rw-p 0010c000 08:12 12594686                   /usr/lib/x86_64-linux-gnu/libharfbuzz.so.0.60830.0
727be8e03000-727be8e05000 r--p 00000000 08:12 12594999                   /usr/lib/x86_64-linux-gnu/libthai.so.0.3.1
727be8e05000-727be8e09000 r-xp 00002000 08:12 12594999                   /usr/lib/x86_64-linux-gnu/libthai.so.0.3.1
727be8e09000-727be8e0c000 r--p 00006000 08:12 12594999                   /usr/lib/x86_64-linux-gnu/libthai.so.0.3.1
727be8e0c000-727be8e0d000 r--p 00008000 08:12 12594999                   /usr/lib/x86_64-linux-gnu/libthai.so.0.3.1
727be8e0d000-727be8e0e000 rw-p 00009000 08:12 12594999                   /usr/lib/x86_64-linux-gnu/libthai.so.0.3.1
727be8e0e000-727be8e18000 r--p 00000000 08:12 12594888                   /usr/lib/x86_64-linux-gnu/libpixman-1.so.0.42.2
727be8e18000-727be8ea5000 r-xp 0000a000 08:12 12594888                   /usr/lib/x86_64-linux-gnu/libpixman-1.so.0.42.2
727be8ea5000-727be8eb4000 r--p 00097000 08:12 12594888                   /usr/lib/x86_64-linux-gnu/libpixman-1.so.0.42.2
727be8eb4000-727be8ebc000 r--p 000a5000 08:12 12594888                   /usr/lib/x86_64-linux-gnu/libpixman-1.so.0.42.2
727be8ebc000-727be8ebd000 rw-p 000ad000 08:12 12594888                   /usr/lib/x86_64-linux-gnu/libpixman-1.so.0.42.2
727be8ebd000-727be8ebe000 r--p 00000000 08:12 12595098                   /usr/lib/x86_64-linux-gnu/libxcb-shm.so.0.0.0
727be8ebe000-727be8ebf000 r-xp 00001000 08:12 12595098                   /usr/lib/x86_64-linux-gnu/libxcb-shm.so.0.0.0
727be8ebf000-727be8ec0000 r--p 00002000 08:12 12595098                   /usr/lib/x86_64-linux-gnu/libxcb-shm.so.0.0.0
727be8ec0000-727be8ec1000 r--p 00002000 08:12 12595098                   /usr/lib/x86_64-linux-gnu/libxcb-shm.so.0.0.0
727be8ec1000-727be8ec2000 rw-p 00003000 08:12 12595098                   /usr/lib/x86_64-linux-gnu/libxcb-shm.so.0.0.0
727be8ec2000-727be8ec7000 r--p 00000000 08:12 12595095                   /usr/lib/x86_64-linux-gnu/libxcb-render.so.0.0.0
727be8ec7000-727be8ecc000 r-xp 00005000 08:12 12595095                   /usr/lib/x86_64-linux-gnu/libxcb-render.so.0.0.0
727be8ecc000-727be8ecf000 r--p 0000a000 08:12 12595095                   /usr/lib/x86_64-linux-gnu/libxcb-render.so.0.0.0
727be8ecf000-727be8ed0000 r--p 0000c000 08:12 12595095                   /usr/lib/x86_64-linux-gnu/libxcb-render.so.0.0.0
727be8ed0000-727be8ed1000 rw-p 0000d000 08:12 12595095                   /usr/lib/x86_64-linux-gnu/libxcb-render.so.0.0.0
727be8ed1000-727be8edc000 r--p 00000000 08:12 12595104                   /usr/lib/x86_64-linux-gnu/libxcb.so.1.1.0
727be8edc000-727be8eef000 r-xp 0000b000 08:12 12595104                   /usr/lib/x86_64-linux-gnu/libxcb.so.1.1.0
727be8eef000-727be8ef8000 r--p 0001e000 08:12 12595104                   /usr/lib/x86_64-linux-gnu/libxcb.so.1.1.0
727be8ef8000-727be8ef9000 r--p 00026000 08:12 12595104                   /usr/lib/x86_64-linux-gnu/libxcb.so.1.1.0
727be8ef9000-727be8efa000 rw-p 00027000 08:12 12595104                   /usr/lib/x86_64-linux-gnu/libxcb.so.1.1.0
727be8efa000-727be8efc000 r--p 00000000 08:12 12594324                   /usr/lib/x86_64-linux-gnu/libXrender.so.1.3.0
727be8efc000-727be8f03000 r-xp 00002000 08:12 12594324                   /usr/lib/x86_64-linux-gnu/libXrender.so.1.3.0
727be8f03000-727be8f04000 r--p 00009000 08:12 12594324                   /usr/lib/x86_64-linux-gnu/libXrender.so.1.3.0
727be8f04000-727be8f05000 r--p 00009000 08:12 12594324                   /usr/lib/x86_64-linux-gnu/libXrender.so.1.3.0
727be8f05000-727be8f06000 rw-p 0000a000 08:12 12594324                   /usr/lib/x86_64-linux-gnu/libXrender.so.1.3.0
727be8f06000-727be8f13000 r--p 00000000 08:12 12593420                   /usr/lib/x86_64-linux-gnu/libfreetype.so.6.20.1
727be8f13000-727be8fa4000 r-xp 0000d000 08:12 12593420                   /usr/lib/x86_64-linux-gnu/libfreetype.so.6.20.1
727be8fa4000-727be8fca000 r--p 0009e000 08:12 12593420                   /usr/lib/x86_64-linux-gnu/libfreetype.so.6.20.1
727be8fca000-727be8fd1000 r--p 000c4000 08:12 12593420                   /usr/lib/x86_64-linux-gnu/libfreetype.so.6.20.1
727be8fd1000-727be8fd2000 rw-p 000cb000 08:12 12593420                   /usr/lib/x86_64-linux-gnu/libfreetype.so.6.20.1
727be8fd2000-727be8fd4000 r--p 00000000 08:12 12595119                   /usr/lib/x86_64-linux-gnu/libz.so.1.3
727be8fd4000-727be8fe6000 r-xp 00002000 08:12 12595119                   /usr/lib/x86_64-linux-gnu/libz.so.1.3
727be8fe6000-727be8fec000 r--p 00014000 08:12 12595119                   /usr/lib/x86_64-linux-gnu/libz.so.1.3
727be8fec000-727be8fed000 r--p 0001a000 08:12 12595119                   /usr/lib/x86_64-linux-gnu/libz.so.1.3
727be8fed000-727be8fee000 rw-p 0001b000 08:12 12595119                   /usr/lib/x86_64-linux-gnu/libz.so.1.3
727be8fee000-727be8ff0000 r--p 00000000 08:12 12594879                   /usr/lib/x86_64-linux-gnu/libpcre2-8.so.0.11.2
727be8ff0000-727be905e000 r-xp 00002000 08:12 12594879                   /usr/lib/x86_64-linux-gnu/libpcre2-8.so.0.11.2
727be905e000-727be9086000 r--p 00070000 08:12 12594879                   /usr/lib/x86_64-linux-gnu/libpcre2-8.so.0.11.2
727be9086000-727be9087000 r--p 00097000 08:12 12594879                   /usr/lib/x86_64-linux-gnu/libpcre2-8.so.0.11.2
727be9087000-727be9088000 rw-p 00098000 08:12 12594879                   /usr/lib/x86_64-linux-gnu/libpcre2-8.so.0.11.2
727be9088000-727be908a000 r--p 00000000 08:12 12594563                   /usr/lib/x86_64-linux-gnu/libffi.so.8.1.4
727be908a000-727be9091000 r-xp 00002000 08:12 12594563                   /usr/lib/x86_64-linux-gnu/libffi.so.8.1.4
727be9091000-727be9092000 r--p 00009000 08:12 12594563                   /usr/lib/x86_64-linux-gnu/libffi.so.8.1.4
727be9092000-727be9093000 r--p 0000a000 08:12 12594563                   /usr/lib/x86_64-linux-gnu/libffi.so.8.1.4
727be9093000-727be9094000 rw-p 0000b000 08:12 12594563                   /usr/lib/x86_64-linux-gnu/libffi.so.8.1.4
727be9094000-727be9098000 r--p 00000000 08:12 12594736                   /usr/lib/x86_64-linux-gnu/libjpeg.so.8.2.2
727be9098000-727be90e5000 r-xp 00004000 08:12 12594736                   /usr/lib/x86_64-linux-gnu/libjpeg.so.8.2.2
727be90e5000-727be9115000 r--p 00051000 08:12 12594736                   /usr/lib/x86_64-linux-gnu/libjpeg.so.8.2.2
727be9115000-727be9116000 r--p 00081000 08:12 12594736                   /usr/lib/x86_64-linux-gnu/libjpeg.so.8.2.2
727be9116000-727be9117000 rw-p 00082000 08:12 12594736                   /usr/lib/x86_64-linux-gnu/libjpeg.so.8.2.2
727be9117000-727be911c000 r--p 00000000 08:12 12591915                   /usr/lib/x86_64-linux-gnu/libpng16.so.16.43.0
727be911c000-727be9144000 r-xp 00005000 08:12 12591915                   /usr/lib/x86_64-linux-gnu/libpng16.so.16.43.0
727be9144000-727be914d000 r--p 0002d000 08:12 12591915                   /usr/lib/x86_64-linux-gnu/libpng16.so.16.43.0
727be914d000-727be914e000 r--p 00035000 08:12 12591915                   /usr/lib/x86_64-linux-gnu/libpng16.so.16.43.0
727be914e000-727be914f000 rw-p 00036000 08:12 12591915                   /usr/lib/x86_64-linux-gnu/libpng16.so.16.43.0
727be914f000-727be9151000 r--p 00000000 08:12 12594619                   /usr/lib/x86_64-linux-gnu/libgmodule-2.0.so.0.8000.0
727be9151000-727be9153000 r-xp 00002000 08:12 12594619                   /usr/lib/x86_64-linux-gnu/libgmodule-2.0.so.0.8000.0
727be9153000-727be9154000 r--p 00004000 08:12 12594619                   /usr/lib/x86_64-linux-gnu/libgmodule-2.0.so.0.8000.0
727be9154000-727be9155000 r--p 00004000 08:12 12594619                   /usr/lib/x86_64-linux-gnu/libgmodule-2.0.so.0.8000.0
727be9155000-727be9156000 rw-p 00005000 08:12 12594619                   /usr/lib/x86_64-linux-gnu/libgmodule-2.0.so.0.8000.0
727be9156000-727be9157000 r--p 00000000 08:12 12594319                   /usr/lib/x86_64-linux-gnu/libXinerama.so.1.0.0
727be9157000-727be9158000 r-xp 00001000 08:12 12594319                   /usr/lib/x86_64-linux-gnu/libXinerama.so.1.0.0
727be9158000-727be9159000 r--p 00002000 08:12 12594319                   /usr/lib/x86_64-linux-gnu/libXinerama.so.1.0.0
727be9159000-727be915a000 r--p 00002000 08:12 12594319                   /usr/lib/x86_64-linux-gnu/libXinerama.so.1.0.0
727be915a000-727be915b000 rw-p 00003000 08:12 12594319                   /usr/lib/x86_64-linux-gnu/libXinerama.so.1.0.0
727be915b000-727be915d000 r--p 00000000 08:12 12594323                   /usr/lib/x86_64-linux-gnu/libXrandr.so.2.2.0
727be915d000-727be9164000 r-xp 00002000 08:12 12594323                   /usr/lib/x86_64-linux-gnu/libXrandr.so.2.2.0
727be9164000-727be9166000 r--p 00009000 08:12 12594323                   /usr/lib/x86_64-linux-gnu/libXrandr.so.2.2.0
727be9166000-727be9167000 r--p 0000a000 08:12 12594323                   /usr/lib/x86_64-linux-gnu/libXrandr.so.2.2.0
727be9167000-727be9168000 rw-p 0000b000 08:12 12594323                   /usr/lib/x86_64-linux-gnu/libXrandr.so.2.2.0
727be9168000-727be9169000 r--p 00000000 08:12 12594310                   /usr/lib/x86_64-linux-gnu/libXcomposite.so.1.0.0
727be9169000-727be916a000 r-xp 00001000 08:12 12594310                   /usr/lib/x86_64-linux-gnu/libXcomposite.so.1.0.0
727be916a000-727be916b000 r--p 00002000 08:12 12594310                   /usr/lib/x86_64-linux-gnu/libXcomposite.so.1.0.0
727be916b000-727be916c000 r--p 00002000 08:12 12594310                   /usr/lib/x86_64-linux-gnu/libXcomposite.so.1.0.0
727be916c000-727be916d000 rw-p 00003000 08:12 12594310                   /usr/lib/x86_64-linux-gnu/libXcomposite.so.1.0.0
727be916d000-727be916f000 r--p 00000000 08:12 12594315                   /usr/lib/x86_64-linux-gnu/libXfixes.so.3.1.0
727be916f000-727be9172000 r-xp 00002000 08:12 12594315                   /usr/lib/x86_64-linux-gnu/libXfixes.so.3.1.0
727be9172000-727be9173000 r--p 00005000 08:12 12594315                   /usr/lib/x86_64-linux-gnu/libXfixes.so.3.1.0
727be9173000-727be9174000 r--p 00005000 08:12 12594315                   /usr/lib/x86_64-linux-gnu/libXfixes.so.3.1.0
727be9174000-727be9175000 rw-p 00006000 08:12 12594315                   /usr/lib/x86_64-linux-gnu/libXfixes.so.3.1.0
727be9175000-727be9177000 r--p 00000000 08:12 12594311                   /usr/lib/x86_64-linux-gnu/libXcursor.so.1.0.2
727be9177000-727be917d000 r-xp 00002000 08:12 12594311                   /usr/lib/x86_64-linux-gnu/libXcursor.so.1.0.2
727be917d000-727be917f000 r--p 00008000 08:12 12594311                   /usr/lib/x86_64-linux-gnu/libXcursor.so.1.0.2
727be917f000-727be9180000 r--p 00009000 08:12 12594311                   /usr/lib/x86_64-linux-gnu/libXcursor.so.1.0.2
727be9180000-727be9181000 rw-p 0000a000 08:12 12594311                   /usr/lib/x86_64-linux-gnu/libXcursor.so.1.0.2
727be9181000-727be9185000 r--p 00000000 08:12 12594314                   /usr/lib/x86_64-linux-gnu/libXext.so.6.4.0
727be9185000-727be9190000 r-xp 00004000 08:12 12594314                   /usr/lib/x86_64-linux-gnu/libXext.so.6.4.0
727be9190000-727be9193000 r--p 0000f000 08:12 12594314                   /usr/lib/x86_64-linux-gnu/libXext.so.6.4.0
727be9193000-727be9194000 r--p 00011000 08:12 12594314                   /usr/lib/x86_64-linux-gnu/libXext.so.6.4.0
727be9194000-727be9195000 rw-p 00012000 08:12 12594314                   /usr/lib/x86_64-linux-gnu/libXext.so.6.4.0
727be9195000-727be9198000 r--p 00000000 08:12 12594318                   /usr/lib/x86_64-linux-gnu/libXi.so.6.1.0
727be9198000-727be91a4000 r-xp 00003000 08:12 12594318                   /usr/lib/x86_64-linux-gnu/libXi.so.6.1.0
727be91a4000-727be91a6000 r--p 0000f000 08:12 12594318                   /usr/lib/x86_64-linux-gnu/libXi.so.6.1.0
727be91a6000-727be91a7000 r--p 00011000 08:12 12594318                   /usr/lib/x86_64-linux-gnu/libXi.so.6.1.0
727be91a7000-727be91a8000 rw-p 00012000 08:12 12594318                   /usr/lib/x86_64-linux-gnu/libXi.so.6.1.0
727be91a8000-727be91c1000 r--p 00000000 08:12 12594306                   /usr/lib/x86_64-linux-gnu/libX11.so.6.4.0
727be91c1000-727be9251000 r-xp 00019000 08:12 12594306                   /usr/lib/x86_64-linux-gnu/libX11.so.6.4.0
727be9251000-727be92e0000 r--p 000a9000 08:12 12594306                   /usr/lib/x86_64-linux-gnu/libX11.so.6.4.0
727be92e0000-727be92e1000 r--p 00138000 08:12 12594306                   /usr/lib/x86_64-linux-gnu/libX11.so.6.4.0
727be92e1000-727be92e5000 rw-p 00139000 08:12 12594306                   /usr/lib/x86_64-linux-gnu/libX11.so.6.4.0
727be92e5000-727be92e7000 r--p 00000000 08:12 12595063                   /usr/lib/x86_64-linux-gnu/libwayland-cursor.so.0.22.0
727be92e7000-727be92e9000 r-xp 00002000 08:12 12595063                   /usr/lib/x86_64-linux-gnu/libwayland-cursor.so.0.22.0
727be92e9000-727be92ea000 r--p 00004000 08:12 12595063                   /usr/lib/x86_64-linux-gnu/libwayland-cursor.so.0.22.0
727be92ea000-727be92eb000 r--p 00004000 08:12 12595063                   /usr/lib/x86_64-linux-gnu/libwayland-cursor.so.0.22.0
727be92eb000-727be92ef000 rw-p 00005000 08:12 12595063                   /usr/lib/x86_64-linux-gnu/libwayland-cursor.so.0.22.0
727be92ef000-727be92f4000 r--p 00000000 08:12 12595062                   /usr/lib/x86_64-linux-gnu/libwayland-client.so.0.22.0
727be92f4000-727be92fa000 r-xp 00005000 08:12 12595062                   /usr/lib/x86_64-linux-gnu/libwayland-client.so.0.22.0
727be92fa000-727be92fc000 r--p 0000b000 08:12 12595062                   /usr/lib/x86_64-linux-gnu/libwayland-client.so.0.22.0
727be92fc000-727be92fe000 r--p 0000d000 08:12 12595062                   /usr/lib/x86_64-linux-gnu/libwayland-client.so.0.22.0
727be92fe000-727be92ff000 rw-p 0000f000 08:12 12595062                   /usr/lib/x86_64-linux-gnu/libwayland-client.so.0.22.0
727be92ff000-727be9304000 r--p 00000000 08:12 12595107                   /usr/lib/x86_64-linux-gnu/libxkbcommon.so.0.0.0
727be9304000-727be9324000 r-xp 00005000 08:12 12595107                   /usr/lib/x86_64-linux-gnu/libxkbcommon.so.0.0.0
727be9324000-727be9345000 r--p 00025000 08:12 12595107                   /usr/lib/x86_64-linux-gnu/libxkbcommon.so.0.0.0
727be9345000-727be9347000 r--p 00045000 08:12 12595107                   /usr/lib/x86_64-linux-gnu/libxkbcommon.so.0.0.0
727be9347000-727be9348000 rw-p 00047000 08:12 12595107                   /usr/lib/x86_64-linux-gnu/libxkbcommon.so.0.0.0
727be9348000-727be9381000 r--p 00000000 08:12 12594612                   /usr/lib/x86_64-linux-gnu/libgio-2.0.so.0.8000.0
727be9381000-727be9498000 r-xp 00039000 08:12 12594612                   /usr/lib/x86_64-linux-gnu/libgio-2.0.so.0.8000.0
727be9498000-727be950d000 r--p 00150000 08:12 12594612                   /usr/lib/x86_64-linux-gnu/libgio-2.0.so.0.8000.0
727be950d000-727be9515000 r--p 001c4000 08:12 12594612                   /usr/lib/x86_64-linux-gnu/libgio-2.0.so.0.8000.0
727be9515000-727be9516000 rw-p 001cc000 08:12 12594612                   /usr/lib/x86_64-linux-gnu/libgio-2.0.so.0.8000.0
727be9516000-727be9518000 rw-p 00000000 00:00 0 
727be9518000-727be9520000 r--p 00000000 08:12 12594569                   /usr/lib/x86_64-linux-gnu/libfontconfig.so.1.12.1
727be9520000-727be954f000 r-xp 00008000 08:12 12594569                   /usr/lib/x86_64-linux-gnu/libfontconfig.so.1.12.1
727be954f000-727be9566000 r--p 00037000 08:12 12594569                   /usr/lib/x86_64-linux-gnu/libfontconfig.so.1.12.1
727be9566000-727be9568000 r--p 0004d000 08:12 12594569                   /usr/lib/x86_64-linux-gnu/libfontconfig.so.1.12.1
727be9568000-727be9569000 rw-p 0004f000 08:12 12594569                   /usr/lib/x86_64-linux-gnu/libfontconfig.so.1.12.1
727be9569000-727be95c9000 r--p 00000000 08:12 12594548                   /usr/lib/x86_64-linux-gnu/libepoxy.so.0.0.0
727be95c9000-727be962f000 r-xp 00060000 08:12 12594548                   /usr/lib/x86_64-linux-gnu/libepoxy.so.0.0.0
727be962f000-727be967d000 r--p 000c6000 08:12 12594548                   /usr/lib/x86_64-linux-gnu/libepoxy.so.0.0.0
727be967d000-727be9685000 r--p 00113000 08:12 12594548                   /usr/lib/x86_64-linux-gnu/libepoxy.so.0.0.0
727be9685000-727be968c000 rw-p 0011b000 08:12 12594548                   /usr/lib/x86_64-linux-gnu/libepoxy.so.0.0.0
727be968c000-727be968e000 r--p 00000000 08:12 12594583                   /usr/lib/x86_64-linux-gnu/libfribidi.so.0.4.0
727be968e000-727be9692000 r-xp 00002000 08:12 12594583                   /usr/lib/x86_64-linux-gnu/libfribidi.so.0.4.0
727be9692000-727be96a8000 r--p 00006000 08:12 12594583                   /usr/lib/x86_64-linux-gnu/libfribidi.so.0.4.0
727be96a8000-727be96a9000 r--p 0001c000 08:12 12594583                   /usr/lib/x86_64-linux-gnu/libfribidi.so.0.4.0
727be96a9000-727be96aa000 rw-p 0001d000 08:12 12594583                   /usr/lib/x86_64-linux-gnu/libfribidi.so.0.4.0
727be96aa000-727be96bd000 r--p 00000000 08:12 12594865                   /usr/lib/x86_64-linux-gnu/libpango-1.0.so.0.5200.1
727be96bd000-727be96f6000 r-xp 00013000 08:12 12594865                   /usr/lib/x86_64-linux-gnu/libpango-1.0.so.0.5200.1
727be96f6000-727be9710000 r--p 0004c000 08:12 12594865                   /usr/lib/x86_64-linux-gnu/libpango-1.0.so.0.5200.1
727be9710000-727be9714000 r--p 00065000 08:12 12594865                   /usr/lib/x86_64-linux-gnu/libpango-1.0.so.0.5200.1
727be9714000-727be9715000 rw-p 00069000 08:12 12594865                   /usr/lib/x86_64-linux-gnu/libpango-1.0.so.0.5200.1
727be9715000-727be9729000 r--p 00000000 08:12 12594464                   /usr/lib/x86_64-linux-gnu/libcairo.so.2.11800.0
727be9729000-727be981a000 r-xp 00014000 08:12 12594464                   /usr/lib/x86_64-linux-gnu/libcairo.so.2.11800.0
727be981a000-727be9852000 r--p 00105000 08:12 12594464                   /usr/lib/x86_64-linux-gnu/libcairo.so.2.11800.0
727be9852000-727be9856000 r--p 0013d000 08:12 12594464                   /usr/lib/x86_64-linux-gnu/libcairo.so.2.11800.0
727be9856000-727be9858000 rw-p 00141000 08:12 12594464                   /usr/lib/x86_64-linux-gnu/libcairo.so.2.11800.0
727be9858000-727be9859000 rw-p 00000000 00:00 0 
727be9859000-727be9877000 r--p 00000000 08:12 12594616                   /usr/lib/x86_64-linux-gnu/libglib-2.0.so.0.8000.0
727be9877000-727be9917000 r-xp 0001e000 08:12 12594616                   /usr/lib/x86_64-linux-gnu/libglib-2.0.so.0.8000.0
727be9917000-727be999f000 r--p 000be000 08:12 12594616                   /usr/lib/x86_64-linux-gnu/libglib-2.0.so.0.8000.0
727be999f000-727be99a0000 r--p 00146000 08:12 12594616                   /usr/lib/x86_64-linux-gnu/libglib-2.0.so.0.8000.0
727be99a0000-727be99a1000 rw-p 00147000 08:12 12594616                   /usr/lib/x86_64-linux-gnu/libglib-2.0.so.0.8000.0
727be99a1000-727be99a2000 rw-p 00000000 00:00 0 
727be99a2000-727be99b1000 r--p 00000000 08:12 12594634                   /usr/lib/x86_64-linux-gnu/libgobject-2.0.so.0.8000.0
727be99b1000-727be99e8000 r-xp 0000f000 08:12 12594634                   /usr/lib/x86_64-linux-gnu/libgobject-2.0.so.0.8000.0
727be99e8000-727be9a01000 r--p 00046000 08:12 12594634                   /usr/lib/x86_64-linux-gnu/libgobject-2.0.so.0.8000.0
727be9a01000-727be9a04000 r--p 0005e000 08:12 12594634                   /usr/lib/x86_64-linux-gnu/libgobject-2.0.so.0.8000.0
727be9a04000-727be9a05000 rw-p 00061000 08:12 12594634                   /usr/lib/x86_64-linux-gnu/libgobject-2.0.so.0.8000.0
727be9a05000-727be9a2f000 r--p 00000000 08:12 12594603                   /usr/lib/x86_64-linux-gnu/libgdk-3.so.0.2409.32
727be9a2f000-727be9ab3000 r-xp 0002a000 08:12 12594603                   /usr/lib/x86_64-linux-gnu/libgdk-3.so.0.2409.32
727be9ab3000-727be9af5000 r--p 000ae000 08:12 12594603                   /usr/lib/x86_64-linux-gnu/libgdk-3.so.0.2409.32
727be9af5000-727be9afe000 r--p 000ef000 08:12 12594603                   /usr/lib/x86_64-linux-gnu/libgdk-3.so.0.2409.32
727be9afe000-727be9b00000 rw-p 000f8000 08:12 12594603                   /usr/lib/x86_64-linux-gnu/libgdk-3.so.0.2409.32
727be9b00000-727be9b04000 ---p 00000000 00:00 0 
727be9b04000-727be9c00000 rw-p 00000000 00:00 0 
727be9c00000-727be9c04000 ---p 00000000 00:00 0 
727be9c04000-727be9d00000 rw-p 00000000 00:00 0 
727be9d00000-727be9d04000 ---p 00000000 00:00 0 
727be9d04000-727be9e00000 rw-p 00000000 00:00 0 
727be9e00000-727be9e04000 ---p 00000000 00:00 0 
727be9e04000-727be9f00000 rw-p 00000000 00:00 0 
727be9f00000-727be9f04000 ---p 00000000 00:00 0 
727be9f04000-727bea000000 rw-p 00000000 00:00 0 
727bea000000-727bec021000 rw-p 00000000 00:00 0 
727bec021000-727bf0000000 ---p 00000000 00:00 0 
727bf0000000-727bf0021000 rw-p 00000000 00:00 0 
727bf0021000-727bf4000000 ---p 00000000 00:00 0 
727bf4000000-727bf4025000 rw-p 00000000 00:00 0 
727bf4025000-727bf8004000 ---p 00000000 00:00 0 
727bf8004000-727bf8100000 rw-p 00000000 00:00 0 
727bf8100000-727bf8104000 ---p 00000000 00:00 0 
727bf8104000-727bf8200000 rw-p 00000000 00:00 0 
727bf8200000-727bf8204000 ---p 00000000 00:00 0 
727bf8204000-727bf8300000 rw-p 00000000 00:00 0 
727bf8300000-727bf8304000 ---p 00000000 00:00 0 
727bf8304000-727bf8400000 rw-p 00000000 00:00 0 
727bf8400000-727bf86ec000 r--p 00000000 08:12 12586387                   /usr/lib/locale/locale-archive
727bf86ec000-727bf86f1000 r--p 00000000 08:12 12594866                   /usr/lib/x86_64-linux-gnu/libpangocairo-1.0.so.0.5200.1
727bf86f1000-727bf86f9000 r-xp 00005000 08:12 12594866                   /usr/lib/x86_64-linux-gnu/libpangocairo-1.0.so.0.5200.1
727bf86f9000-727bf86fb000 r--p 0000d000 08:12 12594866                   /usr/lib/x86_64-linux-gnu/libpangocairo-1.0.so.0.5200.1
727bf86fb000-727bf86fc000 r--p 0000f000 08:12 12594866                   /usr/lib/x86_64-linux-gnu/libpangocairo-1.0.so.0.5200.1
727bf86fc000-727bf86fd000 rw-p 00010000 08:12 12594866                   /usr/lib/x86_64-linux-gnu/libpangocairo-1.0.so.0.5200.1
727bf86fd000-727bf8705000 r--p 00000000 08:12 12593615                   /usr/lib/x86_64-linux-gnu/libgdk_pixbuf-2.0.so.0.4200.10
727bf8705000-727bf8720000 r-xp 00008000 08:12 12593615                   /usr/lib/x86_64-linux-gnu/libgdk_pixbuf-2.0.so.0.4200.10
727bf8720000-727bf8729000 r--p 00023000 08:12 12593615                   /usr/lib/x86_64-linux-gnu/libgdk_pixbuf-2.0.so.0.4200.10
727bf8729000-727bf872a000 r--p 0002c000 08:12 12593615                   /usr/lib/x86_64-linux-gnu/libgdk_pixbuf-2.0.so.0.4200.10
727bf872a000-727bf872b000 rw-p 0002d000 08:12 12593615                   /usr/lib/x86_64-linux-gnu/libgdk_pixbuf-2.0.so.0.4200.10
727bf872b000-727bf872c000 r--s 00000000 08:12 16908681                   /var/cache/fontconfig/3f7329c5293ffd510edef78f73874cfd-le64.cache-9
727bf872c000-727bf872d000 r--p 00000000 08:12 12862355                   /usr/share/locale-langpack/pt/LC_MESSAGES/at-spi2-core.mo
727bf872d000-727bf872e000 r--p 00000000 08:12 12862971                   /usr/share/locale-langpack/pt_BR/LC_MESSAGES/at-spi2-core.mo
727bf872e000-727bf8732000 r--p 00000000 08:12 12596166                   /usr/lib/x86_64-linux-gnu/gio/modules/libdconfsettings.so
727bf8732000-727bf8739000 r-xp 00004000 08:12 12596166                   /usr/lib/x86_64-linux-gnu/gio/modules/libdconfsettings.so
727bf8739000-727bf873b000 r--p 0000b000 08:12 12596166                   /usr/lib/x86_64-linux-gnu/gio/modules/libdconfsettings.so
727bf873b000-727bf873c000 r--p 0000d000 08:12 12596166                   /usr/lib/x86_64-linux-gnu/gio/modules/libdconfsettings.so
727bf873c000-727bf873d000 rw-p 0000e000 08:12 12596166                   /usr/lib/x86_64-linux-gnu/gio/modules/libdconfsettings.so
727bf873d000-727bf8741000 r--p 00000000 08:12 13380170                   /usr/share/dbeaver-ce/plugins/org.eclipse.equinox.launcher.gtk.linux.x86_64_1.2.1500.v20250801-0854/eclipse_11916.so
727bf8741000-727bf874b000 r-xp 00004000 08:12 13380170                   /usr/share/dbeaver-ce/plugins/org.eclipse.equinox.launcher.gtk.linux.x86_64_1.2.1500.v20250801-0854/eclipse_11916.so
727bf874b000-727bf874e000 r--p 0000e000 08:12 13380170                   /usr/share/dbeaver-ce/plugins/org.eclipse.equinox.launcher.gtk.linux.x86_64_1.2.1500.v20250801-0854/eclipse_11916.so
727bf874e000-727bf874f000 r--p 00010000 08:12 13380170                   /usr/share/dbeaver-ce/plugins/org.eclipse.equinox.launcher.gtk.linux.x86_64_1.2.1500.v20250801-0854/eclipse_11916.so
727bf874f000-727bf8750000 rw-p 00011000 08:12 13380170                   /usr/share/dbeaver-ce/plugins/org.eclipse.equinox.launcher.gtk.linux.x86_64_1.2.1500.v20250801-0854/eclipse_11916.so
727bf8750000-727bf8751000 rw-p 00000000 00:00 0 
727bf8751000-727bf8753000 r--p 00000000 08:12 13379896                   /usr/share/dbeaver-ce/jre/lib/libzip.so
727bf8753000-727bf8766000 r-xp 00002000 08:12 13379896                   /usr/share/dbeaver-ce/jre/lib/libzip.so
727bf8766000-727bf876d000 r--p 00015000 08:12 13379896                   /usr/share/dbeaver-ce/jre/lib/libzip.so
727bf876d000-727bf876e000 r--p 0001c000 08:12 13379896                   /usr/share/dbeaver-ce/jre/lib/libzip.so
727bf876e000-727bf876f000 rw-p 0001d000 08:12 13379896                   /usr/share/dbeaver-ce/jre/lib/libzip.so
727bf876f000-727bf8772000 r--p 00000000 08:12 13379888                   /usr/share/dbeaver-ce/jre/lib/libnet.so
727bf8772000-727bf877a000 r-xp 00003000 08:12 13379888                   /usr/share/dbeaver-ce/jre/lib/libnet.so
727bf877a000-727bf877c000 r--p 0000b000 08:12 13379888                   /usr/share/dbeaver-ce/jre/lib/libnet.so
727bf877c000-727bf877d000 r--p 0000c000 08:12 13379888                   /usr/share/dbeaver-ce/jre/lib/libnet.so
727bf877d000-727bf877e000 rw-p 0000d000 08:12 13379888                   /usr/share/dbeaver-ce/jre/lib/libnet.so
727bf877e000-727bf87a2000 r--p 00000000 08:12 12862567                   /usr/share/locale-langpack/pt/LC_MESSAGES/libc.mo
727bf87a2000-727bf87c6000 r--p 00000000 08:12 12863174                   /usr/share/locale-langpack/pt_BR/LC_MESSAGES/libc.mo
727bf87c6000-727bf87c7000 ---p 00000000 00:00 0 
727bf87c7000-727bf88c7000 rw-p 00000000 00:00 0 
727bf88c7000-727bf88c8000 ---p 00000000 00:00 0 
727bf88c8000-727bf89c8000 rw-p 00000000 00:00 0 
727bf89c8000-727bf89c9000 ---p 00000000 00:00 0 
727bf89c9000-727bf8ac9000 rw-p 00000000 00:00 0 
727bf8ac9000-727bf8aca000 ---p 00000000 00:00 0 
727bf8aca000-727bf8bca000 rw-p 00000000 00:00 0 
727bf8bca000-727bf91be000 rw-p 00000000 00:00 0 
727bf91be000-727bf93a6000 ---p 00000000 00:00 0 
727bf93a6000-727bf93b6000 rw-p 00000000 00:00 0 
727bf93b6000-727bfcdfe000 ---p 00000000 00:00 0 
727bfcdfe000-727bfd7de000 rwxp 00000000 00:00 0 
727bfd7de000-727c04336000 ---p 00000000 00:00 0 
727c04336000-727c045a6000 rwxp 00000000 00:00 0 
727c045a6000-727c048c8000 ---p 00000000 00:00 0 
727c048c8000-727c04c08000 rwxp 00000000 00:00 0 
727c04c08000-727c0be00000 ---p 00000000 00:00 0 
727c0be00000-727c0ff67000 r--s 00000000 08:12 13379897                   /usr/share/dbeaver-ce/jre/lib/modules
727c0ff67000-727c0ff68000 r--s 00000000 00:2f 266                        /run/user/1000/dconf/user
727c0ff68000-727c0ff70000 r--p 00000000 08:12 13379889                   /usr/share/dbeaver-ce/jre/lib/libnio.so
727c0ff70000-727c0ff79000 r-xp 00008000 08:12 13379889                   /usr/share/dbeaver-ce/jre/lib/libnio.so
727c0ff79000-727c0ff7d000 r--p 00011000 08:12 13379889                   /usr/share/dbeaver-ce/jre/lib/libnio.so
727c0ff7d000-727c0ff7e000 r--p 00015000 08:12 13379889                   /usr/share/dbeaver-ce/jre/lib/libnio.so
727c0ff7e000-727c0ff7f000 rw-p 00016000 08:12 13379889                   /usr/share/dbeaver-ce/jre/lib/libnio.so
727c0ff7f000-727c11b7f000 rw-p 00000000 00:00 0 
727c11b7f000-727c14000000 ---p 00000000 00:00 0 
727c14000000-727c14004000 r--p 00000000 08:12 12594462                   /usr/lib/x86_64-linux-gnu/libcairo-gobject.so.2.11800.0
727c14004000-727c14006000 r-xp 00004000 08:12 12594462                   /usr/lib/x86_64-linux-gnu/libcairo-gobject.so.2.11800.0
727c14006000-727c14009000 r--p 00006000 08:12 12594462                   /usr/lib/x86_64-linux-gnu/libcairo-gobject.so.2.11800.0
727c14009000-727c1400b000 r--p 00008000 08:12 12594462                   /usr/lib/x86_64-linux-gnu/libcairo-gobject.so.2.11800.0
727c1400b000-727c1400c000 rw-p 0000a000 08:12 12594462                   /usr/lib/x86_64-linux-gnu/libcairo-gobject.so.2.11800.0
727c1400c000-727c1400d000 r--p 00000000 08:12 13379892                   /usr/share/dbeaver-ce/jre/lib/libsimdsort.so
727c1400d000-727c14046000 r-xp 00001000 08:12 13379892                   /usr/share/dbeaver-ce/jre/lib/libsimdsort.so
727c14046000-727c1404c000 r--p 0003a000 08:12 13379892                   /usr/share/dbeaver-ce/jre/lib/libsimdsort.so
727c1404c000-727c1404d000 r--p 0003f000 08:12 13379892                   /usr/share/dbeaver-ce/jre/lib/libsimdsort.so
727c1404d000-727c1404e000 rw-p 00040000 08:12 13379892                   /usr/share/dbeaver-ce/jre/lib/libsimdsort.so
727c1404e000-727c144ee000 rw-p 00000000 00:00 0 
727c144ee000-727c144ef000 ---p 00000000 00:00 0 
727c144ef000-727c145ef000 rw-p 00000000 00:00 0 
727c145ef000-727c145f0000 ---p 00000000 00:00 0 
727c145f0000-727c146f0000 rw-p 00000000 00:00 0 
727c146f0000-727c146f1000 ---p 00000000 00:00 0 
727c146f1000-727c147f1000 rw-p 00000000 00:00 0 
727c147f1000-727c148b0000 rw-p 00000000 00:00 0 
727c148b0000-727c148ed000 ---p 00000000 00:00 0 
727c148ed000-727c148ef000 rw-p 00000000 00:00 0 
727c148ef000-727c15038000 ---p 00000000 00:00 0 
727c15038000-727c15076000 rw-p 00000000 00:00 0 
727c15076000-727c150b3000 ---p 00000000 00:00 0 
727c150b3000-727c150b5000 rw-p 00000000 00:00 0 
727c150b5000-727c157fe000 ---p 00000000 00:00 0 
727c157fe000-727c1600d000 rw-p 00000000 00:00 0 
727c1600d000-727c160f1000 ---p 00000000 00:00 0 
727c160f1000-727c16105000 rw-p 00000000 00:00 0 
727c16105000-727c161dc000 ---p 00000000 00:00 0 
727c161dc000-727c161ea000 r--p 00000000 08:12 13379877                   /usr/share/dbeaver-ce/jre/lib/libjava.so
727c161ea000-727c161f8000 r-xp 0000e000 08:12 13379877                   /usr/share/dbeaver-ce/jre/lib/libjava.so
727c161f8000-727c161fd000 r--p 0001c000 08:12 13379877                   /usr/share/dbeaver-ce/jre/lib/libjava.so
727c161fd000-727c161fe000 r--p 00021000 08:12 13379877                   /usr/share/dbeaver-ce/jre/lib/libjava.so
727c161fe000-727c161ff000 rw-p 00022000 08:12 13379877                   /usr/share/dbeaver-ce/jre/lib/libjava.so
727c161ff000-727c16200000 rw-p 00000000 00:00 0 
727c16200000-727c164e3000 r--p 00000000 08:12 13379904                   /usr/share/dbeaver-ce/jre/lib/server/libjvm.so
727c164e3000-727c1756f000 r-xp 002e3000 08:12 13379904                   /usr/share/dbeaver-ce/jre/lib/server/libjvm.so
727c1756f000-727c17880000 r--p 0136f000 08:12 13379904                   /usr/share/dbeaver-ce/jre/lib/server/libjvm.so
727c17880000-727c1796b000 r--p 01680000 08:12 13379904                   /usr/share/dbeaver-ce/jre/lib/server/libjvm.so
727c1796b000-727c17996000 rw-p 0176b000 08:12 13379904                   /usr/share/dbeaver-ce/jre/lib/server/libjvm.so
727c17996000-727c17a12000 rw-p 00000000 00:00 0 
727c17a12000-727c17a13000 r--p 00000000 08:12 12594312                   /usr/lib/x86_64-linux-gnu/libXdamage.so.1.1.0
727c17a13000-727c17a14000 r-xp 00001000 08:12 12594312                   /usr/lib/x86_64-linux-gnu/libXdamage.so.1.1.0
727c17a14000-727c17a15000 r--p 00002000 08:12 12594312                   /usr/lib/x86_64-linux-gnu/libXdamage.so.1.1.0
727c17a15000-727c17a16000 r--p 00002000 08:12 12594312                   /usr/lib/x86_64-linux-gnu/libXdamage.so.1.1.0
727c17a16000-727c17a17000 rw-p 00003000 08:12 12594312                   /usr/lib/x86_64-linux-gnu/libXdamage.so.1.1.0
727c17a17000-727c17a1b000 ---p 00000000 00:00 0 
727c17a1b000-727c17b17000 rw-p 00000000 00:00 0 
727c17b17000-727c17b27000 r--p 00000000 08:12 12594032                   /usr/lib/x86_64-linux-gnu/libm.so.6
727c17b27000-727c17ba6000 r-xp 00010000 08:12 12594032                   /usr/lib/x86_64-linux-gnu/libm.so.6
727c17ba6000-727c17bfe000 r--p 0008f000 08:12 12594032                   /usr/lib/x86_64-linux-gnu/libm.so.6
727c17bfe000-727c17bff000 r--p 000e7000 08:12 12594032                   /usr/lib/x86_64-linux-gnu/libm.so.6
727c17bff000-727c17c00000 rw-p 000e8000 08:12 12594032                   /usr/lib/x86_64-linux-gnu/libm.so.6
727c17c00000-727c17c28000 r--p 00000000 08:12 12594029                   /usr/lib/x86_64-linux-gnu/libc.so.6
727c17c28000-727c17db0000 r-xp 00028000 08:12 12594029                   /usr/lib/x86_64-linux-gnu/libc.so.6
727c17db0000-727c17dff000 r--p 001b0000 08:12 12594029                   /usr/lib/x86_64-linux-gnu/libc.so.6
727c17dff000-727c17e03000 r--p 001fe000 08:12 12594029                   /usr/lib/x86_64-linux-gnu/libc.so.6
727c17e03000-727c17e05000 rw-p 00202000 08:12 12594029                   /usr/lib/x86_64-linux-gnu/libc.so.6
727c17e05000-727c17e12000 rw-p 00000000 00:00 0 
727c17e12000-727c17e13000 r--p 00000000 08:12 12595064                   /usr/lib/x86_64-linux-gnu/libwayland-egl.so.1.22.0
727c17e13000-727c17e14000 r-xp 00001000 08:12 12595064                   /usr/lib/x86_64-linux-gnu/libwayland-egl.so.1.22.0
727c17e14000-727c17e15000 r--p 00002000 08:12 12595064                   /usr/lib/x86_64-linux-gnu/libwayland-egl.so.1.22.0
727c17e15000-727c17e16000 r--p 00002000 08:12 12595064                   /usr/lib/x86_64-linux-gnu/libwayland-egl.so.1.22.0
727c17e16000-727c17e17000 rw-p 00003000 08:12 12595064                   /usr/lib/x86_64-linux-gnu/libwayland-egl.so.1.22.0
727c17e17000-727c17e1c000 rw-p 00000000 00:00 0 
727c17e1c000-727c17e23000 ---p 00000000 00:00 0 
727c17e23000-727c17e27000 r--p 00000000 08:12 13379880                   /usr/share/dbeaver-ce/jre/lib/libjimage.so
727c17e27000-727c17e3f000 r-xp 00004000 08:12 13379880                   /usr/share/dbeaver-ce/jre/lib/libjimage.so
727c17e3f000-727c17e45000 r--p 0001c000 08:12 13379880                   /usr/share/dbeaver-ce/jre/lib/libjimage.so
727c17e45000-727c17e47000 r--p 00021000 08:12 13379880                   /usr/share/dbeaver-ce/jre/lib/libjimage.so
727c17e47000-727c17e48000 rw-p 00023000 08:12 13379880                   /usr/share/dbeaver-ce/jre/lib/libjimage.so
727c17e48000-727c17e49000 r--p 00000000 08:12 12594049                   /usr/lib/x86_64-linux-gnu/librt.so.1
727c17e49000-727c17e4a000 r-xp 00001000 08:12 12594049                   /usr/lib/x86_64-linux-gnu/librt.so.1
727c17e4a000-727c17e4b000 r--p 00002000 08:12 12594049                   /usr/lib/x86_64-linux-gnu/librt.so.1
727c17e4b000-727c17e4c000 r--p 00002000 08:12 12594049                   /usr/lib/x86_64-linux-gnu/librt.so.1
727c17e4c000-727c17e4d000 rw-p 00003000 08:12 12594049                   /usr/lib/x86_64-linux-gnu/librt.so.1
727c17e4d000-727c17e4f000 rw-p 00000000 00:00 0 
727c17e4f000-727c17e50000 r--p 00000000 08:12 12594047                   /usr/lib/x86_64-linux-gnu/libpthread.so.0
727c17e50000-727c17e51000 r-xp 00001000 08:12 12594047                   /usr/lib/x86_64-linux-gnu/libpthread.so.0
727c17e51000-727c17e52000 r--p 00002000 08:12 12594047                   /usr/lib/x86_64-linux-gnu/libpthread.so.0
727c17e52000-727c17e53000 r--p 00002000 08:12 12594047                   /usr/lib/x86_64-linux-gnu/libpthread.so.0
727c17e53000-727c17e54000 rw-p 00003000 08:12 12594047                   /usr/lib/x86_64-linux-gnu/libpthread.so.0
727c17e54000-727c17e55000 r--p 00000000 08:12 12594031                   /usr/lib/x86_64-linux-gnu/libdl.so.2
727c17e55000-727c17e56000 r-xp 00001000 08:12 12594031                   /usr/lib/x86_64-linux-gnu/libdl.so.2
727c17e56000-727c17e57000 r--p 00002000 08:12 12594031                   /usr/lib/x86_64-linux-gnu/libdl.so.2
727c17e57000-727c17e58000 r--p 00002000 08:12 12594031                   /usr/lib/x86_64-linux-gnu/libdl.so.2
727c17e58000-727c17e59000 rw-p 00003000 08:12 12594031                   /usr/lib/x86_64-linux-gnu/libdl.so.2
727c17e59000-727c17e60000 r--s 00000000 08:12 12593742                   /usr/lib/x86_64-linux-gnu/gconv/gconv-modules.cache
727c17e60000-727c17e68000 rw-s 00000000 08:12 20711761                   /tmp/hsperfdata_david-daniel/11249
727c17e68000-727c17e69000 ---p 00000000 00:00 0 
727c17e69000-727c17e6a000 r--p 00000000 00:00 0 
727c17e6a000-727c17e6b000 ---p 00000000 00:00 0 
727c17e6b000-727c17e6e000 r--p 00000000 08:12 13379881                   /usr/share/dbeaver-ce/jre/lib/libjli.so
727c17e6e000-727c17e7f000 r-xp 00003000 08:12 13379881                   /usr/share/dbeaver-ce/jre/lib/libjli.so
727c17e7f000-727c17e86000 r--p 00014000 08:12 13379881                   /usr/share/dbeaver-ce/jre/lib/libjli.so
727c17e86000-727c17e87000 r--p 0001a000 08:12 13379881                   /usr/share/dbeaver-ce/jre/lib/libjli.so
727c17e87000-727c17e88000 rw-p 0001b000 08:12 13379881                   /usr/share/dbeaver-ce/jre/lib/libjli.so
727c17e88000-727c17e8a000 rw-p 00000000 00:00 0 
727c17e8a000-727c17e8e000 r--p 00000000 00:00 0                          [vvar]
727c17e8e000-727c17e90000 r--p 00000000 00:00 0                          [vvar_vclock]
727c17e90000-727c17e92000 r-xp 00000000 00:00 0                          [vdso]
727c17e92000-727c17e93000 r--p 00000000 08:12 12594026                   /usr/lib/x86_64-linux-gnu/ld-linux-x86-64.so.2
727c17e93000-727c17ebe000 r-xp 00001000 08:12 12594026                   /usr/lib/x86_64-linux-gnu/ld-linux-x86-64.so.2
727c17ebe000-727c17ec8000 r--p 0002c000 08:12 12594026                   /usr/lib/x86_64-linux-gnu/ld-linux-x86-64.so.2
727c17ec8000-727c17eca000 r--p 00036000 08:12 12594026                   /usr/lib/x86_64-linux-gnu/ld-linux-x86-64.so.2
727c17eca000-727c17ecc000 rw-p 00038000 08:12 12594026                   /usr/lib/x86_64-linux-gnu/ld-linux-x86-64.so.2
7ffdefed1000-7ffdefef3000 rw-p 00000000 00:00 0                          [stack]
ffffffffff600000-ffffffffff601000 --xp 00000000 00:00 0                  [vsyscall]
Total number of mappings: 963

JVMTI agents: none


VM Arguments:
jvm_args: -Dorg.eclipse.swt.internal.gtk.cairoGraphics=false 
java_command: /usr/share/dbeaver-ce//plugins/org.jkiss.dbeaver.launcher_1.0.59.202608161900.jar -os linux -ws gtk -arch x86_64 -showsplash -launcher /usr/share/dbeaver-ce/dbeaver -name Dbeaver --launcher.library /usr/share/dbeaver-ce//plugins/org.eclipse.equinox.launcher.gtk.linux.x86_64_1.2.1500.v20250801-0854/eclipse_11916.so -startup /usr/share/dbeaver-ce//plugins/org.jkiss.dbeaver.launcher_1.0.59.202608161900.jar --launcher.overrideVmargs -exitdata 8 -vm /usr/share/dbeaver-ce/jre/bin/java -vmargs -Dorg.eclipse.swt.internal.gtk.cairoGraphics=false -jar /usr/share/dbeaver-ce//plugins/org.jkiss.dbeaver.launcher_1.0.59.202608161900.jar
java_class_path (initial): /usr/share/dbeaver-ce//plugins/org.jkiss.dbeaver.launcher_1.0.59.202608161900.jar
Launcher Type: SUN_STANDARD

[Global flags]
     intx CICompilerCount                          = 4                                         {product} {ergonomic}
     uint ConcGCThreads                            = 2                                         {product} {ergonomic}
     uint G1ConcRefinementThreads                  = 8                                         {product} {ergonomic}
   size_t G1HeapRegionSize                         = 2097152                                   {product} {ergonomic}
   size_t InitialHeapSize                          = 262144000                                 {product} {ergonomic}
   size_t MarkStackSize                            = 4194304                                   {product} {ergonomic}
   size_t MarkStackSizeMax                         = 536870912                                 {product} {ergonomic}
   size_t MaxHeapSize                              = 4173332480                                {product} {ergonomic}
   size_t MaxNewSize                               = 2503999488                                {product} {ergonomic}
   size_t MinHeapDeltaBytes                        = 2097152                                   {product} {ergonomic}
   size_t MinHeapSize                              = 8388608                                   {product} {ergonomic}
    uintx NonNMethodCodeHeapSize                   = 5840896                                {pd product} {ergonomic}
    uintx NonProfiledCodeHeapSize                  = 122912768                              {pd product} {ergonomic}
    uintx ProfiledCodeHeapSize                     = 122912768                              {pd product} {ergonomic}
    uintx ReservedCodeCacheSize                    = 251666432                              {pd product} {ergonomic}
     bool SegmentedCodeCache                       = true                                      {product} {ergonomic}
   size_t SoftMaxHeapSize                          = 4173332480                             {manageable} {ergonomic}
     bool UseCompressedOops                        = true                           {product lp64_product} {ergonomic}
     bool UseG1GC                                  = true                                      {product} {ergonomic}

Logging:
Log output configuration:
 #0: stdout all=warning uptime,level,tags foldmultilines=false
 #1: stderr all=off uptime,level,tags foldmultilines=false

Release file:
JAVA_VERSION="25.0.3"
MODULES="java.base java.compiler java.datatransfer java.xml java.prefs java.desktop java.logging java.management java.security.sasl java.naming java.rmi java.management.rmi java.net.http java.scripting java.security.jgss java.transaction.xa java.sql java.sql.rowset jdk.accessibility jdk.internal.jvmstat jdk.attach jdk.charsets jdk.crypto.cryptoki jdk.crypto.ec jdk.dynalink jdk.httpserver jdk.jcmd jdk.localedata jdk.management jdk.naming.dns jdk.naming.rmi jdk.net jdk.security.auth jdk.security.jgss jdk.unsupported jdk.xml.dom"

Environment Variables:
PATH=/home/david-daniel/.nvm/versions/node/v24.15.0/bin:/home/david-daniel/.local/bin:/usr/local/sbin:/usr/local/bin:/usr/sbin:/usr/bin:/sbin:/bin:/usr/games:/usr/local/games:/snap/bin:/snap/bin
USERNAME=david-daniel
SHELL=/bin/bash
DISPLAY=:0
WAYLAND_DISPLAY=wayland-0
LANG=pt_BR.UTF-8
TERM=xterm-256color

Active Locale:
LC_ALL=pt_BR.UTF-8
LC_COLLATE=pt_BR.UTF-8
LC_CTYPE=pt_BR.UTF-8
LC_MESSAGES=pt_BR.UTF-8
LC_MONETARY=pt_BR.UTF-8
LC_NUMERIC=pt_BR.UTF-8
LC_TIME=pt_BR.UTF-8

Signal Handlers:
   SIGSEGV: crash_handler in libjvm.so, mask=11100100010111111101111111111110, flags=SA_RESTART|SA_SIGINFO, unblocked
    SIGBUS: crash_handler in libjvm.so, mask=11100100010111111101111111111110, flags=SA_RESTART|SA_SIGINFO, unblocked
    SIGFPE: crash_handler in libjvm.so, mask=11100100010111111101111111111110, flags=SA_RESTART|SA_SIGINFO, unblocked
   SIGPIPE: SIG_IGN, mask=00000000000010000000000000000000, flags=SA_RESTART, blocked
  *** Handler was modified!
  *** Expected: javaSignalHandler in libjvm.so, mask=11100100110111111111111111111110, flags=SA_RESTART|SA_SIGINFO
   SIGXFSZ: javaSignalHandler in libjvm.so, mask=11100100010111111101111111111110, flags=SA_RESTART|SA_SIGINFO, blocked
    SIGILL: crash_handler in libjvm.so, mask=11100100010111111101111111111110, flags=SA_RESTART|SA_SIGINFO, unblocked
   SIGUSR2: SR_handler in libjvm.so, mask=00000000000000000000000000000000, flags=SA_RESTART|SA_SIGINFO, blocked
    SIGHUP: UserHandler in libjvm.so, mask=11100100010111111101111111111110, flags=SA_RESTART|SA_SIGINFO, blocked
    SIGINT: UserHandler in libjvm.so, mask=11100100010111111101111111111110, flags=SA_RESTART|SA_SIGINFO, blocked
   SIGTERM: UserHandler in libjvm.so, mask=11100100010111111101111111111110, flags=SA_RESTART|SA_SIGINFO, blocked
   SIGQUIT: UserHandler in libjvm.so, mask=11100100010111111101111111111110, flags=SA_RESTART|SA_SIGINFO, blocked
   SIGTRAP: crash_handler in libjvm.so, mask=11100100010111111101111111111110, flags=SA_RESTART|SA_SIGINFO, unblocked


Compilation memory statistics disabled.

Periodic native trim disabled

---------------  S Y S T E M  ---------------

OS:
DISTRIB_ID=Ubuntu
DISTRIB_RELEASE=24.04
DISTRIB_CODENAME=noble
DISTRIB_DESCRIPTION="Ubuntu 24.04.4 LTS"
uname: Linux 7.0.0-28-generic #28~24.04.1-Ubuntu SMP PREEMPT_DYNAMIC Wed Jul  1 15:50:57 UTC 2 x86_64
OS uptime: 0 days 1:14 hours
libc: glibc 2.39 NPTL 2.39 
rlimit (soft/hard): STACK 8192k/infinity , CORE 0k/infinity , NPROC 56308/56308 , NOFILE 1048576/1048576 , AS infinity/infinity , CPU infinity/infinity , DATA infinity/infinity , FSIZE infinity/infinity , MEMLOCK 2037064k/2037064k
load average: 1,45 1,00 0,78

/proc/meminfo:
MemTotal:       16296520 kB
MemFree:         5238284 kB
MemAvailable:   10081296 kB
Buffers:          127528 kB
Cached:          5013172 kB
SwapCached:            0 kB
Active:          8152196 kB
Inactive:        1811776 kB
Active(anon):    4926248 kB
Inactive(anon):        0 kB
Active(file):    3225948 kB
Inactive(file):  1811776 kB
Unevictable:          48 kB
Mlocked:              48 kB
SwapTotal:       4194300 kB
SwapFree:        4194300 kB
Zswap:                 0 kB
Zswapped:              0 kB
Dirty:               772 kB
Writeback:             0 kB
AnonPages:       4823776 kB
Mapped:           930188 kB
Shmem:            102888 kB
KReclaimable:     116796 kB
Slab:             364080 kB
SReclaimable:     116796 kB
SUnreclaim:       247284 kB
KernelStack:       27904 kB
PageTables:        71160 kB
SecPageTables:      3256 kB
NFS_Unstable:          0 kB
Bounce:                0 kB
WritebackTmp:          0 kB
CommitLimit:    12342560 kB
Committed_AS:   20581988 kB
VmallocTotal:   34359738367 kB
VmallocUsed:       82500 kB
VmallocChunk:          0 kB
Percpu:             9472 kB
HardwareCorrupted:     0 kB
AnonHugePages:         0 kB
ShmemHugePages:        0 kB
ShmemPmdMapped:        0 kB
FileHugePages:    110592 kB
FilePmdMapped:         0 kB
CmaTotal:              0 kB
CmaFree:         1403344 kB
Unaccepted:            0 kB
Balloon:               0 kB
HugePages_Total:       0
HugePages_Free:        0
HugePages_Rsvd:        0
HugePages_Surp:        0
Hugepagesize:       2048 kB
Hugetlb:               0 kB
DirectMap4k:      314760 kB
DirectMap2M:    12193792 kB
DirectMap1G:     4194304 kB

/sys/kernel/mm/transparent_hugepage/enabled: always [madvise] never
/sys/kernel/mm/transparent_hugepage/hpage_pmd_size: 2097152
/sys/kernel/mm/transparent_hugepage/shmem_enabled: always within_size advise [never] deny force
/sys/kernel/mm/transparent_hugepage/defrag (defrag/compaction efforts parameter): always defer defer+madvise [madvise] never

Process Memory:
Virtual Size: 9995284K (peak: 10060820K)
Resident Set Size: 387436K (peak: 387436K) (anon: 327080K, file: 60104K, shmem: 252K)
Swapped out: 0K
C-Heap outstanding allocations: 94623K, retained: 99960K
glibc malloc tunables: (default)

/proc/sys/kernel/threads-max (system-wide limit on the number of threads): 112616
/proc/sys/vm/max_map_count (maximum number of memory map areas a process may have): 1048576
/proc/sys/vm/swappiness (control to define how aggressively the kernel swaps out anonymous memory): 60
/proc/sys/kernel/pid_max (system-wide limit on number of process identifiers): 4194304

container information not found.
Steal ticks since vm start: 0
Steal ticks percentage since vm start:  0,000

CPU: total 8 (initial active 8) (8 cores per cpu, 2 threads per core) family 23 model 113 stepping 0 microcode 0x8701034, cx8, cmov, fxsr, ht, mmx, 3dnowpref, sse, sse2, sse3, ssse3, sse4a, sse4.1, sse4.2, popcnt, lzcnt, tsc, tscinvbit, avx, avx2, aes, clmul, bmi1, bmi2, adx, sha, fma, vzeroupper, clflush, clflushopt, clwb, rdtscp, rdpid, f16c
CPU Model and flags from /proc/cpuinfo:
model name	: AMD Ryzen 3 3100 4-Core Processor
flags		: fpu vme de pse tsc msr pae mce cx8 apic sep mtrr pge mca cmov pat pse36 clflush mmx fxsr sse sse2 ht syscall nx mmxext fxsr_opt pdpe1gb rdtscp lm constant_tsc rep_good nopl xtopology nonstop_tsc cpuid extd_apicid aperfmperf rapl pni pclmulqdq monitor ssse3 fma cx16 sse4_1 sse4_2 x2apic movbe popcnt aes xsave avx f16c rdrand lahf_lm cmp_legacy svm extapic cr8_legacy abm sse4a misalignsse 3dnowprefetch osvw ibs skinit wdt tce topoext perfctr_core perfctr_nb bpext perfctr_llc mwaitx cpb cat_l3 cdp_l3 hw_pstate ssbd mba ibpb stibp vmmcall fsgsbase bmi1 avx2 smep bmi2 cqm rdt_a rdseed adx smap clflushopt clwb sha_ni xsaveopt xsavec xgetbv1 cqm_llc cqm_occup_llc cqm_mbm_total cqm_mbm_local clzero irperf xsaveerptr rdpru wbnoinvd arat npt lbrv svm_lock nrip_save tsc_scale vmcb_clean flushbyasid decodeassists pausefilter pfthreshold avic v_vmsave_vmload vgif v_spec_ctrl umip rdpid overflow_recov succor smca sev sev_es

Online cpus: 0-7
Offline cpus: 
BIOS frequency limitation: <Not Available>
Frequency switch latency (ns): 0
Available cpu frequencies: <Not Available>
Current governor: performance
Core performance/turbo boost: 1

Memory: 4k page, physical 16296520k(10081296k free), swap 4194300k(4194300k free)
Page Sizes: 4k

vm_info: OpenJDK 64-Bit Server VM (25.0.3+9-LTS) for linux-amd64 JRE (25.0.3+9-LTS), built on 2026-04-21T00:00:00Z with gcc 14.2.0

END.
