#
# A fatal error has been detected by the Java Runtime Environment:
#
#  SIGSEGV (0xb) at pc=0x000070092d96afb1, pid=11047, tid=11048
#
# JRE version: OpenJDK Runtime Environment Temurin-25.0.3+9 (25.0.3+9) (build 25.0.3+9-LTS)
# Java VM: OpenJDK 64-Bit Server VM Temurin-25.0.3+9 (25.0.3+9-LTS, mixed mode, tiered, compressed oops, compressed class ptrs, g1 gc, linux-amd64)
# Problematic frame:
# C  [libgobject-2.0.so.0+0x3afb1]  g_type_parent+0x11
#
# Core dump will be written. Default location: Determined by the following: "/usr/share/apport/apport -p%p -s%s -c%c -d%d -P%P -u%u -g%g -F%F -- %E" (alternatively, falling back to /home/david-daniel/Documentos/ax_projects/infringement_system-v2-wsl/backend/core.11047)
#
# If you would like to submit a bug report, please visit:
#   https://github.com/adoptium/adoptium-support/issues
# The crash happened outside the Java Virtual Machine in native code.
# See problematic frame for where to report the bug.
#

---------------  S U M M A R Y ------------

Command Line: -XX:+IgnoreUnrecognizedVMOptions -Dosgi.requiredJavaVersion=21 -Dfile.encoding=UTF-8 --enable-native-access=ALL-UNNAMED --add-modules=ALL-DEFAULT --add-opens=java.base/java.io=ALL-UNNAMED --add-opens=java.base/java.lang=ALL-UNNAMED --add-opens=java.base/java.lang.reflect=ALL-UNNAMED --add-opens=java.base/java.net=ALL-UNNAMED --add-opens=java.base/java.nio=ALL-UNNAMED --add-opens=java.base/java.nio.charset=ALL-UNNAMED --add-opens=java.base/java.text=ALL-UNNAMED --add-opens=java.base/java.time=ALL-UNNAMED --add-opens=java.base/java.util=ALL-UNNAMED --add-opens=java.base/java.util.concurrent=ALL-UNNAMED --add-opens=java.base/java.util.concurrent.atomic=ALL-UNNAMED --add-opens=java.base/jdk.internal.vm=ALL-UNNAMED --add-opens=java.base/jdk.internal.misc=ALL-UNNAMED --add-opens=java.base/sun.nio.ch=ALL-UNNAMED --add-opens=java.base/sun.nio.fs=ALL-UNNAMED --add-opens=java.base/sun.security.ssl=ALL-UNNAMED --add-opens=java.base/sun.security.util=ALL-UNNAMED --add-opens=java.security.jgss/sun.security.jgss=ALL-UNNAMED --add-opens=java.security.jgss/sun.security.krb5=ALL-UNNAMED --add-opens=java.desktop/java.awt=ALL-UNNAMED --add-opens=java.desktop/java.awt.peer=ALL-UNNAMED --add-opens=java.sql/java.sql=ALL-UNNAMED -Xms64m -Xmx1024m -Ddbeaver.distribution.type=deb /usr/share/dbeaver-ce//plugins/org.jkiss.dbeaver.launcher_1.0.59.202608161900.jar -os linux -ws gtk -arch x86_64 -showsplash -launcher /usr/share/dbeaver-ce/dbeaver -name Dbeaver --launcher.library /usr/share/dbeaver-ce//plugins/org.eclipse.equinox.launcher.gtk.linux.x86_64_1.2.1500.v20250801-0854/eclipse_11916.so -startup /usr/share/dbeaver-ce//plugins/org.jkiss.dbeaver.launcher_1.0.59.202608161900.jar --launcher.overrideVmargs -exitdata 6 -vm /usr/share/dbeaver-ce/jre/bin/java -vmargs -XX:+IgnoreUnrecognizedVMOptions -Dosgi.requiredJavaVersion=21 -Dfile.encoding=UTF-8 --enable-native-access=ALL-UNNAMED --add-modules=ALL-DEFAULT --add-opens=java.base/java.io=ALL-UNNAMED --add-opens=java.base/java.lang=ALL-UNNAMED --add-opens=java.base/java.lang.reflect=ALL-UNNAMED --add-opens=java.base/java.net=ALL-UNNAMED --add-opens=java.base/java.nio=ALL-UNNAMED --add-opens=java.base/java.nio.charset=ALL-UNNAMED --add-opens=java.base/java.text=ALL-UNNAMED --add-opens=java.base/java.time=ALL-UNNAMED --add-opens=java.base/java.util=ALL-UNNAMED --add-opens=java.base/java.util.concurrent=ALL-UNNAMED --add-opens=java.base/java.util.concurrent.atomic=ALL-UNNAMED --add-opens=java.base/jdk.internal.vm=ALL-UNNAMED --add-opens=java.base/jdk.internal.misc=ALL-UNNAMED --add-opens=java.base/sun.nio.ch=ALL-UNNAMED --add-opens=java.base/sun.nio.fs=ALL-UNNAMED --add-opens=java.base/sun.security.ssl=ALL-UNNAMED --add-opens=java.base/sun.security.util=ALL-UNNAMED --add-opens=java.security.jgss/sun.security.jgss=ALL-UNNAMED --add-opens=java.security.jgss/sun.security.krb5=ALL-UNNAMED --add-opens=java.desktop/java.awt=ALL-UNNAMED --add-opens=java.desktop/java.awt.peer=ALL-UNNAMED --add-opens=java.sql/java.sql=ALL-UNNAMED -Xms64m -Xmx1024m -Ddbeaver.distribution.type=deb -jar /usr/share/dbeaver-ce//plugins/org.jkiss.dbeaver.launcher_1.0.59.202608161900.jar

Host: AMD Ryzen 3 3100 4-Core Processor, 8 cores, 15G, Ubuntu 24.04.4 LTS
Time: Sat Aug 22 21:39:39 2026 -04 elapsed time: 3.644206 seconds (0d 0h 0m 3s)

---------------  T H R E A D  ---------------

Current thread (0x000070095002e450):  JavaThread "main"             [_thread_in_native, id=11048, stack(0x0000700957f00000,0x0000700958000000) (1024K)]

Stack: [0x0000700957f00000,0x0000700958000000],  sp=0x0000700957ffcb28,  free space=1010k
Native frames: (J=compiled Java code, j=interpreted, Vv=VM code, C=native code)
C  [libgobject-2.0.so.0+0x3afb1]  g_type_parent+0x11
C  [libgobject-2.0.so.0+0x30a41]  g_signal_connect_data+0x211
C  [libswt-pi3-gtk-4973r12.so+0x4d5f2]  Java_org_eclipse_swt_internal_gtk_OS_g_1signal_1connect+0x58
Java frames: (J=compiled Java code, j=interpreted, Vv=VM code)
j  org.eclipse.swt.internal.gtk.OS.g_signal_connect(J[BJJ)I+0
j  org.eclipse.swt.widgets.Shell.hookEvents()V+21
j  org.eclipse.swt.widgets.Widget.createWidget(I)V+11
j  org.eclipse.swt.widgets.Control.createWidget(I)V+22
j  org.eclipse.swt.widgets.Scrollable.createWidget(I)V+2
j  org.eclipse.swt.widgets.Decorations.createWidget(I)V+2
j  org.eclipse.swt.widgets.Shell.<init>(Lorg/eclipse/swt/widgets/Display;Lorg/eclipse/swt/widgets/Shell;IJZ)V+167
j  org.eclipse.swt.widgets.Shell.internal_new(Lorg/eclipse/swt/widgets/Display;J)Lorg/eclipse/swt/widgets/Shell;+10
j  org.eclipse.ui.internal.WorkbenchPlugin.getSplashShell(Lorg/eclipse/swt/widgets/Display;)Lorg/eclipse/swt/widgets/Shell;+64
j  org.jkiss.dbeaver.ui.app.standalone.ApplicationWorkbenchWindowAdvisor.runWithSplashHidden(Ljava/lang/Runnable;)V+3
j  org.jkiss.dbeaver.ui.app.standalone.ApplicationWorkbenchWindowAdvisor.showProductConfigDialog()V+22
j  org.jkiss.dbeaver.ui.app.standalone.ApplicationWorkbenchWindowAdvisor.preWindowOpen()V+9
j  org.eclipse.ui.internal.WorkbenchWindow.fireWindowOpening()V+4
j  org.eclipse.ui.internal.WorkbenchWindow.setup()V+419
j  java.lang.invoke.LambdaForm$DMH+0x000000001e089800.invokeVirtual(Ljava/lang/Object;Ljava/lang/Object;)V+10 java.base@25.0.3
j  java.lang.invoke.LambdaForm$MH+0x000000001e381c00.invoke(Ljava/lang/Object;Ljava/lang/Object;)Ljava/lang/Object;+31 java.base@25.0.3
J 1113 c1 jdk.internal.reflect.DirectMethodHandleAccessor.invoke(Ljava/lang/Object;[Ljava/lang/Object;)Ljava/lang/Object; java.base@25.0.3 (92 bytes) @ 0x000070093cf55c2c [0x000070093cf54a00+0x000000000000122c]
J 1112 c1 java.lang.reflect.Method.invoke(Ljava/lang/Object;[Ljava/lang/Object;)Ljava/lang/Object; java.base@25.0.3 (108 bytes) @ 0x000070093cf547a4 [0x000070093cf54200+0x00000000000005a4]
j  org.eclipse.e4.core.internal.di.MethodRequestor.execute()Ljava/lang/Object;+77
j  org.eclipse.e4.core.internal.di.InjectorImpl.processAnnotated(Lorg/eclipse/e4/core/internal/di/AnnotationLookup$AnnotationProxy;Ljava/lang/Object;Ljava/lang/Class;Lorg/eclipse/e4/core/di/suppliers/PrimaryObjectSupplier;Lorg/eclipse/e4/core/di/suppliers/PrimaryObjectSupplier;Ljava/util/List;)V+190
j  org.eclipse.e4.core.internal.di.InjectorImpl.internalInject(Ljava/lang/Object;Lorg/eclipse/e4/core/di/suppliers/PrimaryObjectSupplier;Lorg/eclipse/e4/core/di/suppliers/PrimaryObjectSupplier;)V+175
j  org.eclipse.e4.core.internal.di.InjectorImpl.inject(Ljava/lang/Object;Lorg/eclipse/e4/core/di/suppliers/PrimaryObjectSupplier;)V+4
j  org.eclipse.e4.core.contexts.ContextInjectionFactory.inject(Ljava/lang/Object;Lorg/eclipse/e4/core/contexts/IEclipseContext;)V+13
j  org.eclipse.ui.internal.Workbench.createWorkbenchWindow(Lorg/eclipse/core/runtime/IAdaptable;Lorg/eclipse/ui/IPerspectiveDescriptor;Lorg/eclipse/e4/ui/model/application/ui/basic/MWindow;Z)Lorg/eclipse/ui/IWorkbenchWindow;+180
j  org.eclipse.ui.internal.Workbench.getActiveWorkbenchWindow()Lorg/eclipse/ui/IWorkbenchWindow;+179
j  org.jkiss.dbeaver.ui.app.standalone.ApplicationWorkbenchAdvisor.resetPerspectiveIfNeeded()V+3
j  org.jkiss.dbeaver.ui.app.standalone.ApplicationWorkbenchAdvisor.postStartup()V+17
j  org.eclipse.ui.internal.Workbench.lambda$19()V+4
j  org.eclipse.ui.internal.Workbench$$Lambda+0x000000001e639718.run()V+4
j  org.eclipse.e4.ui.internal.workbench.swt.PartRenderingEngine$5.run()V+432
j  org.eclipse.core.databinding.observable.Realm.runWithDefault(Lorg/eclipse/core/databinding/observable/Realm;Ljava/lang/Runnable;)V+12
j  org.eclipse.e4.ui.internal.workbench.swt.PartRenderingEngine.run(Lorg/eclipse/e4/ui/model/application/MApplicationElement;Lorg/eclipse/e4/core/contexts/IEclipseContext;)Ljava/lang/Object;+57
j  org.eclipse.e4.ui.internal.workbench.E4Workbench.createAndRunUI(Lorg/eclipse/e4/ui/model/application/MApplicationElement;)V+20
j  org.eclipse.ui.internal.Workbench.lambda$3(Lorg/eclipse/swt/widgets/Display;Lorg/eclipse/ui/application/WorkbenchAdvisor;[I)V+352
j  org.eclipse.ui.internal.Workbench$$Lambda+0x000000001e4c7358.run()V+12
j  org.eclipse.core.databinding.observable.Realm.runWithDefault(Lorg/eclipse/core/databinding/observable/Realm;Ljava/lang/Runnable;)V+12
j  org.eclipse.ui.internal.Workbench.createAndRunWorkbench(Lorg/eclipse/swt/widgets/Display;Lorg/eclipse/ui/application/WorkbenchAdvisor;)I+16
j  org.eclipse.ui.PlatformUI.createAndRunWorkbench(Lorg/eclipse/swt/widgets/Display;Lorg/eclipse/ui/application/WorkbenchAdvisor;)I+2
j  org.jkiss.dbeaver.ui.app.standalone.DBeaverApplication.start(Lorg/eclipse/equinox/app/IApplicationContext;)Ljava/lang/Object;+772
j  org.eclipse.equinox.internal.app.EclipseAppHandle.run(Ljava/lang/Object;)Ljava/lang/Object;+138
j  org.eclipse.core.runtime.internal.adaptor.EclipseAppLauncher.runApplication(Ljava/lang/Object;)Ljava/lang/Object;+85
j  org.eclipse.core.runtime.internal.adaptor.EclipseAppLauncher.start(Ljava/lang/Object;)Ljava/lang/Object;+79
j  org.eclipse.core.runtime.adaptor.EclipseStarter.run(Ljava/lang/Object;)Ljava/lang/Object;+99
j  org.eclipse.core.runtime.adaptor.EclipseStarter.run([Ljava/lang/String;Ljava/lang/Runnable;)Ljava/lang/Object;+132
J 497 c1 java.lang.invoke.DirectMethodHandle$Holder.invokeStatic(Ljava/lang/Object;Ljava/lang/Object;Ljava/lang/Object;)Ljava/lang/Object; java.base@25.0.3 (15 bytes) @ 0x000070093ce8a214 [0x000070093ce89f00+0x0000000000000314]
j  java.lang.invoke.LambdaForm$MH+0x000000001e146800.invoke(Ljava/lang/Object;Ljava/lang/Object;Ljava/lang/Object;Ljava/lang/Object;)Ljava/lang/Object;+54 java.base@25.0.3
j  java.lang.invoke.LambdaForm$MH+0x000000001e146c00.invokeExact_MT(Ljava/lang/Object;Ljava/lang/Object;Ljava/lang/Object;Ljava/lang/Object;Ljava/lang/Object;)Ljava/lang/Object;+22 java.base@25.0.3
j  jdk.internal.reflect.DirectMethodHandleAccessor.invokeImpl(Ljava/lang/Object;[Ljava/lang/Object;)Ljava/lang/Object;+72 java.base@25.0.3
j  jdk.internal.reflect.DirectMethodHandleAccessor.invoke(Ljava/lang/Object;[Ljava/lang/Object;)Ljava/lang/Object;+23 java.base@25.0.3
j  java.lang.reflect.Method.invoke(Ljava/lang/Object;[Ljava/lang/Object;)Ljava/lang/Object;+102 java.base@25.0.3
j  org.jkiss.dbeaver.launcher.DBeaverLauncher.invokeFramework([Ljava/lang/String;[Ljava/net/URL;)V+205
j  org.jkiss.dbeaver.launcher.DBeaverLauncher.basicRun([Ljava/lang/String;)V+481
j  org.jkiss.dbeaver.launcher.DBeaverLauncher.run([Ljava/lang/String;)I+57
j  org.jkiss.dbeaver.launcher.DBeaverLauncher.main([Ljava/lang/String;)V+10
v  ~StubRoutines::call_stub 0x0000700944336fa6

siginfo: si_signo: 11 (SIGSEGV), si_code: 1 (SEGV_MAPERR), si_addr: 0x00000002003b65c4

Registers:
RAX=0x0000000000000001, RBX=0x0000700950dcfc30, RCX=0x0000000000000000, RDX=0x0000000000000050
RSP=0x0000700957ffcb28, RBP=0x0000700957ffcba0, RSI=0x0000700950dcfc38, RDI=0x00000002003b6574
R8 =0x0000000000000000, R9 =0x00000002003b6574, R10=0x0000000000000001, R11=0x0000000000000001
R12=0x0000700957ffcb50, R13=0x0000000000000137, R14=0x00007008fc04e030, R15=0x0000700957ffcbe0
RIP=0x000070092d96afb1, EFLAGS=0x0000000000010206, CSGSFS=0x002b000000000033, ERR=0x0000000000000004
  TRAPNO=0x000000000000000e

XMM[0]=0x454a424f5f53495f 0x4700796669746f6e
XMM[1]=0x0000000000000000 0x0000ffffffffffff
XMM[2]=0x0000000000000000 0x00ff000000000000
XMM[3]=0x0000000000000000 0xffff000000000000
XMM[4]=0x0000000000000000 0x0000700950000090
XMM[5]=0x000070092d94c7b0 0x000070092d94b1d0
XMM[6]=0x00007009503a82d0 0x0000000000000000
XMM[7]=0x00007009506e1230 0x0000700900000052
XMM[8]=0x00007009506e1d40 0x0000700900000076
XMM[9]=0x262825ab262825ab 0x262825ab33196936
XMM[10]=0x0000000000000000 0x000000000cf1438b
XMM[11]=0xf73533c5f73533c5 0xf73533c52a4e9cfb
XMM[12]=0x0000000000000000 0x0000000033196936
XMM[13]=0x0000000000000000 0xa8c24779fb3e2a5a
XMM[14]=0x0000000000000000 0x00000000527be2e1
XMM[15]=0x0000000000000000 0x0000000000000000
  MXCSR=0x00001fa7


Register to memory mapping:

RAX=0x0000000000000001 is an unknown value
RBX=0x0000700950dcfc30 points into unknown readable memory: 0x0000000000000137 | 37 01 00 00 00 00 00 00
RCX=0x0 is null
RDX=0x0000000000000050 is an unknown value
RSP=0x0000700957ffcb28 is pointing into the stack for thread: 0x000070095002e450
RBP=0x0000700957ffcba0 is pointing into the stack for thread: 0x000070095002e450
RSI=0x0000700950dcfc38 points into unknown readable memory: 0x0000000000000050 | 50 00 00 00 00 00 00 00
RDI=0x00000002003b6574 is an unknown value
R8 =0x0 is null
R9 =0x00000002003b6574 is an unknown value
R10=0x0000000000000001 is an unknown value
R11=0x0000000000000001 is an unknown value
R12=0x0000700957ffcb50 is pointing into the stack for thread: 0x000070095002e450
R13=0x0000000000000137 is an unknown value
R14=0x00007008fc04e030 points into unknown readable memory: 0x00007009540e2cf0 | f0 2c 0e 54 09 70 00 00
R15=0x0000700957ffcbe0 is pointing into the stack for thread: 0x000070095002e450

Top of Stack: (sp=0x0000700957ffcb28)
0x0000700957ffcb28:   000070092d95e878 00007009506e30f0   x..-.p...0nP.p..
0x0000700957ffcb38:   0000700951144530 000000000000064e   0E.Q.p..N.......
0x0000700957ffcb48:   0000000000000015 00000002003b6574   ........te;.....
0x0000700957ffcb58:   000070090000003a 0000700957ffcba0   :....p.....W.p..
0x0000700957ffcb68:   7a4d6f97670ec600 0000700957ffcbb0   ...g.oMz...W.p..
0x0000700957ffcb78:   00007009504893b0 00007009506e30f0   ..HP.p...0nP.p..
0x0000700957ffcb88:   00007008f00926ff 00007009506e30f6   .&...p...0nP.p..
0x0000700957ffcb98:   00007008fc04e030 0000700957ffcc40   0....p..@..W.p..
0x0000700957ffcba8:   000070092d960a41 0000700957ffcbf0   A..-.p.....W.p..
0x0000700957ffcbb8:   00007009570de1f1 0000000000000000   ...W.p..........
0x0000700957ffcbc8:   0000000000000068 0000000000000006   h...............
0x0000700957ffcbd8:   00000000506e30f0 0000796669746f6e   .0nP....notify..
0x0000700957ffcbe8:   000070095002e450 00000000c0de4b08   P..P.p...K......
0x0000700957ffcbf8:   0000000000000000 0000700957ffcc40   ........@..W.p..
0x0000700957ffcc08:   7a4d6f97670ec600 0000700957ffccb8   ...g.oMz...W.p..
0x0000700957ffcc18:   000070095002e8f0 00007009506e30f0   ...P.p...0nP.p..
0x0000700957ffcc28:   00007009504893b0 00007008f00926ff   ..HP.p...&...p..
0x0000700957ffcc38:   0000000000000068 0000700957ffcd50   h.......P..W.p..
0x0000700957ffcc48:   00007008c29d15f2 0000700957ffcd50   .....p..P..W.p..
0x0000700957ffcc58:   000070091d7eda40 0000700957ffcd10   @.~..p.....W.p..
0x0000700957ffcc68:   0000000000000000 000070091d7eda40   ........@.~..p..
0x0000700957ffcc78:   0000700957ffcd60 000070095002e450   `..W.p..P..P.p..
0x0000700957ffcc88:   0000700944342f05 0000000000000000   ./4D.p..........
0x0000700957ffcc98:   00000000c0de3648 000070091d7edae0   H6........~..p..
0x0000700957ffcca8:   0000000000000000 0000700957ffccd8   ...........W.p..
0x0000700957ffccb8:   0000700957ffcd50 000070094433e56e   P..W.p..n.3D.p..
0x0000700957ffccc8:   fffffffffffffff7 0000000000000000   ................
0x0000700957ffccd8:   000000000000000a 000070091d7fbd88   .............p..
0x0000700957ffcce8:   0000000000000000 00000000c0de3648   ........H6......
0x0000700957ffccf8:   000070091d7eda40 0000000000000000   @.~..p..........
0x0000700957ffcd08:   0000700957ffcd30 0000700957ffcdb0   0..W.p.....W.p..
0x0000700957ffcd18:   000070094433e56e 00000000c0de3648   n.3D.p..H6......

Instructions: (pc=0x000070092d96afb1)
  0x000070092d96aeb1:   8d 35 c9 75 01 00 48 8d 15 cd e7 00 00 48 8d 3d
  0x000070092d96aec1:   50 b1 00 00 e8 86 4c fd ff 48 8b 3b e8 1e fb ff
  0x000070092d96aed1:   ff 5b 48 8d 3d 46 f3 00 00 41 5c 48 89 c6 5d 31
  0x000070092d96aee1:   c0 e9 c9 4d fd ff 66 0f 1f 84 00 00 00 00 00 e8
  0x000070092d96aef1:   8b 4d fd ff 49 89 04 24 31 c0 5b 41 5c 5d c3 f3
  0x000070092d96af01:   0f 1e fa 48 81 ff fc 03 00 00 76 0b 48 83 e7 fc
  0x000070092d96af11:   8b 47 28 c3 0f 1f 00 48 8d 05 21 72 02 00 48 c1
  0x000070092d96af21:   ef 02 48 8b 3c f8 31 c0 48 85 ff 75 e3 c3 90 f3
  0x000070092d96af31:   0f 1e fa 55 48 89 e5 41 54 53 48 85 ff 74 38 4c
  0x000070092d96af41:   8d 25 d9 7c 02 00 48 89 fb 4c 89 e7 e8 5e 4c fd
  0x000070092d96af51:   ff 48 8b 3d cf 7b 02 00 48 89 de e8 1f 4b fd ff
  0x000070092d96af61:   4c 89 e7 48 89 c3 e8 44 4e fd ff 48 89 d8 5b 41
  0x000070092d96af71:   5c 5d c3 0f 1f 40 00 31 db 48 8d 15 27 e6 00 00
  0x000070092d96af81:   48 8d 35 58 7d 01 00 48 8d 3d 86 b0 00 00 e8 bc
  0x000070092d96af91:   4b fd ff 48 89 d8 5b 41 5c 5d c3 0f 1f 40 00 f3
  0x000070092d96afa1:   0f 1e fa 48 81 ff fc 03 00 00 76 13 48 83 e7 fc
=>0x000070092d96afb1:   48 8b 47 50 c3 66 2e 0f 1f 84 00 00 00 00 00 48
  0x000070092d96afc1:   8d 05 79 71 02 00 48 c1 ef 02 48 8b 3c f8 31 c0
  0x000070092d96afd1:   48 85 ff 75 db c3 66 0f 1f 84 00 00 00 00 00 f3
  0x000070092d96afe1:   0f 1e fa 55 48 89 e5 41 57 41 56 41 55 49 89 d5
  0x000070092d96aff1:   41 54 49 89 f4 53 48 89 fb 48 83 ec 08 48 81 ff
  0x000070092d96b001:   fc 03 00 00 76 49 48 89 f8 48 83 e0 fc f6 40 16
  0x000070092d96b011:   10 74 53 4c 89 e7 e8 84 ff ff ff 48 83 f8 08 74
  0x000070092d96b021:   4e 48 8d 15 ff 34 01 00 48 83 c4 08 48 8d 35 dc
  0x000070092d96b031:   7d 01 00 48 8d 3d da af 00 00 5b 41 5c 41 5d 41
  0x000070092d96b041:   5e 41 5f 5d e9 06 4b fd ff 66 0f 1f 44 00 00 48
  0x000070092d96b051:   89 fa 48 8d 05 e6 70 02 00 48 c1 ea 02 48 8b 04
  0x000070092d96b061:   d0 48 85 c0 75 a7 48 8d 15 8a 34 01 00 eb b9 4c
  0x000070092d96b071:   8d 35 69 7b 02 00 4c 8d 3d a2 7b 02 00 4c 89 f7
  0x000070092d96b081:   e8 6a 4c fd ff 4c 89 ff e8 f2 4f fd ff 4c 89 e6
  0x000070092d96b091:   48 89 df e8 37 29 ff ff 85 c0 74 3c 48 81 fb fc
  0x000070092d96b0a1:   03 00 00 76 5a 48 83 e3 fc 49 81 fc fc 03 00 00


Stack slot to memory mapping:

stack at sp + 0 slots: 0x000070092d95e878: <offset 0x000000000002e878> in /lib/x86_64-linux-gnu/libgobject-2.0.so.0 at 0x000070092d930000
stack at sp + 1 slots: 0x00007009506e30f0 points into unknown readable memory: 0x3a3a796669746f6e | 6e 6f 74 69 66 79 3a 3a
stack at sp + 2 slots: 0x0000700951144530 points into unknown readable memory: 0x0000700950dcd830 | 30 d8 dc 50 09 70 00 00
stack at sp + 3 slots: 0x000000000000064e is an unknown value
stack at sp + 4 slots: 0x0000000000000015 is an unknown value
stack at sp + 5 slots: 0x00000002003b6574 is an unknown value
stack at sp + 6 slots: 0x000070090000003a points into unknown readable memory: 00 00 00 00 00 00
stack at sp + 7 slots: 0x0000700957ffcba0 is pointing into the stack for thread: 0x000070095002e450

Lock stack of current Java thread (top to bottom):


Compiled method (c1) 3656 1113   !   3       jdk.internal.reflect.DirectMethodHandleAccessor::invoke (92 bytes)
 total in heap  [0x000070093cf54908,0x000070093cf56728] = 7712
 main code      [0x000070093cf54a00,0x000070093cf565d8] = 7128
 stub code      [0x000070093cf565d8,0x000070093cf56710] = 312
 oops           [0x000070093cf56710,0x000070093cf56728] = 24
 mutable data [0x000070090064f190,0x000070090064f490] = 768
 relocation     [0x000070090064f190,0x000070090064f430] = 672
 metadata       [0x000070090064f430,0x000070090064f490] = 96
 immutable data [0x000070090064e280,0x000070090064f180] = 3840
 dependencies   [0x000070090064e280,0x000070090064e2a0] = 32
 nul chk table  [0x000070090064e2a0,0x000070090064e338] = 152
 handler table  [0x000070090064e338,0x000070090064e9c8] = 1680
 scopes pcs     [0x000070090064e9c8,0x000070090064ee48] = 1152
 scopes data    [0x000070090064ee48,0x000070090064f180] = 824

[Constant Pool (empty)]

[MachCode]
[Instructions begin]
  0x000070093cf54a00: 660f 1f84 | 0000 0000 | 0066 0f1f | 8400 0000 | 0000 448b | 5608 443b 

  0x000070093cf54a18: ;   {runtime_call Shared Runtime ic_miss_blob}
  0x000070093cf54a18: 5008 0f85 | c0f9 4207 
[Verified Entry Point]
  0x000070093cf54a20: 8984 2400 | c0fe ff55 | 4881 ec20 | 0100 0090 | 4181 7f20 | 0700 0000 

  0x000070093cf54a38: ;   {runtime_call Stub::method_entry_barrier}
  0x000070093cf54a38: 7405 e8e1 | 7441 0748 | 89b4 24a8 | 0000 0048 | 8994 24b8 

  0x000070093cf54a4c: ;   {metadata(method data for {method} {0x000070091c466fd8} 'invoke' '(Ljava/lang/Object;[Ljava/lang/Object;)Ljava/lang/Object;' in 'jdk/internal/reflect/DirectMethodHandleAccessor')}
  0x000070093cf54a4c: 0000 0048 | bfb0 46bd | 1c09 7000 | 008b 9f90 | 0000 0083 | c302 899f | 9000 0000 | 81e3 fe07 
  0x000070093cf54a6c: 0000 85db | 0f84 4b17 | 0000 488b 

  0x000070093cf54a78: ;   {metadata(method data for {method} {0x000070091c466fd8} 'invoke' '(Ljava/lang/Object;[Ljava/lang/Object;)Ljava/lang/Object;' in 'jdk/internal/reflect/DirectMethodHandleAccessor')}
  0x000070093cf54a78: fe48 bbb0 | 46bd 1c09 | 7000 0048 | 8383 d800 

  0x000070093cf54a88: ;   {metadata(method data for {method} {0x000070091c4674e8} 'isStatic' '()Z' in 'jdk/internal/reflect/DirectMethodHandleAccessor')}
  0x000070093cf54a88: 0000 0148 | bfa8 49bd | 1c09 7000 | 008b 9f90 | 0000 0083 | c302 899f | 9000 0000 | 81e3 feff 
  0x000070093cf54aa8: 1f00 85db | 0f84 3017 | 0000 8b7e | 1081 e700 | 0200 0081 | ff00 0200 

  0x000070093cf54ac0: ;   {metadata(method data for {method} {0x000070091c4674e8} 'isStatic' '()Z' in 'jdk/internal/reflect/DirectMethodHandleAccessor')}
  0x000070093cf54ac0: 0048 bfa8 | 49bd 1c09 | 7000 00bb | d800 0000 | 7505 bbe8 | 0000 0048 | 8b04 1f48 | 8d40 0148 
  0x000070093cf54ae0: 8904 1f0f | 851a 0000 

  0x000070093cf54ae8: ;   {metadata(method data for {method} {0x000070091c4674e8} 'isStatic' '()Z' in 'jdk/internal/reflect/DirectMethodHandleAccessor')}
  0x000070093cf54ae8: 0048 bfa8 | 49bd 1c09 | 7000 00ff | 87f8 0000 | 00bf 0100 | 0000 e905 | 0000 00bf | 0000 0000 
  0x000070093cf54b08: 83e7 0185 

  0x000070093cf54b0c: ;   {metadata(method data for {method} {0x000070091c466fd8} 'invoke' '(Ljava/lang/Object;[Ljava/lang/Object;)Ljava/lang/Object;' in 'jdk/internal/reflect/DirectMethodHandleAccessor')}
  0x000070093cf54b0c: ff48 bfb0 | 46bd 1c09 | 7000 00bb | 0801 0000 | 7505 bb18 | 0100 0048 | 8b04 1f48 | 8d40 0148 
  0x000070093cf54b2c: 8904 1f48 | 898c 24b0 | 0000 000f | 8537 0000 | 0048 8bfe 

  0x000070093cf54b40: ;   {metadata(method data for {method} {0x000070091c466fd8} 'invoke' '(Ljava/lang/Object;[Ljava/lang/Object;)Ljava/lang/Object;' in 'jdk/internal/reflect/DirectMethodHandleAccessor')}
  0x000070093cf54b40: 48bb b046 | bd1c 0970 | 0000 4883 | 8328 0100 | 0001 488b | fa48 8bd7 | 488b de48 

  0x000070093cf54b5c: ;   {optimized virtual_call}
  0x000070093cf54b5c: 8bf3 90e8 

  0x000070093cf54b60: ; ImmutableOopMap {[168]=Oop [176]=Oop [184]=Oop }
                      ;*invokevirtual checkReceiver {reexecute=0 rethrow=0 return_oop=0}
                      ; - jdk.internal.reflect.DirectMethodHandleAccessor::invoke@9
  0x000070093cf54b60: 3c39 0000 

  0x000070093cf54b64: ;   {post_call_nop}
  0x000070093cf54b64: 0f1f 8400 | 5c02 0000 | 488b b424 | a800 0000 

  0x000070093cf54b74: ;   {metadata(method data for {method} {0x000070091c466fd8} 'invoke' '(Ljava/lang/Object;[Ljava/lang/Object;)Ljava/lang/Object;' in 'jdk/internal/reflect/DirectMethodHandleAccessor')}
  0x000070093cf54b74: 8b56 0c48 | bfb0 46bd | 1c09 7000 | 0048 8387 | 5801 0000 | 0148 8bf2 | 488b 9424 | b000 0000 
  0x000070093cf54b94: ;   {static_call}
  0x000070093cf54b94: 6666 90e8 

  0x000070093cf54b98: ; ImmutableOopMap {[168]=Oop [176]=Oop [184]=Oop }
                      ;*invokestatic checkArgumentCount {reexecute=0 rethrow=0 return_oop=0}
                      ; - jdk.internal.reflect.DirectMethodHandleAccessor::invoke@17
  0x000070093cf54b98: 64ca ffff 

  0x000070093cf54b9c: ;   {post_call_nop}
  0x000070093cf54b9c: 0f1f 8400 | 9402 0001 | 488b b424 | a800 0000 

  0x000070093cf54bac: ;   {metadata(method data for {method} {0x000070091c466fd8} 'invoke' '(Ljava/lang/Object;[Ljava/lang/Object;)Ljava/lang/Object;' in 'jdk/internal/reflect/DirectMethodHandleAccessor')}
  0x000070093cf54bac: 488b d648 | b9b0 46bd | 1c09 7000 | 0048 8381 | 6801 0000 

  0x000070093cf54bc0: ;   {metadata(method data for {method} {0x000070091c4672b0} 'invokeImpl' '(Ljava/lang/Object;[Ljava/lang/Object;)Ljava/lang/Object;' in 'jdk/internal/reflect/DirectMethodHandleAccessor')}
  0x000070093cf54bc0: 0148 ba58 | 4fbd 1c09 | 7000 008b | 8a90 0000 | 0083 c102 | 898a 9000 | 0000 81e1 | feff 1f00 
  0x000070093cf54be0: 85c9 0f84 | 1b16 0000 

  0x000070093cf54be8: ;   {metadata(method data for {method} {0x000070091c4672b0} 'invokeImpl' '(Ljava/lang/Object;[Ljava/lang/Object;)Ljava/lang/Object;' in 'jdk/internal/reflect/DirectMethodHandleAccessor')}
  0x000070093cf54be8: 8b56 0c48 | b958 4fbd | 1c09 7000 | 0041 b8e0 | 0000 0085 | d249 8bf8 | 41b8 f000 | 0000 4c0f 
  0x000070093cf54c08: 45c7 83fa | 0149 8bf8 | 41b8 0001 | 0000 4c0f | 45c7 83fa | 0249 8bf8 | 41b8 1001 | 0000 4c0f 
  0x000070093cf54c28: 45c7 83fa | 0349 8bf8 | 41b8 2001 | 0000 4c0f | 45c7 4a8b | 3c01 41ba | 0100 0000 | 4903 fa4a 
  0x000070093cf54c48: 893c 0185 | d20f 847f | 0c00 0083 | fa01 0f84 | 7f0a 0000 | 83fa 020f | 8405 0400 | 0083 fa03 
  0x000070093cf54c68: 0f84 db01 | 0000 488b | 8c24 b000 | 0000 488b | 9424 b800 | 0000 8b7e | 180f 1f80 | 0000 0000 
  0x000070093cf54c88: ;   {other}
  0x000070093cf54c88: e9a6 1500 | 0090 9090 | 9090 483b 

  0x000070093cf54c94: ;   {metadata(method data for {method} {0x000070091c4672b0} 'invokeImpl' '(Ljava/lang/Object;[Ljava/lang/Object;)Ljava/lang/Object;' in 'jdk/internal/reflect/DirectMethodHandleAccessor')}
  0x000070093cf54c94: 0748 bb58 | 4fbd 1c09 | 7000 0048 | 8d9b 3803 | 0000 4885 | d275 0ef6 | 4308 0175 | 42f0 4883 
  0x000070093cf54cb4: 4b08 01eb | 3a8b 4208 | 4c8b d048 | 3343 0848 | a9fc ffff | ff74 28a8 | 0275 2448 | f743 08fe 
  0x000070093cf54cd4: ffff ff74 | 1649 8bc2 | 4833 4308 | 48a9 fcff | ffff 740b | 4883 4b08 | 02eb 0448 | 8943 0848 
  0x000070093cf54cf4: 85c9 750e | f643 1801 | 7542 f048 | 834b 1801 | eb3a 8b41 | 084c 8bd0 | 4833 4318 | 48a9 fcff 
  0x000070093cf54d14: ffff 7428 | a802 7524 | 48f7 4318 | feff ffff | 7416 498b | c248 3343 | 1848 a9fc | ffff ff74 
  0x000070093cf54d34: 0b48 834b | 1802 eb04 | 4889 4318 

  0x000070093cf54d40: ;   {metadata(method data for {method} {0x000070091c4672b0} 'invokeImpl' '(Ljava/lang/Object;[Ljava/lang/Object;)Ljava/lang/Object;' in 'jdk/internal/reflect/DirectMethodHandleAccessor')}
  0x000070093cf54d40: 488b df48 | b858 4fbd | 1c09 7000 | 008b 5b08 | 483b 9810 | 0300 0075 | 0d48 8380 | 1803 0000 
  0x000070093cf54d60: 01e9 6000 | 0000 483b | 9820 0300 | 0075 0d48 | 8380 2803 | 0000 01e9 | 4a00 0000 | 4883 b810 
  0x000070093cf54d80: 0300 0000 | 7517 4889 | 9810 0300 | 0048 c780 | 1803 0000 | 0100 0000 | e929 0000 | 0048 83b8 
  0x000070093cf54da0: 2003 0000 | 0075 1748 | 8998 2003 | 0000 48c7 | 8028 0300 | 0001 0000 | 00e9 0800 | 0000 4883 
  0x000070093cf54dc0: 8008 0300 | 0001 488b | f766 0f1f 

  0x000070093cf54dcc: ;   {optimized virtual_call}
  0x000070093cf54dcc: 4400 00e8 

  0x000070093cf54dd0: ; ImmutableOopMap {[168]=Oop }
                      ;*invokevirtual invokeExact {reexecute=0 rethrow=0 return_oop=0}
                      ; - jdk.internal.reflect.DirectMethodHandleAccessor::invokeImpl@104
                      ; - jdk.internal.reflect.DirectMethodHandleAccessor::invoke@23
  0x000070093cf54dd0: 0cf9 4207 

  0x000070093cf54dd4: ;   {post_call_nop}
  0x000070093cf54dd4: 0f1f 8400 | cc04 0002 

  0x000070093cf54ddc: ;   {metadata(method data for {method} {0x000070091c4672b0} 'invokeImpl' '(Ljava/lang/Object;[Ljava/lang/Object;)Ljava/lang/Object;' in 'jdk/internal/reflect/DirectMethodHandleAccessor')}
  0x000070093cf54ddc: 48ba 584f | bd1c 0970 | 0000 488d | 9258 0300 | 0048 85c0 | 750c f602 | 0175 3ff0 | 4883 0a01 
  0x000070093cf54dfc: eb38 8b48 | 084c 8bd1 | 4833 0a48 | f7c1 fcff | ffff 7426 | f6c1 0275 | 2148 f702 | feff ffff 
  0x000070093cf54e1c: 7415 498b | ca48 330a | 48f7 c1fc | ffff ff74 | 0948 830a | 02eb 0348 | 890a 4881 | c420 0100 
  0x000070093cf54e3c: ;   {poll_return}
  0x000070093cf54e3c: 005d 493b | 6728 0f87 | fa13 0000 | c348 8b8c | 24b0 0000 | 0048 8b94 | 24b8 0000 | 008b 5e18 
  0x000070093cf54e5c: ; implicit exception: dispatches to 0x000070093cf56258
  0x000070093cf54e5c: 8379 0c00 | 0f86 fc13 | 0000 448b | 4110 8379 | 0c01 0f86 | 0014 0000 | 448b 4914 | 8379 0c02 
  0x000070093cf54e7c: 0f86 0414 | 0000 8b79 | 1866 6690 

  0x000070093cf54e88: ;   {oop(a 'java/lang/invoke/MethodType'{0x00000000c0143a38} = (Ljava/lang/Object;Ljava/lang/Object;Ljava/lang/Object;Ljava/lang/Object;)Ljava/lang/Object;)}
  0x000070093cf54e88: 48b8 383a | 14c0 0000 | 0000 483b 

  0x000070093cf54e94: ;   {metadata(method data for {method} {0x000070091c4672b0} 'invokeImpl' '(Ljava/lang/Object;[Ljava/lang/Object;)Ljava/lang/Object;' in 'jdk/internal/reflect/DirectMethodHandleAccessor')}
  0x000070093cf54e94: 0348 b958 | 4fbd 1c09 | 7000 0048 | 8d89 c002 | 0000 4885 | d275 0ef6 | 4108 0175 | 47f0 4883 
  0x000070093cf54eb4: 4908 01eb | 3f44 8b5a | 084d 8bd3 | 4c33 5908 | 49f7 c3fc | ffff ff74 | 2b41 f6c3 | 0275 2548 
  0x000070093cf54ed4: f741 08fe | ffff ff74 | 174d 8bda | 4c33 5908 | 49f7 c3fc | ffff ff74 | 0b48 8349 | 0802 eb04 
  0x000070093cf54ef4: 4c89 5908 | 4d85 c075 | 0ef6 4118 | 0175 47f0 | 4883 4918 | 01eb 3f45 | 8b58 084d | 8bd3 4c33 
  0x000070093cf54f14: 5918 49f7 | c3fc ffff | ff74 2b41 | f6c3 0275 | 2548 f741 | 18fe ffff | ff74 174d | 8bda 4c33 
  0x000070093cf54f34: 5918 49f7 | c3fc ffff | ff74 0b48 | 8349 1802 | eb04 4c89 | 5918 488b 

  0x000070093cf54f4c: ;   {metadata(method data for {method} {0x000070091c4672b0} 'invokeImpl' '(Ljava/lang/Object;[Ljava/lang/Object;)Ljava/lang/Object;' in 'jdk/internal/reflect/DirectMethodHandleAccessor')}
  0x000070093cf54f4c: cb49 bb58 | 4fbd 1c09 | 7000 008b | 4908 493b | 8b98 0200 | 0075 0d49 | 8383 a002 | 0000 01e9 
  0x000070093cf54f6c: 6000 0000 | 493b 8ba8 | 0200 0075 | 0d49 8383 | b002 0000 | 01e9 4a00 | 0000 4983 | bb98 0200 
  0x000070093cf54f8c: 0000 7517 | 4989 8b98 | 0200 0049 | c783 a002 | 0000 0100 | 0000 e929 | 0000 0049 | 83bb a802 
  0x000070093cf54fac: 0000 0075 | 1749 898b | a802 0000 | 49c7 83b0 | 0200 0001 | 0000 00e9 | 0800 0000 | 4983 8390 
  0x000070093cf54fcc: 0200 0001 | 498b c84d | 8bc1 4c8b | cf48 8bf8 

  0x000070093cf54fdc: ;   {optimized virtual_call}
  0x000070093cf54fdc: 488b f3e8 

  0x000070093cf54fe0: ; ImmutableOopMap {[168]=Oop }
                      ;*invokevirtual invokeExact {reexecute=0 rethrow=0 return_oop=0}
                      ; - jdk.internal.reflect.DirectMethodHandleAccessor::invokeImpl@92
                      ; - jdk.internal.reflect.DirectMethodHandleAccessor::invoke@23
  0x000070093cf54fe0: 0916 0000 

  0x000070093cf54fe4: ;   {post_call_nop}
  0x000070093cf54fe4: 0f1f 8400 | dc06 0003 

  0x000070093cf54fec: ;   {metadata(method data for {method} {0x000070091c4672b0} 'invokeImpl' '(Ljava/lang/Object;[Ljava/lang/Object;)Ljava/lang/Object;' in 'jdk/internal/reflect/DirectMethodHandleAccessor')}
  0x000070093cf54fec: 48be 584f | bd1c 0970 | 0000 488d | b6e0 0200 | 0048 85c0 | 750c f606 | 0175 40f0 | 4883 0e01 
  0x000070093cf5500c: eb39 8b78 | 084c 8bd7 | 4833 3e48 | f7c7 fcff | ffff 7427 | 40f6 c702 | 7521 48f7 | 06fe ffff 
  0x000070093cf5502c: ff74 1549 | 8bfa 4833 | 3e48 f7c7 | fcff ffff | 7409 4883 | 0e02 eb03 

  0x000070093cf55044: ;   {metadata(method data for {method} {0x000070091c4672b0} 'invokeImpl' '(Ljava/lang/Object;[Ljava/lang/Object;)Ljava/lang/Object;' in 'jdk/internal/reflect/DirectMethodHandleAccessor')}
  0x000070093cf55044: 4889 3e48 | be58 4fbd | 1c09 7000 | 00ff 86f0 | 0200 0048 | 81c4 2001 

  0x000070093cf5505c: ;   {poll_return}
  0x000070093cf5505c: 0000 5d49 | 3b67 280f | 874d 1200 | 00c3 488b | 8c24 b000 | 0000 488b | 9424 b800 | 0000 8b7e 
  0x000070093cf5507c: 1848 89bc | 24c8 0000 | 0083 790c | 000f 8647 | 1200 008b | 5910 4889 | 9c24 c000 | 0000 8379 
  0x000070093cf5509c: 0c01 0f86 | 4412 0000 | 8b41 1448 | 8984 24d0 

  0x000070093cf550ac: ;   {metadata(method data for {method} {0x000070091c4672b0} 'invokeImpl' '(Ljava/lang/Object;[Ljava/lang/Object;)Ljava/lang/Object;' in 'jdk/internal/reflect/DirectMethodHandleAccessor')}
  0x000070093cf550ac: 0000 0048 | b958 4fbd | 1c09 7000 | 0048 8d89 | 4802 0000 | 4885 d275 | 0ef6 4108 | 0175 47f0 
  0x000070093cf550cc: 4883 4908 | 01eb 3f44 | 8b42 084d | 8bd0 4c33 | 4108 49f7 | c0fc ffff | ff74 2b41 | f6c0 0275 
  0x000070093cf550ec: 2548 f741 | 08fe ffff | ff74 174d | 8bc2 4c33 | 4108 49f7 | c0fc ffff | ff74 0b48 | 8349 0802 
  0x000070093cf5510c: eb04 4c89 

  0x000070093cf55110: ;   {metadata(method data for {method} {0x000070091cb19ab0} 'invokeExact_MT' '(Ljava/lang/Object;Ljava/lang/Object;Ljava/lang/Object;Ljava/lang/Object;Ljava/lang/Object;)Ljava/lang/Object;' in 'java/lang/invoke/LambdaForm$MH+0x000000001e146c00')}
  0x000070093cf55110: 4108 48b9 | 209d b11c | 0970 0000 | 488d 8970 | 0200 0048 | 85ff 750c | f601 0175 | 41f0 4883 
  0x000070093cf55130: 0901 eb3a | 448b 4708 | 4d8b d04c | 3301 49f7 | c0fc ffff | ff74 2741 | f6c0 0275 | 2148 f701 
  0x000070093cf55150: feff ffff | 7415 4d8b | c24c 3301 | 49f7 c0fc | ffff ff74 | 0948 8309 | 02eb 034c | 8901 4885 
  0x000070093cf55170: d275 0ef6 | 4110 0175 | 47f0 4883 | 4910 01eb | 3f44 8b42 | 084d 8bd0 | 4c33 4110 | 49f7 c0fc 
  0x000070093cf55190: ffff ff74 | 2b41 f6c0 | 0275 2548 | f741 10fe | ffff ff74 | 174d 8bc2 | 4c33 4110 | 49f7 c0fc 
  0x000070093cf551b0: ffff ff74 | 0b48 8349 | 1002 eb04 | 4c89 4110 

  0x000070093cf551c0: ;   {metadata(method data for {method} {0x000070091c4672b0} 'invokeImpl' '(Ljava/lang/Object;[Ljava/lang/Object;)Ljava/lang/Object;' in 'jdk/internal/reflect/DirectMethodHandleAccessor')}
  0x000070093cf551c0: 48b9 584f | bd1c 0970 | 0000 4883 | 8118 0200 

  0x000070093cf551d0: ;   {metadata(method data for {method} {0x000070091cb19ab0} 'invokeExact_MT' '(Ljava/lang/Object;Ljava/lang/Object;Ljava/lang/Object;Ljava/lang/Object;Ljava/lang/Object;)Ljava/lang/Object;' in 'java/lang/invoke/LambdaForm$MH+0x000000001e146c00')}
  0x000070093cf551d0: 0001 48b9 | 209d b11c | 0970 0000 | 448b 8190 | 0000 0041 | 83c0 0244 | 8981 9000 | 0000 4181 
  0x000070093cf551f0: e0fe ff1f | 0045 85c0 | 0f84 fc10 

  0x000070093cf551fc: ;   {metadata(method data for {method} {0x000070091cb19ab0} 'invokeExact_MT' '(Ljava/lang/Object;Ljava/lang/Object;Ljava/lang/Object;Ljava/lang/Object;Ljava/lang/Object;)Ljava/lang/Object;' in 'java/lang/invoke/LambdaForm$MH+0x000000001e146c00')}
  0x000070093cf551fc: 0000 48b9 | 209d b11c | 0970 0000 | 488d 8948 | 0100 0048 | 85ff 750e | f641 0801 | 7547 f048 
  0x000070093cf5521c: 8349 0801 | eb3f 448b | 4708 4d8b | d04c 3341 | 0849 f7c0 | fcff ffff | 742b 41f6 | c002 7525 
  0x000070093cf5523c: 48f7 4108 | feff ffff | 7417 4d8b | c24c 3341 | 0849 f7c0 | fcff ffff | 740b 4883 | 4908 02eb 
  0x000070093cf5525c: 044c 8941 

  0x000070093cf55260: ;   {metadata(method data for {method} {0x000070091cb19ab0} 'invokeExact_MT' '(Ljava/lang/Object;Ljava/lang/Object;Ljava/lang/Object;Ljava/lang/Object;Ljava/lang/Object;)Ljava/lang/Object;' in 'java/lang/invoke/LambdaForm$MH+0x000000001e146c00')}
  0x000070093cf55260: 0848 b920 | 9db1 1c09 | 7000 0048 | 8381 3801 

  0x000070093cf55270: ;   {metadata(method data for {method} {0x000070091c36ad50} 'checkExactType' '(Ljava/lang/invoke/MethodHandle;Ljava/lang/invoke/MethodType;)V' in 'java/lang/invoke/Invokers')}
  0x000070093cf55270: 0000 0148 | b9f8 61bc | 1c09 7000 | 0044 8b81 | 9000 0000 | 4183 c002 | 4489 8190 | 0000 0041 
  0x000070093cf55290: 81e0 feff | 1f00 4585 | c00f 847c | 1000 0048 | 3b07 488b 

  0x000070093cf552a4: ;   {metadata(method data for {method} {0x000070091c36ad50} 'checkExactType' '(Ljava/lang/invoke/MethodHandle;Ljava/lang/invoke/MethodType;)V' in 'java/lang/invoke/Invokers')}
  0x000070093cf552a4: cf49 b8f8 | 61bc 1c09 | 7000 008b | 4908 493b | 88e0 0000 | 0075 0d49 | 8380 e800 | 0000 01e9 
  0x000070093cf552c4: 6000 0000 | 493b 88f0 | 0000 0075 | 0d49 8380 | f800 0000 | 01e9 4a00 | 0000 4983 | b8e0 0000 
  0x000070093cf552e4: 0000 7517 | 4989 88e0 | 0000 0049 | c780 e800 | 0000 0100 | 0000 e929 | 0000 0049 | 83b8 f000 
  0x000070093cf55304: 0000 0075 | 1749 8988 | f000 0000 | 49c7 80f8 | 0000 0001 | 0000 00e9 | 0800 0000 | 4983 80d8 
  0x000070093cf55324: 0000 0001 

  0x000070093cf55328: ;   {oop(a 'java/lang/invoke/MethodType'{0x00000000c0143828} = (Ljava/lang/Object;Ljava/lang/Object;Ljava/lang/Object;)Ljava/lang/Object;)}
  0x000070093cf55328: 8b4f 1049 | b828 3814 | c000 0000 | 0049 3bc8 

  0x000070093cf55338: ;   {metadata(method data for {method} {0x000070091c36ad50} 'checkExactType' '(Ljava/lang/invoke/MethodHandle;Ljava/lang/invoke/MethodType;)V' in 'java/lang/invoke/Invokers')}
  0x000070093cf55338: 49b8 f861 | bc1c 0970 | 0000 41b9 | 1801 0000 | 7506 41b9 | 0801 0000 | 4f8b 1c08 | 4d8d 5b01 
  0x000070093cf55358: 4f89 1c08 | 0f85 7d09 

  0x000070093cf55360: ;   {metadata(method data for {method} {0x000070091cb19ab0} 'invokeExact_MT' '(Ljava/lang/Object;Ljava/lang/Object;Ljava/lang/Object;Ljava/lang/Object;Ljava/lang/Object;)Ljava/lang/Object;' in 'java/lang/invoke/LambdaForm$MH+0x000000001e146c00')}
  0x000070093cf55360: 0000 48b9 | 209d b11c | 0970 0000 | 488d 8980 | 0100 0044 | 8b47 084d | 8bd0 4c33 | 4108 49f7 
  0x000070093cf55380: c0fc ffff | ff74 2b41 | f6c0 0275 | 2548 f741 | 08fe ffff | ff74 174d | 8bc2 4c33 | 4108 49f7 
  0x000070093cf553a0: c0fc ffff | ff74 0b48 | 8349 0802 | eb04 4c89 

  0x000070093cf553b0: ;   {metadata(method data for {method} {0x000070091cb19ab0} 'invokeExact_MT' '(Ljava/lang/Object;Ljava/lang/Object;Ljava/lang/Object;Ljava/lang/Object;Ljava/lang/Object;)Ljava/lang/Object;' in 'java/lang/invoke/LambdaForm$MH+0x000000001e146c00')}
  0x000070093cf553b0: 4108 48b9 | 209d b11c | 0970 0000 | 4883 8170 | 0100 0001 

  0x000070093cf553c4: ;   {metadata(method data for {method} {0x000070091c36b398} 'checkCustomized' '(Ljava/lang/invoke/MethodHandle;)V' in 'java/lang/invoke/Invokers')}
  0x000070093cf553c4: 48b9 905f | bc1c 0970 | 0000 448b | 8190 0000 | 0041 83c0 | 0244 8981 | 9000 0000 | 4181 e0fe 
  0x000070093cf553e4: ff1f 0045 | 85c0 0f84 | 510f 0000 

  0x000070093cf553f0: ;   {metadata(method data for {method} {0x000070091c36b398} 'checkCustomized' '(Ljava/lang/invoke/MethodHandle;)V' in 'java/lang/invoke/Invokers')}
  0x000070093cf553f0: 48b9 905f | bc1c 0970 | 0000 4883 | 81d8 0000 

  0x000070093cf55400: ;   {metadata(method data for {method} {0x000070091c08fb80} 'isCompileConstant' '(Ljava/lang/Object;)Z' in 'java/lang/invoke/MethodHandleImpl')}
  0x000070093cf55400: 0001 48b9 | 0861 bc1c | 0970 0000 | 448b 8190 | 0000 0041 | 83c0 0244 | 8981 9000 | 0000 4181 
  0x000070093cf55420: e0fe ff1f | 0045 85c0 | 0f84 340f 

  0x000070093cf5542c: ;   {metadata(method data for {method} {0x000070091c36b398} 'checkCustomized' '(Ljava/lang/invoke/MethodHandle;)V' in 'java/lang/invoke/Invokers')}
  0x000070093cf5542c: 0000 48b9 | 905f bc1c | 0970 0000 | ff81 e800 | 0000 8b4f | 148b 491c 

  0x000070093cf55444: ;   {metadata(method data for {method} {0x000070091c36b398} 'checkCustomized' '(Ljava/lang/invoke/MethodHandle;)V' in 'java/lang/invoke/Invokers')}
  0x000070093cf55444: 4885 c948 | b990 5fbc | 1c09 7000 | 0041 b808 | 0100 0075 | 0641 b818 | 0100 004e | 8b0c 014d 
  0x000070093cf55464: 8d49 014e | 890c 010f | 8523 0000 

  0x000070093cf55470: ;   {metadata(method data for {method} {0x000070091c36b398} 'checkCustomized' '(Ljava/lang/invoke/MethodHandle;)V' in 'java/lang/invoke/Invokers')}
  0x000070093cf55470: 0048 b990 | 5fbc 1c09 | 7000 0048 | 8381 2801 | 0000 0148 

  0x000070093cf55484: ;   {static_call}
  0x000070093cf55484: 8bf7 90e8 

  0x000070093cf55488: ; ImmutableOopMap {[168]=Oop [184]=Oop [192]=Oop [200]=Oop [208]=Oop }
                      ;*invokestatic maybeCustomize {reexecute=0 rethrow=0 return_oop=0}
                      ; - java.lang.invoke.Invokers::checkCustomized@19
                      ; - java.lang.invoke.LambdaForm$MH/0x000000001e146c00::invokeExact_MT@15
                      ; - jdk.internal.reflect.DirectMethodHandleAccessor::invokeImpl@72
                      ; - jdk.internal.reflect.DirectMethodHandleAccessor::invoke@23
  0x000070093cf55488: f492 ffff 

  0x000070093cf5548c: ;   {post_call_nop}
  0x000070093cf5548c: 0f1f 8400 | 840b 0004 | 488b 9c24 | c000 0000 | 488b 9424 | b800 0000 

  0x000070093cf554a4: ;   {metadata(method data for {method} {0x000070091cb19ab0} 'invokeExact_MT' '(Ljava/lang/Object;Ljava/lang/Object;Ljava/lang/Object;Ljava/lang/Object;Ljava/lang/Object;)Ljava/lang/Object;' in 'java/lang/invoke/LambdaForm$MH+0x000000001e146c00')}
  0x000070093cf554a4: 48b9 209d | b11c 0970 | 0000 488d | 89c8 0100 | 0048 85d2 | 750e f641 | 0801 7547 | f048 8349 
  0x000070093cf554c4: 0801 eb3f | 448b 4208 | 4d8b d04c | 3341 0849 | f7c0 fcff | ffff 742b | 41f6 c002 | 7525 48f7 
  0x000070093cf554e4: 4108 feff | ffff 7417 | 4d8b c24c | 3341 0849 | f7c0 fcff | ffff 740b | 4883 4908 | 02eb 044c 
  0x000070093cf55504: 8941 0848 | 85db 750e | f641 1801 | 7547 f048 | 8349 1801 | eb3f 448b | 4308 4d8b | d04c 3341 
  0x000070093cf55524: 1849 f7c0 | fcff ffff | 742b 41f6 | c002 7525 | 48f7 4118 | feff ffff | 7417 4d8b | c24c 3341 
  0x000070093cf55544: 1849 f7c0 | fcff ffff | 740b 4883 | 4918 02eb | 044c 8941 | 1848 8bbc | 24c8 0000 

  0x000070093cf55560: ;   {metadata(method data for {method} {0x000070091cb19ab0} 'invokeExact_MT' '(Ljava/lang/Object;Ljava/lang/Object;Ljava/lang/Object;Ljava/lang/Object;Ljava/lang/Object;)Ljava/lang/Object;' in 'java/lang/invoke/LambdaForm$MH+0x000000001e146c00')}
  0x000070093cf55560: 0048 b920 | 9db1 1c09 | 7000 008b | 7f08 483b | b9a0 0100 | 0075 0d48 | 8381 a801 | 0000 01e9 
  0x000070093cf55580: 6000 0000 | 483b b9b0 | 0100 0075 | 0d48 8381 | b801 0000 | 01e9 4a00 | 0000 4883 | b9a0 0100 
  0x000070093cf555a0: 0000 7517 | 4889 b9a0 | 0100 0048 | c781 a801 | 0000 0100 | 0000 e929 | 0000 0048 | 83b9 b001 
  0x000070093cf555c0: 0000 0075 | 1748 89b9 | b001 0000 | 48c7 81b8 | 0100 0001 | 0000 00e9 | 0800 0000 | 4883 8198 
  0x000070093cf555e0: 0100 0001 | 488b cb4c | 8b84 24d0 | 0000 0048 | 8bb4 24c8 

  0x000070093cf555f4: ;   {optimized virtual_call}
  0x000070093cf555f4: 0000 00e8 

  0x000070093cf555f8: ; ImmutableOopMap {[168]=Oop }
                      ;*invokevirtual invokeBasic {reexecute=0 rethrow=0 return_oop=0}
                      ; - java.lang.invoke.LambdaForm$MH/0x000000001e146c00::invokeExact_MT@22
                      ; - jdk.internal.reflect.DirectMethodHandleAccessor::invokeImpl@72
                      ; - jdk.internal.reflect.DirectMethodHandleAccessor::invoke@23
  0x000070093cf555f8: 846e 9807 

  0x000070093cf555fc: ;   {post_call_nop}
  0x000070093cf555fc: 0f1f 8400 | f40c 0005 

  0x000070093cf55604: ;   {metadata(method data for {method} {0x000070091cb19ab0} 'invokeExact_MT' '(Ljava/lang/Object;Ljava/lang/Object;Ljava/lang/Object;Ljava/lang/Object;Ljava/lang/Object;)Ljava/lang/Object;' in 'java/lang/invoke/LambdaForm$MH+0x000000001e146c00')}
  0x000070093cf55604: 48ba 209d | b11c 0970 | 0000 488d | 92e8 0100 | 0048 85c0 | 750c f602 | 0175 3ff0 | 4883 0a01 
  0x000070093cf55624: eb38 8b48 | 084c 8bd1 | 4833 0a48 | f7c1 fcff | ffff 7426 | f6c1 0275 | 2148 f702 | feff ffff 
  0x000070093cf55644: 7415 498b | ca48 330a | 48f7 c1fc | ffff ff74 | 0948 830a | 02eb 0348 

  0x000070093cf5565c: ;   {metadata(method data for {method} {0x000070091c4672b0} 'invokeImpl' '(Ljava/lang/Object;[Ljava/lang/Object;)Ljava/lang/Object;' in 'jdk/internal/reflect/DirectMethodHandleAccessor')}
  0x000070093cf5565c: 890a 48ba | 584f bd1c | 0970 0000 | 488d 9268 | 0200 0048 | 85c0 750c | f602 0175 | 3ff0 4883 
  0x000070093cf5567c: 0a01 eb38 | 8b48 084c | 8bd1 4833 | 0a48 f7c1 | fcff ffff | 7426 f6c1 | 0275 2148 | f702 feff 
  0x000070093cf5569c: ffff 7415 | 498b ca48 | 330a 48f7 | c1fc ffff | ff74 0948 | 830a 02eb | 0348 890a 

  0x000070093cf556b8: ;   {metadata(method data for {method} {0x000070091c4672b0} 'invokeImpl' '(Ljava/lang/Object;[Ljava/lang/Object;)Ljava/lang/Object;' in 'jdk/internal/reflect/DirectMethodHandleAccessor')}
  0x000070093cf556b8: 48ba 584f | bd1c 0970 | 0000 ff82 | 7802 0000 | 4881 c420 | 0100 005d 

  0x000070093cf556d0: ;   {poll_return}
  0x000070093cf556d0: 493b 6728 | 0f87 ae0c | 0000 c348 | 8b8c 24b0 | 0000 0048 | 8b94 24b8 | 0000 008b | 7e18 8379 
  0x000070093cf556f0: 0c00 0f86 | b00c 0000 | 8b49 100f | 1f44 0000 

  0x000070093cf55700: ;   {oop(a 'java/lang/invoke/MethodType'{0x00000000c0143620} = (Ljava/lang/Object;Ljava/lang/Object;)Ljava/lang/Object;)}
  0x000070093cf55700: 49b8 2036 | 14c0 0000 | 0000 483b 

  0x000070093cf5570c: ;   {metadata(method data for {method} {0x000070091c4672b0} 'invokeImpl' '(Ljava/lang/Object;[Ljava/lang/Object;)Ljava/lang/Object;' in 'jdk/internal/reflect/DirectMethodHandleAccessor')}
  0x000070093cf5570c: 0748 bb58 | 4fbd 1c09 | 7000 0048 | 8d9b d001 | 0000 4885 | d275 0ef6 | 4308 0175 | 42f0 4883 
  0x000070093cf5572c: 4b08 01eb | 3a8b 4208 | 4c8b d048 | 3343 0848 | a9fc ffff | ff74 28a8 | 0275 2448 | f743 08fe 
  0x000070093cf5574c: ffff ff74 | 1649 8bc2 | 4833 4308 | 48a9 fcff | ffff 740b | 4883 4b08 | 02eb 0448 | 8943 0848 
  0x000070093cf5576c: 85c9 750e | f643 1801 | 7542 f048 | 834b 1801 | eb3a 8b41 | 084c 8bd0 | 4833 4318 | 48a9 fcff 
  0x000070093cf5578c: ffff 7428 | a802 7524 | 48f7 4318 | feff ffff | 7416 498b | c248 3343 | 1848 a9fc | ffff ff74 
  0x000070093cf557ac: 0b48 834b | 1802 eb04 | 4889 4318 

  0x000070093cf557b8: ;   {metadata(method data for {method} {0x000070091c4672b0} 'invokeImpl' '(Ljava/lang/Object;[Ljava/lang/Object;)Ljava/lang/Object;' in 'jdk/internal/reflect/DirectMethodHandleAccessor')}
  0x000070093cf557b8: 488b df48 | b858 4fbd | 1c09 7000 | 008b 5b08 | 483b 98a8 | 0100 0075 | 0d48 8380 | b001 0000 
  0x000070093cf557d8: 01e9 6000 | 0000 483b | 98b8 0100 | 0075 0d48 | 8380 c001 | 0000 01e9 | 4a00 0000 | 4883 b8a8 
  0x000070093cf557f8: 0100 0000 | 7517 4889 | 98a8 0100 | 0048 c780 | b001 0000 | 0100 0000 | e929 0000 | 0048 83b8 
  0x000070093cf55818: b801 0000 | 0075 1748 | 8998 b801 | 0000 48c7 | 80c0 0100 | 0001 0000 | 00e9 0800 | 0000 4883 
  0x000070093cf55838: 80a0 0100 | 0001 488b | f766 0f1f 

  0x000070093cf55844: ;   {optimized virtual_call}
  0x000070093cf55844: 4400 00e8 

  0x000070093cf55848: ; ImmutableOopMap {[168]=Oop }
                      ;*invokevirtual invokeExact {reexecute=0 rethrow=0 return_oop=0}
                      ; - jdk.internal.reflect.DirectMethodHandleAccessor::invokeImpl@55
                      ; - jdk.internal.reflect.DirectMethodHandleAccessor::invoke@23
  0x000070093cf55848: b10d 0000 

  0x000070093cf5584c: ;   {post_call_nop}
  0x000070093cf5584c: 0f1f 8400 | 440f 0006 

  0x000070093cf55854: ;   {metadata(method data for {method} {0x000070091c4672b0} 'invokeImpl' '(Ljava/lang/Object;[Ljava/lang/Object;)Ljava/lang/Object;' in 'jdk/internal/reflect/DirectMethodHandleAccessor')}
  0x000070093cf55854: 48be 584f | bd1c 0970 | 0000 488d | b6f0 0100 | 0048 85c0 | 750c f606 | 0175 40f0 | 4883 0e01 
  0x000070093cf55874: eb39 8b78 | 084c 8bd7 | 4833 3e48 | f7c7 fcff | ffff 7427 | 40f6 c702 | 7521 48f7 | 06fe ffff 
  0x000070093cf55894: ff74 1549 | 8bfa 4833 | 3e48 f7c7 | fcff ffff | 7409 4883 | 0e02 eb03 

  0x000070093cf558ac: ;   {metadata(method data for {method} {0x000070091c4672b0} 'invokeImpl' '(Ljava/lang/Object;[Ljava/lang/Object;)Ljava/lang/Object;' in 'jdk/internal/reflect/DirectMethodHandleAccessor')}
  0x000070093cf558ac: 4889 3e48 | be58 4fbd | 1c09 7000 | 00ff 8600 | 0200 0048 | 81c4 2001 

  0x000070093cf558c4: ;   {poll_return}
  0x000070093cf558c4: 0000 5d49 | 3b67 280f | 8707 0b00 | 00c3 488b | 9424 b800 | 0000 8b7e | 1848 89bc | 24d8 0000 
  0x000070093cf558e4: ;   {metadata(method data for {method} {0x000070091c4672b0} 'invokeImpl' '(Ljava/lang/Object;[Ljava/lang/Object;)Ljava/lang/Object;' in 'jdk/internal/reflect/DirectMethodHandleAccessor')}
  0x000070093cf558e4: 0048 bb58 | 4fbd 1c09 | 7000 0048 | 8d9b 6801 | 0000 4885 | d275 0cf6 | 4308 0175 | 06f0 4883 
  0x000070093cf55904: ;   {metadata(method data for {method} {0x000070091c3c25d8} 'invokeExact_MT' '(Ljava/lang/Object;Ljava/lang/Object;Ljava/lang/Object;)Ljava/lang/Object;' in 'java/lang/invoke/Invokers$Holder')}
  0x000070093cf55904: 4b08 0148 | bb10 53bd | 1c09 7000 | 0048 8d9b | 5002 0000 | 4885 ff75 | 0af6 0301 | 7505 f048 
  0x000070093cf55924: 830b 0148 | 85d2 750c | f643 1001 | 7506 f048 | 834b 1001 

  0x000070093cf55938: ;   {metadata(method data for {method} {0x000070091c4672b0} 'invokeImpl' '(Ljava/lang/Object;[Ljava/lang/Object;)Ljava/lang/Object;' in 'jdk/internal/reflect/DirectMethodHandleAccessor')}
  0x000070093cf55938: 48bb 584f | bd1c 0970 | 0000 4883 | 8338 0100 

  0x000070093cf55948: ;   {metadata(method data for {method} {0x000070091c3c25d8} 'invokeExact_MT' '(Ljava/lang/Object;Ljava/lang/Object;Ljava/lang/Object;)Ljava/lang/Object;' in 'java/lang/invoke/Invokers$Holder')}
  0x000070093cf55948: 0001 48bb | 1053 bd1c | 0970 0000 | 8b83 9000 | 0000 83c0 | 0289 8390 | 0000 0025 | feff 1f00 
  0x000070093cf55968: 85c0 0f84 | 7e0a 0000 

  0x000070093cf55970: ;   {metadata(method data for {method} {0x000070091c3c25d8} 'invokeExact_MT' '(Ljava/lang/Object;Ljava/lang/Object;Ljava/lang/Object;)Ljava/lang/Object;' in 'java/lang/invoke/Invokers$Holder')}
  0x000070093cf55970: 48bb 1053 | bd1c 0970 | 0000 488d | 9b48 0100 | 0048 85ff | 750c f643 | 0801 7506 | f048 834b 
  0x000070093cf55990: ;   {metadata(method data for {method} {0x000070091c3c25d8} 'invokeExact_MT' '(Ljava/lang/Object;Ljava/lang/Object;Ljava/lang/Object;)Ljava/lang/Object;' in 'java/lang/invoke/Invokers$Holder')}
  0x000070093cf55990: 0801 48bb | 1053 bd1c | 0970 0000 | 4883 8338 | 0100 0001 

  0x000070093cf559a4: ;   {metadata(method data for {method} {0x000070091c36ad50} 'checkExactType' '(Ljava/lang/invoke/MethodHandle;Ljava/lang/invoke/MethodType;)V' in 'java/lang/invoke/Invokers')}
  0x000070093cf559a4: 48bb f861 | bc1c 0970 | 0000 8b83 | 9000 0000 | 83c0 0289 | 8390 0000 | 0025 feff | 1f00 85c0 
  0x000070093cf559c4: 0f84 450a | 0000 483b | 0748 8bdf 

  0x000070093cf559d0: ;   {metadata(method data for {method} {0x000070091c36ad50} 'checkExactType' '(Ljava/lang/invoke/MethodHandle;Ljava/lang/invoke/MethodType;)V' in 'java/lang/invoke/Invokers')}
  0x000070093cf559d0: 48b8 f861 | bc1c 0970 | 0000 8b5b | 0848 3b98 | e000 0000 | 750d 4883 | 80e8 0000 | 0001 e960 
  0x000070093cf559f0: 0000 0048 | 3b98 f000 | 0000 750d | 4883 80f8 | 0000 0001 | e94a 0000 | 0048 83b8 | e000 0000 
  0x000070093cf55a10: 0075 1748 | 8998 e000 | 0000 48c7 | 80e8 0000 | 0001 0000 | 00e9 2900 | 0000 4883 | b8f0 0000 
  0x000070093cf55a30: 0000 7517 | 4889 98f0 | 0000 0048 | c780 f800 | 0000 0100 | 0000 e908 | 0000 0048 | 8380 d800 
  0x000070093cf55a50: 0000 018b 

  0x000070093cf55a54: ;   {oop(a 'java/lang/invoke/MethodType'{0x00000000c0143420} = (Ljava/lang/Object;)Ljava/lang/Object;)}
  0x000070093cf55a54: 5f10 48b8 | 2034 14c0 | 0000 0000 

  0x000070093cf55a60: ;   {metadata(method data for {method} {0x000070091c36ad50} 'checkExactType' '(Ljava/lang/invoke/MethodHandle;Ljava/lang/invoke/MethodType;)V' in 'java/lang/invoke/Invokers')}
  0x000070093cf55a60: 483b d848 | b8f8 61bc | 1c09 7000 | 00b9 1801 | 0000 7505 | b908 0100 | 004c 8b04 | 084d 8d40 
  0x000070093cf55a80: 014c 8904 | 080f 850c 

  0x000070093cf55a88: ;   {metadata(method data for {method} {0x000070091c3c25d8} 'invokeExact_MT' '(Ljava/lang/Object;Ljava/lang/Object;Ljava/lang/Object;)Ljava/lang/Object;' in 'java/lang/invoke/Invokers$Holder')}
  0x000070093cf55a88: 0200 0048 | bb10 53bd | 1c09 7000 | 0048 8383 | 7001 0000 

  0x000070093cf55a9c: ;   {metadata(method data for {method} {0x000070091c36b398} 'checkCustomized' '(Ljava/lang/invoke/MethodHandle;)V' in 'java/lang/invoke/Invokers')}
  0x000070093cf55a9c: 0148 bb90 | 5fbc 1c09 | 7000 008b | 8390 0000 | 0083 c002 | 8983 9000 | 0000 25fe | ff1f 0085 
  0x000070093cf55abc: c00f 8472 

  0x000070093cf55ac0: ;   {metadata(method data for {method} {0x000070091c36b398} 'checkCustomized' '(Ljava/lang/invoke/MethodHandle;)V' in 'java/lang/invoke/Invokers')}
  0x000070093cf55ac0: 0900 0048 | bb90 5fbc | 1c09 7000 | 0048 8383 | d800 0000 

  0x000070093cf55ad4: ;   {metadata(method data for {method} {0x000070091c08fb80} 'isCompileConstant' '(Ljava/lang/Object;)Z' in 'java/lang/invoke/MethodHandleImpl')}
  0x000070093cf55ad4: 0148 bb08 | 61bc 1c09 | 7000 008b | 8390 0000 | 0083 c002 | 8983 9000 | 0000 25fe | ff1f 0085 
  0x000070093cf55af4: c00f 845b 

  0x000070093cf55af8: ;   {metadata(method data for {method} {0x000070091c36b398} 'checkCustomized' '(Ljava/lang/invoke/MethodHandle;)V' in 'java/lang/invoke/Invokers')}
  0x000070093cf55af8: 0900 0048 | bb90 5fbc | 1c09 7000 | 00ff 83e8 | 0000 008b | 5f14 8b5b | 1c48 85db 

  0x000070093cf55b14: ;   {metadata(method data for {method} {0x000070091c36b398} 'checkCustomized' '(Ljava/lang/invoke/MethodHandle;)V' in 'java/lang/invoke/Invokers')}
  0x000070093cf55b14: 48bb 905f | bc1c 0970 | 0000 b808 | 0100 0075 | 05b8 1801 | 0000 488b | 0c03 488d | 4901 4889 
  0x000070093cf55b34: 0c03 0f85 | 2800 0000 

  0x000070093cf55b3c: ;   {metadata(method data for {method} {0x000070091c36b398} 'checkCustomized' '(Ljava/lang/invoke/MethodHandle;)V' in 'java/lang/invoke/Invokers')}
  0x000070093cf55b3c: 48bb 905f | bc1c 0970 | 0000 4883 | 8328 0100 | 0001 488b | f766 0f1f 

  0x000070093cf55b54: ;   {static_call}
  0x000070093cf55b54: 4400 00e8 

  0x000070093cf55b58: ; ImmutableOopMap {[168]=Oop [184]=Oop [216]=Oop }
                      ;*invokestatic maybeCustomize {reexecute=0 rethrow=0 return_oop=0}
                      ; - java.lang.invoke.Invokers::checkCustomized@19
                      ; - java.lang.invoke.Invokers$Holder::invokeExact_MT@14
                      ; - jdk.internal.reflect.DirectMethodHandleAccessor::invokeImpl@41
                      ; - jdk.internal.reflect.DirectMethodHandleAccessor::invoke@23
  0x000070093cf55b58: 248c ffff 

  0x000070093cf55b5c: ;   {post_call_nop}
  0x000070093cf55b5c: 0f1f 8400 | 5412 0007 | 488b 9424 | b800 0000 

  0x000070093cf55b6c: ;   {metadata(method data for {method} {0x000070091c3c25d8} 'invokeExact_MT' '(Ljava/lang/Object;Ljava/lang/Object;Ljava/lang/Object;)Ljava/lang/Object;' in 'java/lang/invoke/Invokers$Holder')}
  0x000070093cf55b6c: 48be 1053 | bd1c 0970 | 0000 488d | b6c8 0100 | 0048 85d2 | 750c f646 | 0801 7506 | f048 834e 
  0x000070093cf55b8c: 0801 488b | bc24 d800 

  0x000070093cf55b94: ;   {metadata(method data for {method} {0x000070091c3c25d8} 'invokeExact_MT' '(Ljava/lang/Object;Ljava/lang/Object;Ljava/lang/Object;)Ljava/lang/Object;' in 'java/lang/invoke/Invokers$Holder')}
  0x000070093cf55b94: 0000 48be | 1053 bd1c | 0970 0000 | 8b7f 0848 | 3bbe a001 | 0000 750d | 4883 86a8 | 0100 0001 
  0x000070093cf55bb4: e960 0000 | 0048 3bbe | b001 0000 | 750d 4883 | 86b8 0100 | 0001 e94a | 0000 0048 | 83be a001 
  0x000070093cf55bd4: 0000 0075 | 1748 89be | a001 0000 | 48c7 86a8 | 0100 0001 | 0000 00e9 | 2900 0000 | 4883 beb0 
  0x000070093cf55bf4: 0100 0000 | 7517 4889 | beb0 0100 | 0048 c786 | b801 0000 | 0100 0000 | e908 0000 | 0048 8386 
  0x000070093cf55c14: 9801 0000 | 0148 8bb4 | 24d8 0000 | 0066 0f1f 

  0x000070093cf55c24: ;   {optimized virtual_call}
  0x000070093cf55c24: 4400 00e8 

  0x000070093cf55c28: ; ImmutableOopMap {[168]=Oop }
                      ;*invokevirtual invokeBasic {reexecute=0 rethrow=0 return_oop=0}
                      ; - java.lang.invoke.Invokers$Holder::invokeExact_MT@19
                      ; - jdk.internal.reflect.DirectMethodHandleAccessor::invokeImpl@41
                      ; - jdk.internal.reflect.DirectMethodHandleAccessor::invoke@23
  0x000070093cf55c28: 5450 9707 

  0x000070093cf55c2c: ;   {post_call_nop}
  0x000070093cf55c2c: 0f1f 8400 | 2413 0008 

  0x000070093cf55c34: ;   {metadata(method data for {method} {0x000070091c3c25d8} 'invokeExact_MT' '(Ljava/lang/Object;Ljava/lang/Object;Ljava/lang/Object;)Ljava/lang/Object;' in 'java/lang/invoke/Invokers$Holder')}
  0x000070093cf55c34: 48be 1053 | bd1c 0970 | 0000 488d | b6d8 0100 | 0048 85c0 | 750a f606 | 0175 05f0 | 4883 0e01 
  0x000070093cf55c54: ;   {metadata(method data for {method} {0x000070091c4672b0} 'invokeImpl' '(Ljava/lang/Object;[Ljava/lang/Object;)Ljava/lang/Object;' in 'jdk/internal/reflect/DirectMethodHandleAccessor')}
  0x000070093cf55c54: 48be 584f | bd1c 0970 | 0000 488d | b678 0100 | 0048 85c0 | 750a f606 | 0175 05f0 | 4883 0e01 
  0x000070093cf55c74: ;   {metadata(method data for {method} {0x000070091c4672b0} 'invokeImpl' '(Ljava/lang/Object;[Ljava/lang/Object;)Ljava/lang/Object;' in 'jdk/internal/reflect/DirectMethodHandleAccessor')}
  0x000070093cf55c74: 48be 584f | bd1c 0970 | 0000 ff86 | 8801 0000 | 4881 c420 | 0100 005d 

  0x000070093cf55c8c: ;   {poll_return}
  0x000070093cf55c8c: 493b 6728 | 0f87 e607 

  0x000070093cf55c94: ;   {metadata(method data for {method} {0x000070091c36ad50} 'checkExactType' '(Ljava/lang/invoke/MethodHandle;Ljava/lang/invoke/MethodType;)V' in 'java/lang/invoke/Invokers')}
  0x000070093cf55c94: 0000 c348 | bef8 61bc | 1c09 7000 | 0048 8386 | 2801 0000 

  0x000070093cf55ca8: ;   {oop(a 'java/lang/invoke/MethodType'{0x00000000c0143420} = (Ljava/lang/Object;)Ljava/lang/Object;)}
  0x000070093cf55ca8: 0148 b820 | 3414 c000 | 0000 0048 | 8bf3 488b | d066 0f1f 

  0x000070093cf55cbc: ;   {static_call}
  0x000070093cf55cbc: 4400 00e8 

  0x000070093cf55cc0: ; ImmutableOopMap {[168]=Oop [184]=Oop [216]=Oop }
                      ;*invokestatic newWrongMethodTypeException {reexecute=0 rethrow=0 return_oop=0}
                      ; - java.lang.invoke.Invokers::checkExactType@12
                      ; - java.lang.invoke.Invokers$Holder::invokeExact_MT@10
                      ; - jdk.internal.reflect.DirectMethodHandleAccessor::invokeImpl@41
                      ; - jdk.internal.reflect.DirectMethodHandleAccessor::invoke@23
  0x000070093cf55cc0: 1cf0 4207 

  0x000070093cf55cc4: ;   {post_call_nop}
  0x000070093cf55cc4: 0f1f 8400 | bc13 0009 

  0x000070093cf55ccc: ; implicit exception: dispatches to 0x000070093cf56492
                      ; ImmutableOopMap {rax=Oop [168]=Oop [184]=Oop [216]=Oop }
                      ;*athrow {reexecute=1 rethrow=0 return_oop=0}
                      ; - (reexecute) java.lang.invoke.Invokers::checkExactType@15
                      ; - java.lang.invoke.Invokers$Holder::invokeExact_MT@10
                      ; - jdk.internal.reflect.DirectMethodHandleAccessor::invokeImpl@41
                      ; - jdk.internal.reflect.DirectMethodHandleAccessor::invoke@23
                      ;   {section_word}
  0x000070093cf55ccc: 483b 0048 | bacf 5cf5 | 3c09 7000 

  0x000070093cf55cd8: ;   {runtime_call C1 Runtime handle_exception_nofpu_blob}
  0x000070093cf55cd8: 00e8 02a7 

  0x000070093cf55cdc: ;   {metadata(method data for {method} {0x000070091c36ad50} 'checkExactType' '(Ljava/lang/invoke/MethodHandle;Ljava/lang/invoke/MethodType;)V' in 'java/lang/invoke/Invokers')}
  0x000070093cf55cdc: 4f07 9048 | bef8 61bc | 1c09 7000 | 0048 8386 | 2801 0000 

  0x000070093cf55cf0: ;   {oop(a 'java/lang/invoke/MethodType'{0x00000000c0143828} = (Ljava/lang/Object;Ljava/lang/Object;Ljava/lang/Object;)Ljava/lang/Object;)}
  0x000070093cf55cf0: 0149 b828 | 3814 c000 | 0000 0048 | 8bf1 498b | d066 0f1f 

  0x000070093cf55d04: ;   {static_call}
  0x000070093cf55d04: 4400 00e8 

  0x000070093cf55d08: ; ImmutableOopMap {[168]=Oop [184]=Oop [192]=Oop [200]=Oop [208]=Oop }
                      ;*invokestatic newWrongMethodTypeException {reexecute=0 rethrow=0 return_oop=0}
                      ; - java.lang.invoke.Invokers::checkExactType@12
                      ; - java.lang.invoke.LambdaForm$MH/0x000000001e146c00::invokeExact_MT@11
                      ; - jdk.internal.reflect.DirectMethodHandleAccessor::invokeImpl@72
                      ; - jdk.internal.reflect.DirectMethodHandleAccessor::invoke@23
  0x000070093cf55d08: d4ef 4207 

  0x000070093cf55d0c: ;   {post_call_nop}
  0x000070093cf55d0c: 0f1f 8400 | 0414 000b 

  0x000070093cf55d14: ; implicit exception: dispatches to 0x000070093cf56497
                      ; ImmutableOopMap {rax=Oop [168]=Oop [184]=Oop [192]=Oop [200]=Oop [208]=Oop }
                      ;*athrow {reexecute=1 rethrow=0 return_oop=0}
                      ; - (reexecute) java.lang.invoke.Invokers::checkExactType@15
                      ; - java.lang.invoke.LambdaForm$MH/0x000000001e146c00::invokeExact_MT@11
                      ; - jdk.internal.reflect.DirectMethodHandleAccessor::invokeImpl@72
                      ; - jdk.internal.reflect.DirectMethodHandleAccessor::invoke@23
                      ;   {section_word}
  0x000070093cf55d14: 483b 0048 | ba17 5df5 | 3c09 7000 

  0x000070093cf55d20: ;   {runtime_call C1 Runtime handle_exception_nofpu_blob}
  0x000070093cf55d20: 00e8 baa6 | 4f07 9049 | 8b87 e005 | 0000 4d33 | d24d 8997 | e005 0000 | 4d33 d24d | 8997 e805 
  0x000070093cf55d40: 0000 488b | b424 a800 

  0x000070093cf55d48: ;   {metadata(method data for {method} {0x000070091c466fd8} 'invoke' '(Ljava/lang/Object;[Ljava/lang/Object;)Ljava/lang/Object;' in 'jdk/internal/reflect/DirectMethodHandleAccessor')}
  0x000070093cf55d48: 0000 48ba | b046 bd1c | 0970 0000 | 4883 8208 | 0200 0001 

  0x000070093cf55d5c: ;   {metadata(method data for {method} {0x000070091c467648} 'isIllegalArgument' '(Ljava/lang/RuntimeException;)Z' in 'jdk/internal/reflect/DirectMethodHandleAccessor')}
  0x000070093cf55d5c: 48be c893 | bd1c 0970 | 0000 8b96 | 9000 0000 | 83c2 0289 | 9690 0000 | 0081 e2fe | ff1f 0085 
  0x000070093cf55d7c: d20f 8419 

  0x000070093cf55d80: ;   {oop(a 'java/lang/Class'{0x00000000c023db30} = 'jdk/internal/reflect/DirectMethodHandleAccessor')}
  0x000070093cf55d80: 0700 0048 | be30 db23 | c000 0000 | 0048 8bd0 | 4889 8424 | e000 0000 | 0f1f 8000 

  0x000070093cf55d9c: ;   {static_call}
  0x000070093cf55d9c: 0000 00e8 

  0x000070093cf55da0: ; ImmutableOopMap {[224]=Oop }
                      ;*invokestatic isIllegalArgument {reexecute=0 rethrow=0 return_oop=0}
                      ; - jdk.internal.reflect.DirectMethodHandleAccessor::isIllegalArgument@3
                      ; - jdk.internal.reflect.DirectMethodHandleAccessor::invoke@58
  0x000070093cf55da0: 3cef 4207 

  0x000070093cf55da4: ;   {post_call_nop}
  0x000070093cf55da4: 0f1f 8400 | 9c14 000d | 83e0 0185 

  0x000070093cf55db0: ;   {metadata(method data for {method} {0x000070091c466fd8} 'invoke' '(Ljava/lang/Object;[Ljava/lang/Object;)Ljava/lang/Object;' in 'jdk/internal/reflect/DirectMethodHandleAccessor')}
  0x000070093cf55db0: c048 b8b0 | 46bd 1c09 | 7000 00be | 3802 0000 | 7405 be48 | 0200 0048 | 8b14 3048 | 8d52 0148 
  0x000070093cf55dd0: 8914 300f | 8488 0200 | 00e9 eb01 | 0000 488b | b424 a800 | 0000 498b | 87e0 0500 | 004d 33d2 
  0x000070093cf55df0: 4d89 97e0 | 0500 004d | 33d2 4d89 | 97e8 0500 

  0x000070093cf55e00: ;   {metadata(method data for {method} {0x000070091c466fd8} 'invoke' '(Ljava/lang/Object;[Ljava/lang/Object;)Ljava/lang/Object;' in 'jdk/internal/reflect/DirectMethodHandleAccessor')}
  0x000070093cf55e00: 0048 bab0 | 46bd 1c09 | 7000 0048 | 8382 9801 

  0x000070093cf55e10: ;   {metadata(method data for {method} {0x000070091c467648} 'isIllegalArgument' '(Ljava/lang/RuntimeException;)Z' in 'jdk/internal/reflect/DirectMethodHandleAccessor')}
  0x000070093cf55e10: 0000 0148 | bec8 93bd | 1c09 7000 | 008b 9690 | 0000 0083 | c202 8996 | 9000 0000 | 81e2 feff 
  0x000070093cf55e30: 1f00 85d2 | 0f84 8306 

  0x000070093cf55e38: ;   {oop(a 'java/lang/Class'{0x00000000c023db30} = 'jdk/internal/reflect/DirectMethodHandleAccessor')}
  0x000070093cf55e38: 0000 48be | 30db 23c0 | 0000 0000 | 488b d048 | 8984 24e8 

  0x000070093cf55e4c: ;   {static_call}
  0x000070093cf55e4c: 0000 00e8 

  0x000070093cf55e50: ; ImmutableOopMap {[232]=Oop }
                      ;*invokestatic isIllegalArgument {reexecute=0 rethrow=0 return_oop=0}
                      ; - jdk.internal.reflect.DirectMethodHandleAccessor::isIllegalArgument@3
                      ; - jdk.internal.reflect.DirectMethodHandleAccessor::invoke@30
  0x000070093cf55e50: 8cee 4207 

  0x000070093cf55e54: ;   {post_call_nop}
  0x000070093cf55e54: 0f1f 8400 | 4c15 000e | 83e0 0185 

  0x000070093cf55e60: ;   {metadata(method data for {method} {0x000070091c466fd8} 'invoke' '(Ljava/lang/Object;[Ljava/lang/Object;)Ljava/lang/Object;' in 'jdk/internal/reflect/DirectMethodHandleAccessor')}
  0x000070093cf55e60: c048 bab0 | 46bd 1c09 | 7000 00be | c801 0000 | 7405 bed8 | 0100 0048 | 8b3c 3248 | 8d7f 0148 
  0x000070093cf55e80: 893c 320f | 8498 0000 | 000f 1f80 | 0000 0000 

  0x000070093cf55e90: ;   {other}
  0x000070093cf55e90: e958 0600 | 0000 0000 | 0000 498b | 87c8 0100 | 0048 8d78 | 2849 3bbf | d801 0000 | 0f87 4506 
  0x000070093cf55eb0: 0000 4989 | bfc8 0100 | 0048 c700 | 0100 0000 | 488b ca89 | 4808 4833 | c989 480c | 4833 c948 
  0x000070093cf55ed0: 8948 1048 | 8948 1848 | 8948 2048 

  0x000070093cf55edc: ;   {metadata(method data for {method} {0x000070091c466fd8} 'invoke' '(Ljava/lang/Object;[Ljava/lang/Object;)Ljava/lang/Object;' in 'jdk/internal/reflect/DirectMethodHandleAccessor')}
  0x000070093cf55edc: 8bd0 48be | b046 bd1c | 0970 0000 | 4883 86e8 | 0100 0001 

  0x000070093cf55ef0: ;   {oop("argument type mismatch"{0x00000000c023dbc0})}
  0x000070093cf55ef0: 48ba c0db | 23c0 0000 | 0000 488b | f048 8984 | 24f0 0000 

  0x000070093cf55f04: ;   {optimized virtual_call}
  0x000070093cf55f04: 0066 90e8 

  0x000070093cf55f08: ; ImmutableOopMap {[240]=Oop }
                      ;*invokespecial <init> {reexecute=0 rethrow=0 return_oop=0}
                      ; - jdk.internal.reflect.DirectMethodHandleAccessor::invoke@42
  0x000070093cf55f08: d4e7 4207 

  0x000070093cf55f0c: ;   {post_call_nop}
  0x000070093cf55f0c: 0f1f 8400 | 0416 000f | 488b 8424 | f000 0000 | e9a7 0600 | 0048 8b9c | 24e8 0000 | 000f 1f80 
  0x000070093cf55f2c: 0000 0000 

  0x000070093cf55f30: ;   {other}
  0x000070093cf55f30: e9de 0500 | 0000 0000 | 0000 80ba | 3001 0000 | 040f 85db | 0500 0049 | 8b87 c801 | 0000 488d 
  0x000070093cf55f50: 7828 493b | bfd8 0100 | 000f 87c3 | 0500 0049 | 89bf c801 | 0000 48c7 | 0001 0000 | 0048 8bca 
  0x000070093cf55f70: 8948 0848 | 33c9 8948 | 0c48 33c9 | 4889 4810 | 4889 4818 | 4889 4820 

  0x000070093cf55f88: ;   {metadata(method data for {method} {0x000070091c466fd8} 'invoke' '(Ljava/lang/Object;[Ljava/lang/Object;)Ljava/lang/Object;' in 'jdk/internal/reflect/DirectMethodHandleAccessor')}
  0x000070093cf55f88: 488b d048 | beb0 46bd | 1c09 7000 | 0048 8386 | f801 0000 | 0148 8bd3 | 488b f048 | 8984 24f8 
  0x000070093cf55fa8: 0000 000f 

  0x000070093cf55fac: ;   {optimized virtual_call}
  0x000070093cf55fac: 1f40 00e8 

  0x000070093cf55fb0: ; ImmutableOopMap {[248]=Oop }
                      ;*invokespecial <init> {reexecute=0 rethrow=0 return_oop=0}
                      ; - jdk.internal.reflect.DirectMethodHandleAccessor::invoke@51
  0x000070093cf55fb0: 2ce7 4207 

  0x000070093cf55fb4: ;   {post_call_nop}
  0x000070093cf55fb4: 0f1f 8400 | ac16 0010 | 488b 8424 | f800 0000 | e9ff 0500 | 000f 1f80 | 0000 0000 

  0x000070093cf55fd0: ;   {other}
  0x000070093cf55fd0: e969 0500 | 0000 0000 | 0000 498b | 87c8 0100 | 0048 8d78 | 2849 3bbf | d801 0000 | 0f87 5605 
  0x000070093cf55ff0: 0000 4989 | bfc8 0100 | 0048 c700 | 0100 0000 | 488b ca89 | 4808 4833 | c989 480c | 4833 c948 
  0x000070093cf56010: 8948 1048 | 8948 1848 | 8948 2048 

  0x000070093cf5601c: ;   {metadata(method data for {method} {0x000070091c466fd8} 'invoke' '(Ljava/lang/Object;[Ljava/lang/Object;)Ljava/lang/Object;' in 'jdk/internal/reflect/DirectMethodHandleAccessor')}
  0x000070093cf5601c: 8bd0 48be | b046 bd1c | 0970 0000 | 4883 8658 | 0200 0001 | 488b 9424 | e000 0000 | 488b f048 
  0x000070093cf5603c: 8984 2400 | 0100 000f 

  0x000070093cf56044: ;   {optimized virtual_call}
  0x000070093cf56044: 1f40 00e8 

  0x000070093cf56048: ; ImmutableOopMap {[256]=Oop }
                      ;*invokespecial <init> {reexecute=0 rethrow=0 return_oop=0}
                      ; - jdk.internal.reflect.DirectMethodHandleAccessor::invoke@69
  0x000070093cf56048: 94e6 4207 

  0x000070093cf5604c: ;   {post_call_nop}
  0x000070093cf5604c: 0f1f 8400 | 4417 0011 | 488b 8424 | 0001 0000 | e967 0500 | 0048 8b9c | 24e0 0000 | 000f 1f80 
  0x000070093cf5606c: 0000 0000 

  0x000070093cf56070: ;   {other}
  0x000070093cf56070: e9ef 0400 | 0000 0000 | 0000 80ba | 3001 0000 | 040f 85ec | 0400 0049 | 8b87 c801 | 0000 488d 
  0x000070093cf56090: 7828 493b | bfd8 0100 | 000f 87d4 | 0400 0049 | 89bf c801 | 0000 48c7 | 0001 0000 | 0048 8bca 
  0x000070093cf560b0: 8948 0848 | 33c9 8948 | 0c48 33c9 | 4889 4810 | 4889 4818 | 4889 4820 

  0x000070093cf560c8: ;   {metadata(method data for {method} {0x000070091c466fd8} 'invoke' '(Ljava/lang/Object;[Ljava/lang/Object;)Ljava/lang/Object;' in 'jdk/internal/reflect/DirectMethodHandleAccessor')}
  0x000070093cf560c8: 488b d048 | beb0 46bd | 1c09 7000 | 0048 8386 | 6802 0000 | 0148 8bd3 | 488b f048 | 8984 2408 
  0x000070093cf560e8: 0100 000f 

  0x000070093cf560ec: ;   {optimized virtual_call}
  0x000070093cf560ec: 1f40 00e8 

  0x000070093cf560f0: ; ImmutableOopMap {[264]=Oop }
                      ;*invokespecial <init> {reexecute=0 rethrow=0 return_oop=0}
                      ; - jdk.internal.reflect.DirectMethodHandleAccessor::invoke@78
  0x000070093cf560f0: ece5 4207 

  0x000070093cf560f4: ;   {post_call_nop}
  0x000070093cf560f4: 0f1f 8400 | ec17 0012 | 488b 8424 | 0801 0000 | e9bf 0400 | 0049 8b87 | e005 0000 | 4d33 d24d 
  0x000070093cf56114: 8997 e005 | 0000 4d33 | d24d 8997 | e805 0000 | 488b d890 

  0x000070093cf56128: ;   {metadata('java/lang/reflect/InvocationTargetException')}
  0x000070093cf56128: 48ba a85d | 0d1e 0000 | 0000 80ba | 3001 0000 | 040f 855f | 0400 0049 | 8b87 c801 | 0000 488d 
  0x000070093cf56148: 7828 493b | bfd8 0100 | 000f 8747 | 0400 0049 | 89bf c801 | 0000 48c7 | 0001 0000 | 0048 8bca 
  0x000070093cf56168: 8948 0848 | 33c9 8948 | 0c48 33c9 | 4889 4810 | 4889 4818 | 4889 4820 

  0x000070093cf56180: ;   {metadata(method data for {method} {0x000070091c466fd8} 'invoke' '(Ljava/lang/Object;[Ljava/lang/Object;)Ljava/lang/Object;' in 'jdk/internal/reflect/DirectMethodHandleAccessor')}
  0x000070093cf56180: 488b d048 | beb0 46bd | 1c09 7000 | 0048 8386 | 7802 0000 | 0148 8bd3 | 488b f048 | 8984 2410 
  0x000070093cf561a0: 0100 000f 

  0x000070093cf561a4: ;   {optimized virtual_call}
  0x000070093cf561a4: 1f40 00e8 

  0x000070093cf561a8: ; ImmutableOopMap {[272]=Oop }
                      ;*invokespecial <init> {reexecute=0 rethrow=0 return_oop=0}
                      ; - jdk.internal.reflect.DirectMethodHandleAccessor::invoke@88
  0x000070093cf561a8: a104 0000 

  0x000070093cf561ac: ;   {post_call_nop}
  0x000070093cf561ac: 0f1f 8400 | a418 0013 | 488b 8424 | 1001 0000 | e907 0400 

  0x000070093cf561c0: ;   {metadata({method} {0x000070091c466fd8} 'invoke' '(Ljava/lang/Object;[Ljava/lang/Object;)Ljava/lang/Object;' in 'jdk/internal/reflect/DirectMethodHandleAccessor')}
  0x000070093cf561c0: 0049 bad8 | 6f46 1c09 | 7000 004c | 8954 2408 | 48c7 0424 | ffff ffff 

  0x000070093cf561d8: ;   {runtime_call C1 Runtime counter_overflow_blob}
  0x000070093cf561d8: e803 dc4f 

  0x000070093cf561dc: ; ImmutableOopMap {rsi=Oop rdx=Oop rcx=Oop [168]=Oop [184]=Oop }
                      ;*synchronization entry
                      ; - jdk.internal.reflect.DirectMethodHandleAccessor::invoke@-1
  0x000070093cf561dc: 07e9 94e8 

  0x000070093cf561e0: ;   {metadata({method} {0x000070091c4674e8} 'isStatic' '()Z' in 'jdk/internal/reflect/DirectMethodHandleAccessor')}
  0x000070093cf561e0: ffff 49ba | e874 461c | 0970 0000 | 4c89 5424 | 0848 c704 | 24ff ffff 

  0x000070093cf561f8: ;   {runtime_call C1 Runtime counter_overflow_blob}
  0x000070093cf561f8: ffe8 e2db 

  0x000070093cf561fc: ; ImmutableOopMap {rsi=Oop rdx=Oop rcx=Oop [168]=Oop [184]=Oop }
                      ;*synchronization entry
                      ; - jdk.internal.reflect.DirectMethodHandleAccessor::isStatic@-1
                      ; - jdk.internal.reflect.DirectMethodHandleAccessor::invoke@1
  0x000070093cf561fc: 4f07 e9af 

  0x000070093cf56200: ;   {metadata({method} {0x000070091c4672b0} 'invokeImpl' '(Ljava/lang/Object;[Ljava/lang/Object;)Ljava/lang/Object;' in 'jdk/internal/reflect/DirectMethodHandleAccessor')}
  0x000070093cf56200: e8ff ff49 | bab0 7246 | 1c09 7000 | 004c 8954 | 2408 48c7 | 0424 ffff 

  0x000070093cf56218: ;   {runtime_call C1 Runtime counter_overflow_blob}
  0x000070093cf56218: ffff e8c1 

  0x000070093cf5621c: ; ImmutableOopMap {rsi=Oop [168]=Oop [176]=Oop [184]=Oop }
                      ;*synchronization entry
                      ; - jdk.internal.reflect.DirectMethodHandleAccessor::invokeImpl@-1
                      ; - jdk.internal.reflect.DirectMethodHandleAccessor::invoke@23
  0x000070093cf5621c: db4f 07e9 | c4e9 ffff | 49b8 0000 | 0000 0000 | 0000 b800 

  0x000070093cf56230: ;   {runtime_call C1 Runtime load_appendix_patching_blob}
  0x000070093cf56230: 0f05 0ae8 

  0x000070093cf56234: ; ImmutableOopMap {rsi=Oop rdx=Oop rcx=Oop rdi=Oop [168]=Oop [184]=Oop }
                      ;*invokevirtual invokeExact {reexecute=1 rethrow=0 return_oop=0}
                      ; - (reexecute) jdk.internal.reflect.DirectMethodHandleAccessor::invokeImpl@104
                      ; - jdk.internal.reflect.DirectMethodHandleAccessor::invoke@23
  0x000070093cf56234: a8d4 4f07 | e94b eaff 

  0x000070093cf5623c: ;   {runtime_call C1 Runtime throw_null_pointer_exception_blob}
  0x000070093cf5623c: ffe8 9e89 

  0x000070093cf56240: ; ImmutableOopMap {rsi=Oop rdx=Oop rcx=Oop rdi=Oop r8=Oop [168]=Oop [184]=Oop }
                      ;*invokevirtual invokeExact {reexecute=0 rethrow=0 return_oop=0}
                      ; - jdk.internal.reflect.DirectMethodHandleAccessor::invokeImpl@104
                      ; - jdk.internal.reflect.DirectMethodHandleAccessor::invoke@23
                      ;   {internal_word}
  0x000070093cf56240: 4f07 49ba | 3e4e f53c | 0970 0000 | 4d89 9738 

  0x000070093cf56250: ;   {runtime_call SafepointBlob}
  0x000070093cf56250: 0500 00e9 | 0806 4307 

  0x000070093cf56258: ;   {runtime_call C1 Runtime throw_null_pointer_exception_blob}
  0x000070093cf56258: e883 894f 

  0x000070093cf5625c: ; ImmutableOopMap {rsi=Oop rdx=Oop rcx=Oop rbx=Oop [168]=Oop [184]=Oop }
                      ;*aaload {reexecute=0 rethrow=0 return_oop=0}
                      ; - jdk.internal.reflect.DirectMethodHandleAccessor::invokeImpl@85
                      ; - jdk.internal.reflect.DirectMethodHandleAccessor::invoke@23
                      ;   {runtime_call C1 Runtime throw_null_pointer_exception_blob}
  0x000070093cf5625c: 07e8 7e89 

  0x000070093cf56260: ; ImmutableOopMap {rsi=Oop rdx=Oop rcx=Oop rbx=Oop [168]=Oop [184]=Oop }
                      ;*aaload {reexecute=0 rethrow=0 return_oop=0}
                      ; - jdk.internal.reflect.DirectMethodHandleAccessor::invokeImpl@85
                      ; - jdk.internal.reflect.DirectMethodHandleAccessor::invoke@23
  0x000070093cf56260: 4f07 48c7 | 0424 0000 | 0000 4889 

  0x000070093cf5626c: ;   {runtime_call C1 Runtime throw_range_check_failed_blob}
  0x000070093cf5626c: 4c24 08e8 

  0x000070093cf56270: ; ImmutableOopMap {rsi=Oop rdx=Oop rcx=Oop rbx=Oop [168]=Oop [184]=Oop }
                      ;*aaload {reexecute=0 rethrow=0 return_oop=0}
                      ; - jdk.internal.reflect.DirectMethodHandleAccessor::invokeImpl@85
                      ; - jdk.internal.reflect.DirectMethodHandleAccessor::invoke@23
  0x000070093cf56270: 6c80 4f07 | 48c7 0424 | 0100 0000 | 4889 4c24 

  0x000070093cf56280: ;   {runtime_call C1 Runtime throw_range_check_failed_blob}
  0x000070093cf56280: 08e8 5a80 

  0x000070093cf56284: ; ImmutableOopMap {rsi=Oop rdx=Oop rcx=Oop rbx=Oop r8=Oop [168]=Oop [184]=Oop }
                      ;*aaload {reexecute=0 rethrow=0 return_oop=0}
                      ; - jdk.internal.reflect.DirectMethodHandleAccessor::invokeImpl@88
                      ; - jdk.internal.reflect.DirectMethodHandleAccessor::invoke@23
  0x000070093cf56284: 4f07 48c7 | 0424 0200 | 0000 4889 

  0x000070093cf56290: ;   {runtime_call C1 Runtime throw_range_check_failed_blob}
  0x000070093cf56290: 4c24 08e8 

  0x000070093cf56294: ; ImmutableOopMap {rsi=Oop rdx=Oop rcx=Oop rbx=Oop r8=Oop r9=Oop [168]=Oop [184]=Oop }
                      ;*aaload {reexecute=0 rethrow=0 return_oop=0}
                      ; - jdk.internal.reflect.DirectMethodHandleAccessor::invokeImpl@91
                      ; - jdk.internal.reflect.DirectMethodHandleAccessor::invoke@23
  0x000070093cf56294: 4880 4f07 | 48b8 383a | 14c0 0000 | 0000 b800 

  0x000070093cf562a4: ;   {runtime_call C1 Runtime load_appendix_patching_blob}
  0x000070093cf562a4: 0f05 0ae8 

  0x000070093cf562a8: ; ImmutableOopMap {rsi=Oop rdx=Oop rbx=Oop r8=Oop r9=Oop rdi=Oop [168]=Oop [184]=Oop }
                      ;*invokevirtual invokeExact {reexecute=1 rethrow=0 return_oop=0}
                      ; - (reexecute) jdk.internal.reflect.DirectMethodHandleAccessor::invokeImpl@92
                      ; - jdk.internal.reflect.DirectMethodHandleAccessor::invoke@23
  0x000070093cf562a8: 34d4 4f07 | e9d7 ebff 

  0x000070093cf562b0: ;   {runtime_call C1 Runtime throw_null_pointer_exception_blob}
  0x000070093cf562b0: ffe8 2a89 

  0x000070093cf562b4: ; ImmutableOopMap {rsi=Oop rdx=Oop rbx=Oop r8=Oop r9=Oop rdi=Oop rax=Oop [168]=Oop [184]=Oop }
                      ;*invokevirtual invokeExact {reexecute=0 rethrow=0 return_oop=0}
                      ; - jdk.internal.reflect.DirectMethodHandleAccessor::invokeImpl@92
                      ; - jdk.internal.reflect.DirectMethodHandleAccessor::invoke@23
                      ;   {internal_word}
  0x000070093cf562b4: 4f07 49ba | 5f50 f53c | 0970 0000 | 4d89 9738 

  0x000070093cf562c4: ;   {runtime_call SafepointBlob}
  0x000070093cf562c4: 0500 00e9 | 9405 4307 

  0x000070093cf562cc: ;   {runtime_call C1 Runtime throw_null_pointer_exception_blob}
  0x000070093cf562cc: e80f 894f 

  0x000070093cf562d0: ; ImmutableOopMap {rsi=Oop rcx=Oop rdx=Oop rdi=Oop [168]=Oop [184]=Oop [200]=Oop }
                      ;*aaload {reexecute=0 rethrow=0 return_oop=0}
                      ; - jdk.internal.reflect.DirectMethodHandleAccessor::invokeImpl@68
                      ; - jdk.internal.reflect.DirectMethodHandleAccessor::invoke@23
                      ;   {runtime_call C1 Runtime throw_null_pointer_exception_blob}
  0x000070093cf562d0: 07e8 0a89 

  0x000070093cf562d4: ; ImmutableOopMap {rsi=Oop rcx=Oop rdx=Oop rdi=Oop [168]=Oop [184]=Oop [200]=Oop }
                      ;*aaload {reexecute=0 rethrow=0 return_oop=0}
                      ; - jdk.internal.reflect.DirectMethodHandleAccessor::invokeImpl@68
                      ; - jdk.internal.reflect.DirectMethodHandleAccessor::invoke@23
  0x000070093cf562d4: 4f07 48c7 | 0424 0000 | 0000 4889 

  0x000070093cf562e0: ;   {runtime_call C1 Runtime throw_range_check_failed_blob}
  0x000070093cf562e0: 4c24 08e8 

  0x000070093cf562e4: ; ImmutableOopMap {rsi=Oop rcx=Oop rdx=Oop rdi=Oop [168]=Oop [184]=Oop [200]=Oop }
                      ;*aaload {reexecute=0 rethrow=0 return_oop=0}
                      ; - jdk.internal.reflect.DirectMethodHandleAccessor::invokeImpl@68
                      ; - jdk.internal.reflect.DirectMethodHandleAccessor::invoke@23
  0x000070093cf562e4: f87f 4f07 | 48c7 0424 | 0100 0000 | 4889 4c24 

  0x000070093cf562f4: ;   {runtime_call C1 Runtime throw_range_check_failed_blob}
  0x000070093cf562f4: 08e8 e67f 

  0x000070093cf562f8: ; ImmutableOopMap {rsi=Oop rcx=Oop rdx=Oop rdi=Oop rbx=Oop [168]=Oop [184]=Oop [192]=Oop [200]=Oop }
                      ;*aaload {reexecute=0 rethrow=0 return_oop=0}
                      ; - jdk.internal.reflect.DirectMethodHandleAccessor::invokeImpl@71
                      ; - jdk.internal.reflect.DirectMethodHandleAccessor::invoke@23
                      ;   {metadata({method} {0x000070091cb19ab0} 'invokeExact_MT' '(Ljava/lang/Object;Ljava/lang/Object;Ljava/lang/Object;Ljava/lang/Object;Ljava/lang/Object;)Ljava/lang/Object;' in 'java/lang/invoke/LambdaForm$MH+0x000000001e146c00')}
  0x000070093cf562f8: 4f07 49ba | b09a b11c | 0970 0000 | 4c89 5424 | 0848 c704 | 24ff ffff 

  0x000070093cf56310: ;   {runtime_call C1 Runtime counter_overflow_blob}
  0x000070093cf56310: ffe8 cada 

  0x000070093cf56314: ; ImmutableOopMap {rsi=Oop rdx=Oop rdi=Oop rbx=Oop rax=Oop [168]=Oop [184]=Oop [192]=Oop [200]=Oop [208]=Oop }
                      ;*synchronization entry
                      ; - java.lang.invoke.LambdaForm$MH/0x000000001e146c00::invokeExact_MT@-1
                      ; - jdk.internal.reflect.DirectMethodHandleAccessor::invokeImpl@72
                      ; - jdk.internal.reflect.DirectMethodHandleAccessor::invoke@23
  0x000070093cf56314: 4f07 e9e3 

  0x000070093cf56318: ;   {metadata({method} {0x000070091c36ad50} 'checkExactType' '(Ljava/lang/invoke/MethodHandle;Ljava/lang/invoke/MethodType;)V' in 'java/lang/invoke/Invokers')}
  0x000070093cf56318: eeff ff49 | ba50 ad36 | 1c09 7000 | 004c 8954 | 2408 48c7 | 0424 ffff 

  0x000070093cf56330: ;   {runtime_call C1 Runtime counter_overflow_blob}
  0x000070093cf56330: ffff e8a9 

  0x000070093cf56334: ; ImmutableOopMap {rsi=Oop rdx=Oop rdi=Oop rbx=Oop rax=Oop [168]=Oop [184]=Oop [192]=Oop [200]=Oop [208]=Oop }
                      ;*synchronization entry
                      ; - java.lang.invoke.Invokers::checkExactType@-1
                      ; - java.lang.invoke.LambdaForm$MH/0x000000001e146c00::invokeExact_MT@11
                      ; - jdk.internal.reflect.DirectMethodHandleAccessor::invokeImpl@72
                      ; - jdk.internal.reflect.DirectMethodHandleAccessor::invoke@23
  0x000070093cf56334: da4f 07e9 | 63ef ffff 

  0x000070093cf5633c: ;   {runtime_call C1 Runtime throw_null_pointer_exception_blob}
  0x000070093cf5633c: e89f 884f 

  0x000070093cf56340: ; ImmutableOopMap {rsi=Oop rdx=Oop rdi=Oop rbx=Oop rax=Oop [168]=Oop [184]=Oop [192]=Oop [200]=Oop [208]=Oop }
                      ;*invokevirtual type {reexecute=0 rethrow=0 return_oop=0}
                      ; - java.lang.invoke.Invokers::checkExactType@1
                      ; - java.lang.invoke.LambdaForm$MH/0x000000001e146c00::invokeExact_MT@11
                      ; - jdk.internal.reflect.DirectMethodHandleAccessor::invokeImpl@72
                      ; - jdk.internal.reflect.DirectMethodHandleAccessor::invoke@23
                      ;   {metadata({method} {0x000070091c36b398} 'checkCustomized' '(Ljava/lang/invoke/MethodHandle;)V' in 'java/lang/invoke/Invokers')}
  0x000070093cf56340: 0749 ba98 | b336 1c09 | 7000 004c | 8954 2408 | 48c7 0424 | ffff ffff 

  0x000070093cf56358: ;   {runtime_call C1 Runtime counter_overflow_blob}
  0x000070093cf56358: e883 da4f 

  0x000070093cf5635c: ; ImmutableOopMap {rsi=Oop rdx=Oop rdi=Oop rbx=Oop rax=Oop [168]=Oop [184]=Oop [192]=Oop [200]=Oop [208]=Oop }
                      ;*synchronization entry
                      ; - java.lang.invoke.Invokers::checkCustomized@-1
                      ; - java.lang.invoke.LambdaForm$MH/0x000000001e146c00::invokeExact_MT@15
                      ; - jdk.internal.reflect.DirectMethodHandleAccessor::invokeImpl@72
                      ; - jdk.internal.reflect.DirectMethodHandleAccessor::invoke@23
  0x000070093cf5635c: 07e9 8ef0 

  0x000070093cf56360: ;   {metadata({method} {0x000070091c08fb80} 'isCompileConstant' '(Ljava/lang/Object;)Z' in 'java/lang/invoke/MethodHandleImpl')}
  0x000070093cf56360: ffff 49ba | 80fb 081c | 0970 0000 | 4c89 5424 | 0848 c704 | 24ff ffff 

  0x000070093cf56378: ;   {runtime_call C1 Runtime counter_overflow_blob}
  0x000070093cf56378: ffe8 62da 

  0x000070093cf5637c: ; ImmutableOopMap {rsi=Oop rdx=Oop rdi=Oop rbx=Oop rax=Oop [168]=Oop [184]=Oop [192]=Oop [200]=Oop [208]=Oop }
                      ;*synchronization entry
                      ; - java.lang.invoke.MethodHandleImpl::isCompileConstant@-1
                      ; - java.lang.invoke.Invokers::checkCustomized@1
                      ; - java.lang.invoke.LambdaForm$MH/0x000000001e146c00::invokeExact_MT@15
                      ; - jdk.internal.reflect.DirectMethodHandleAccessor::invokeImpl@72
                      ; - jdk.internal.reflect.DirectMethodHandleAccessor::invoke@23
  0x000070093cf5637c: 4f07 e9ab 

  0x000070093cf56380: ;   {runtime_call C1 Runtime throw_null_pointer_exception_blob}
  0x000070093cf56380: f0ff ffe8 

  0x000070093cf56384: ; ImmutableOopMap {rsi=Oop rdx=Oop rdi=Oop rbx=Oop rax=Oop [168]=Oop [184]=Oop [192]=Oop [200]=Oop [208]=Oop }
                      ;*getfield customized {reexecute=1 rethrow=0 return_oop=0}
                      ; - (reexecute) java.lang.invoke.Invokers::checkCustomized@12
                      ; - java.lang.invoke.LambdaForm$MH/0x000000001e146c00::invokeExact_MT@15
                      ; - jdk.internal.reflect.DirectMethodHandleAccessor::invokeImpl@72
                      ; - jdk.internal.reflect.DirectMethodHandleAccessor::invoke@23
  0x000070093cf56384: 5888 4f07 

  0x000070093cf56388: ;   {internal_word}
  0x000070093cf56388: 49ba d056 | f53c 0970 | 0000 4d89 | 9738 0500 

  0x000070093cf56398: ;   {runtime_call SafepointBlob}
  0x000070093cf56398: 00e9 c204 

  0x000070093cf5639c: ;   {runtime_call C1 Runtime throw_null_pointer_exception_blob}
  0x000070093cf5639c: 4307 e83d 

  0x000070093cf563a0: ; ImmutableOopMap {rsi=Oop rcx=Oop rdx=Oop rdi=Oop [168]=Oop [184]=Oop }
                      ;*aaload {reexecute=0 rethrow=0 return_oop=0}
                      ; - jdk.internal.reflect.DirectMethodHandleAccessor::invokeImpl@54
                      ; - jdk.internal.reflect.DirectMethodHandleAccessor::invoke@23
                      ;   {runtime_call C1 Runtime throw_null_pointer_exception_blob}
  0x000070093cf563a0: 884f 07e8 

  0x000070093cf563a4: ; ImmutableOopMap {rsi=Oop rcx=Oop rdx=Oop rdi=Oop [168]=Oop [184]=Oop }
                      ;*aaload {reexecute=0 rethrow=0 return_oop=0}
                      ; - jdk.internal.reflect.DirectMethodHandleAccessor::invokeImpl@54
                      ; - jdk.internal.reflect.DirectMethodHandleAccessor::invoke@23
  0x000070093cf563a4: 3888 4f07 | 48c7 0424 | 0000 0000 | 4889 4c24 

  0x000070093cf563b4: ;   {runtime_call C1 Runtime throw_range_check_failed_blob}
  0x000070093cf563b4: 08e8 267f 

  0x000070093cf563b8: ; ImmutableOopMap {rsi=Oop rcx=Oop rdx=Oop rdi=Oop [168]=Oop [184]=Oop }
                      ;*aaload {reexecute=0 rethrow=0 return_oop=0}
                      ; - jdk.internal.reflect.DirectMethodHandleAccessor::invokeImpl@54
                      ; - jdk.internal.reflect.DirectMethodHandleAccessor::invoke@23
  0x000070093cf563b8: 4f07 49b8 | 98c3 f5c3 | 0000 0000 | b800 0f05 

  0x000070093cf563c8: ;   {runtime_call C1 Runtime load_appendix_patching_blob}
  0x000070093cf563c8: 0ae8 12d3 

  0x000070093cf563cc: ; ImmutableOopMap {rsi=Oop rdx=Oop rdi=Oop rcx=Oop [168]=Oop [184]=Oop }
                      ;*invokevirtual invokeExact {reexecute=1 rethrow=0 return_oop=0}
                      ; - (reexecute) jdk.internal.reflect.DirectMethodHandleAccessor::invokeImpl@55
                      ; - jdk.internal.reflect.DirectMethodHandleAccessor::invoke@23
  0x000070093cf563cc: 4f07 e92d 

  0x000070093cf563d0: ;   {runtime_call C1 Runtime throw_null_pointer_exception_blob}
  0x000070093cf563d0: f3ff ffe8 

  0x000070093cf563d4: ; ImmutableOopMap {rsi=Oop rdx=Oop rdi=Oop rcx=Oop r8=Oop [168]=Oop [184]=Oop }
                      ;*invokevirtual invokeExact {reexecute=0 rethrow=0 return_oop=0}
                      ; - jdk.internal.reflect.DirectMethodHandleAccessor::invokeImpl@55
                      ; - jdk.internal.reflect.DirectMethodHandleAccessor::invoke@23
  0x000070093cf563d4: 0888 4f07 

  0x000070093cf563d8: ;   {internal_word}
  0x000070093cf563d8: 49ba c758 | f53c 0970 | 0000 4d89 | 9738 0500 

  0x000070093cf563e8: ;   {runtime_call SafepointBlob}
  0x000070093cf563e8: 00e9 7204 

  0x000070093cf563ec: ;   {metadata({method} {0x000070091c3c25d8} 'invokeExact_MT' '(Ljava/lang/Object;Ljava/lang/Object;Ljava/lang/Object;)Ljava/lang/Object;' in 'java/lang/invoke/Invokers$Holder')}
  0x000070093cf563ec: 4307 49ba | d825 3c1c | 0970 0000 | 4c89 5424 | 0848 c704 | 24ff ffff 

  0x000070093cf56404: ;   {runtime_call C1 Runtime counter_overflow_blob}
  0x000070093cf56404: ffe8 d6d9 

  0x000070093cf56408: ; ImmutableOopMap {rsi=Oop rdx=Oop rdi=Oop [168]=Oop [184]=Oop [216]=Oop }
                      ;*synchronization entry
                      ; - java.lang.invoke.Invokers$Holder::invokeExact_MT@-1
                      ; - jdk.internal.reflect.DirectMethodHandleAccessor::invokeImpl@41
                      ; - jdk.internal.reflect.DirectMethodHandleAccessor::invoke@23
  0x000070093cf56408: 4f07 e961 

  0x000070093cf5640c: ;   {metadata({method} {0x000070091c36ad50} 'checkExactType' '(Ljava/lang/invoke/MethodHandle;Ljava/lang/invoke/MethodType;)V' in 'java/lang/invoke/Invokers')}
  0x000070093cf5640c: f5ff ff49 | ba50 ad36 | 1c09 7000 | 004c 8954 | 2408 48c7 | 0424 ffff 

  0x000070093cf56424: ;   {runtime_call C1 Runtime counter_overflow_blob}
  0x000070093cf56424: ffff e8b5 

  0x000070093cf56428: ; ImmutableOopMap {rsi=Oop rdx=Oop rdi=Oop [168]=Oop [184]=Oop [216]=Oop }
                      ;*synchronization entry
                      ; - java.lang.invoke.Invokers::checkExactType@-1
                      ; - java.lang.invoke.Invokers$Holder::invokeExact_MT@10
                      ; - jdk.internal.reflect.DirectMethodHandleAccessor::invokeImpl@41
                      ; - jdk.internal.reflect.DirectMethodHandleAccessor::invoke@23
  0x000070093cf56428: d94f 07e9 | 9af5 ffff 

  0x000070093cf56430: ;   {runtime_call C1 Runtime throw_null_pointer_exception_blob}
  0x000070093cf56430: e8ab 874f 

  0x000070093cf56434: ; ImmutableOopMap {rsi=Oop rdx=Oop rdi=Oop [168]=Oop [184]=Oop [216]=Oop }
                      ;*invokevirtual type {reexecute=0 rethrow=0 return_oop=0}
                      ; - java.lang.invoke.Invokers::checkExactType@1
                      ; - java.lang.invoke.Invokers$Holder::invokeExact_MT@10
                      ; - jdk.internal.reflect.DirectMethodHandleAccessor::invokeImpl@41
                      ; - jdk.internal.reflect.DirectMethodHandleAccessor::invoke@23
                      ;   {metadata({method} {0x000070091c36b398} 'checkCustomized' '(Ljava/lang/invoke/MethodHandle;)V' in 'java/lang/invoke/Invokers')}
  0x000070093cf56434: 0749 ba98 | b336 1c09 | 7000 004c | 8954 2408 | 48c7 0424 | ffff ffff 

  0x000070093cf5644c: ;   {runtime_call C1 Runtime counter_overflow_blob}
  0x000070093cf5644c: e88f d94f 

  0x000070093cf56450: ; ImmutableOopMap {rsi=Oop rdx=Oop rdi=Oop [168]=Oop [184]=Oop [216]=Oop }
                      ;*synchronization entry
                      ; - java.lang.invoke.Invokers::checkCustomized@-1
                      ; - java.lang.invoke.Invokers$Holder::invokeExact_MT@14
                      ; - jdk.internal.reflect.DirectMethodHandleAccessor::invokeImpl@41
                      ; - jdk.internal.reflect.DirectMethodHandleAccessor::invoke@23
  0x000070093cf56450: 07e9 6df6 

  0x000070093cf56454: ;   {metadata({method} {0x000070091c08fb80} 'isCompileConstant' '(Ljava/lang/Object;)Z' in 'java/lang/invoke/MethodHandleImpl')}
  0x000070093cf56454: ffff 49ba | 80fb 081c | 0970 0000 | 4c89 5424 | 0848 c704 | 24ff ffff 

  0x000070093cf5646c: ;   {runtime_call C1 Runtime counter_overflow_blob}
  0x000070093cf5646c: ffe8 6ed9 

  0x000070093cf56470: ; ImmutableOopMap {rsi=Oop rdx=Oop rdi=Oop [168]=Oop [184]=Oop [216]=Oop }
                      ;*synchronization entry
                      ; - java.lang.invoke.MethodHandleImpl::isCompileConstant@-1
                      ; - java.lang.invoke.Invokers::checkCustomized@1
                      ; - java.lang.invoke.Invokers$Holder::invokeExact_MT@14
                      ; - jdk.internal.reflect.DirectMethodHandleAccessor::invokeImpl@41
                      ; - jdk.internal.reflect.DirectMethodHandleAccessor::invoke@23
  0x000070093cf56470: 4f07 e984 

  0x000070093cf56474: ;   {runtime_call C1 Runtime throw_null_pointer_exception_blob}
  0x000070093cf56474: f6ff ffe8 

  0x000070093cf56478: ; ImmutableOopMap {rsi=Oop rdx=Oop rdi=Oop [168]=Oop [184]=Oop [216]=Oop }
                      ;*getfield customized {reexecute=1 rethrow=0 return_oop=0}
                      ; - (reexecute) java.lang.invoke.Invokers::checkCustomized@12
                      ; - java.lang.invoke.Invokers$Holder::invokeExact_MT@14
                      ; - jdk.internal.reflect.DirectMethodHandleAccessor::invokeImpl@41
                      ; - jdk.internal.reflect.DirectMethodHandleAccessor::invoke@23
  0x000070093cf56478: 6487 4f07 

  0x000070093cf5647c: ;   {internal_word}
  0x000070093cf5647c: 49ba 8c5c | f53c 0970 | 0000 4d89 | 9738 0500 

  0x000070093cf5648c: ;   {runtime_call SafepointBlob}
  0x000070093cf5648c: 00e9 ce03 

  0x000070093cf56490: ;   {runtime_call C1 Runtime throw_null_pointer_exception_blob}
  0x000070093cf56490: 4307 e849 

  0x000070093cf56494: ; ImmutableOopMap {rax=Oop [168]=Oop [184]=Oop [216]=Oop }
                      ;*athrow {reexecute=1 rethrow=0 return_oop=0}
                      ; - (reexecute) java.lang.invoke.Invokers::checkExactType@15
                      ; - java.lang.invoke.Invokers$Holder::invokeExact_MT@10
                      ; - jdk.internal.reflect.DirectMethodHandleAccessor::invokeImpl@41
                      ; - jdk.internal.reflect.DirectMethodHandleAccessor::invoke@23
                      ;   {runtime_call C1 Runtime throw_null_pointer_exception_blob}
  0x000070093cf56494: 874f 07e8 

  0x000070093cf56498: ; ImmutableOopMap {rax=Oop [168]=Oop [184]=Oop [192]=Oop [200]=Oop [208]=Oop }
                      ;*athrow {reexecute=1 rethrow=0 return_oop=0}
                      ; - (reexecute) java.lang.invoke.Invokers::checkExactType@15
                      ; - java.lang.invoke.LambdaForm$MH/0x000000001e146c00::invokeExact_MT@11
                      ; - jdk.internal.reflect.DirectMethodHandleAccessor::invokeImpl@72
                      ; - jdk.internal.reflect.DirectMethodHandleAccessor::invoke@23
  0x000070093cf56498: 4487 4f07 

  0x000070093cf5649c: ;   {metadata({method} {0x000070091c467648} 'isIllegalArgument' '(Ljava/lang/RuntimeException;)Z' in 'jdk/internal/reflect/DirectMethodHandleAccessor')}
  0x000070093cf5649c: 49ba 4876 | 461c 0970 | 0000 4c89 | 5424 0848 | c704 24ff 

  0x000070093cf564b0: ;   {runtime_call C1 Runtime counter_overflow_blob}
  0x000070093cf564b0: ffff ffe8 

  0x000070093cf564b4: ; ImmutableOopMap {rax=Oop }
                      ;*synchronization entry
                      ; - jdk.internal.reflect.DirectMethodHandleAccessor::isIllegalArgument@-1
                      ; - jdk.internal.reflect.DirectMethodHandleAccessor::invoke@58
  0x000070093cf564b4: 28d9 4f07 | e9c6 f8ff 

  0x000070093cf564bc: ;   {metadata({method} {0x000070091c467648} 'isIllegalArgument' '(Ljava/lang/RuntimeException;)Z' in 'jdk/internal/reflect/DirectMethodHandleAccessor')}
  0x000070093cf564bc: ff49 ba48 | 7646 1c09 | 7000 004c | 8954 2408 | 48c7 0424 | ffff ffff 

  0x000070093cf564d4: ;   {runtime_call C1 Runtime counter_overflow_blob}
  0x000070093cf564d4: e807 d94f 

  0x000070093cf564d8: ; ImmutableOopMap {rax=Oop }
                      ;*synchronization entry
                      ; - jdk.internal.reflect.DirectMethodHandleAccessor::isIllegalArgument@-1
                      ; - jdk.internal.reflect.DirectMethodHandleAccessor::invoke@30
  0x000070093cf564d8: 07e9 5cf9 

  0x000070093cf564dc: ;   {metadata(nullptr)}
  0x000070093cf564dc: ffff 48ba | 0000 0000 | 0000 0000 | b800 0f05 

  0x000070093cf564ec: ;   {runtime_call C1 Runtime load_klass_patching_blob}
  0x000070093cf564ec: 0ae8 eec9 

  0x000070093cf564f0: ; ImmutableOopMap {}
                      ;*new {reexecute=1 rethrow=0 return_oop=0}
                      ; - (reexecute) jdk.internal.reflect.DirectMethodHandleAccessor::invoke@36
  0x000070093cf564f0: 4f07 e999 | f9ff ff48 

  0x000070093cf564f8: ;   {runtime_call C1 Runtime fast_new_instance_blob}
  0x000070093cf564f8: 8bd2 e8e1 

  0x000070093cf564fc: ; ImmutableOopMap {}
                      ;*new {reexecute=0 rethrow=0 return_oop=0}
                      ; - jdk.internal.reflect.DirectMethodHandleAccessor::invoke@36
  0x000070093cf564fc: 8f4f 07e9 | d7f9 ffff 

  0x000070093cf56504: ;   {metadata(nullptr)}
  0x000070093cf56504: 48ba 0000 | 0000 0000 | 0000 b800 

  0x000070093cf56510: ;   {runtime_call C1 Runtime load_klass_patching_blob}
  0x000070093cf56510: 0f05 0ae8 

  0x000070093cf56514: ; ImmutableOopMap {rbx=Oop }
                      ;*new {reexecute=1 rethrow=0 return_oop=0}
                      ; - (reexecute) jdk.internal.reflect.DirectMethodHandleAccessor::invoke@46
  0x000070093cf56514: c8c9 4f07 | e913 faff 

  0x000070093cf5651c: ;   {runtime_call C1 Runtime throw_null_pointer_exception_blob}
  0x000070093cf5651c: ffe8 be86 

  0x000070093cf56520: ; ImmutableOopMap {rbx=Oop }
                      ;*new {reexecute=0 rethrow=0 return_oop=0}
                      ; - jdk.internal.reflect.DirectMethodHandleAccessor::invoke@46
  0x000070093cf56520: 4f07 488b 

  0x000070093cf56524: ;   {runtime_call C1 Runtime fast_new_instance_init_check_blob}
  0x000070093cf56524: d2e8 b692 

  0x000070093cf56528: ; ImmutableOopMap {rbx=Oop }
                      ;*new {reexecute=0 rethrow=0 return_oop=0}
                      ; - jdk.internal.reflect.DirectMethodHandleAccessor::invoke@46
  0x000070093cf56528: 4f07 e959 

  0x000070093cf5652c: ;   {metadata(nullptr)}
  0x000070093cf5652c: faff ff48 | ba00 0000 | 0000 0000 | 00b8 000f 

  0x000070093cf5653c: ;   {runtime_call C1 Runtime load_klass_patching_blob}
  0x000070093cf5653c: 050a e89d 

  0x000070093cf56540: ; ImmutableOopMap {[224]=Oop }
                      ;*new {reexecute=1 rethrow=0 return_oop=0}
                      ; - (reexecute) jdk.internal.reflect.DirectMethodHandleAccessor::invoke@64
  0x000070093cf56540: c94f 07e9 | 88fa ffff 

  0x000070093cf56548: ;   {runtime_call C1 Runtime fast_new_instance_blob}
  0x000070093cf56548: 488b d2e8 

  0x000070093cf5654c: ; ImmutableOopMap {[224]=Oop }
                      ;*new {reexecute=0 rethrow=0 return_oop=0}
                      ; - jdk.internal.reflect.DirectMethodHandleAccessor::invoke@64
  0x000070093cf5654c: 908f 4f07 | e9c6 faff 

  0x000070093cf56554: ;   {metadata(nullptr)}
  0x000070093cf56554: ff48 ba00 | 0000 0000 | 0000 00b8 | 000f 050a 

  0x000070093cf56564: ;   {runtime_call C1 Runtime load_klass_patching_blob}
  0x000070093cf56564: e877 c94f 

  0x000070093cf56568: ; ImmutableOopMap {rbx=Oop }
                      ;*new {reexecute=1 rethrow=0 return_oop=0}
                      ; - (reexecute) jdk.internal.reflect.DirectMethodHandleAccessor::invoke@73
  0x000070093cf56568: 07e9 02fb 

  0x000070093cf5656c: ;   {runtime_call C1 Runtime throw_null_pointer_exception_blob}
  0x000070093cf5656c: ffff e86d 

  0x000070093cf56570: ; ImmutableOopMap {rbx=Oop }
                      ;*new {reexecute=0 rethrow=0 return_oop=0}
                      ; - jdk.internal.reflect.DirectMethodHandleAccessor::invoke@73
  0x000070093cf56570: 864f 0748 

  0x000070093cf56574: ;   {runtime_call C1 Runtime fast_new_instance_init_check_blob}
  0x000070093cf56574: 8bd2 e865 

  0x000070093cf56578: ; ImmutableOopMap {rbx=Oop }
                      ;*new {reexecute=0 rethrow=0 return_oop=0}
                      ; - jdk.internal.reflect.DirectMethodHandleAccessor::invoke@73
  0x000070093cf56578: 924f 07e9 | 48fb ffff 

  0x000070093cf56580: ;   {metadata('java/lang/reflect/InvocationTargetException')}
  0x000070093cf56580: 48ba a85d | 0d1e 0000 | 0000 b800 

  0x000070093cf5658c: ;   {runtime_call C1 Runtime load_klass_patching_blob}
  0x000070093cf5658c: 0f05 0ae8 

  0x000070093cf56590: ; ImmutableOopMap {rbx=Oop }
                      ;*new {reexecute=1 rethrow=0 return_oop=0}
                      ; - (reexecute) jdk.internal.reflect.DirectMethodHandleAccessor::invoke@83
  0x000070093cf56590: 4cc9 4f07 | e98f fbff 

  0x000070093cf56598: ;   {runtime_call C1 Runtime throw_null_pointer_exception_blob}
  0x000070093cf56598: ffe8 4286 

  0x000070093cf5659c: ; ImmutableOopMap {rbx=Oop }
                      ;*new {reexecute=0 rethrow=0 return_oop=0}
                      ; - jdk.internal.reflect.DirectMethodHandleAccessor::invoke@83
  0x000070093cf5659c: 4f07 488b 

  0x000070093cf565a0: ;   {runtime_call C1 Runtime fast_new_instance_init_check_blob}
  0x000070093cf565a0: d2e8 3a92 

  0x000070093cf565a4: ; ImmutableOopMap {rbx=Oop }
                      ;*new {reexecute=0 rethrow=0 return_oop=0}
                      ; - jdk.internal.reflect.DirectMethodHandleAccessor::invoke@83
  0x000070093cf565a4: 4f07 e9d5 | fbff ff49 | 8b87 e005 | 0000 49c7 | 87e0 0500 | 0000 0000 | 0049 c787 | e805 0000 
  0x000070093cf565c4: 0000 0000 | 4881 c420 | 0100 005d 

  0x000070093cf565d0: ;   {runtime_call C1 Runtime unwind_exception_blob}
  0x000070093cf565d0: e90b 774f | 07f4 f4f4 
[Stub Code]
  0x000070093cf565d8: ;   {other}
  0x000070093cf565d8: 0f1f 4400 

  0x000070093cf565dc: ;   {static_stub}
  0x000070093cf565dc: 0048 bb00 | 0000 0000 

  0x000070093cf565e4: ;   {runtime_call nmethod}
  0x000070093cf565e4: 0000 00e9 | fbff ffff 

  0x000070093cf565ec: ;   {static_stub}
  0x000070093cf565ec: 9048 bbb0 | 8a72 1e09 

  0x000070093cf565f4: ;   {runtime_call I2C/C2I adapters}
  0x000070093cf565f4: 7000 00e9 | cac6 4207 

  0x000070093cf565fc: ;   {static_stub}
  0x000070093cf565fc: 9048 bb68 | 273c 1c09 

  0x000070093cf56604: ;   {runtime_call I2C/C2I adapters}
  0x000070093cf56604: 7000 00e9 | b236 4207 

  0x000070093cf5660c: ;   {static_stub}
  0x000070093cf5660c: 9048 bb00 | 0000 0000 

  0x000070093cf56614: ;   {runtime_call nmethod}
  0x000070093cf56614: 0000 00e9 | fbff ffff 

  0x000070093cf5661c: ;   {static_stub}
  0x000070093cf5661c: 9048 bb00 | 0000 0000 

  0x000070093cf56624: ;   {runtime_call nmethod}
  0x000070093cf56624: 0000 00e9 | fbff ffff 

  0x000070093cf5662c: ;   {static_stub}
  0x000070093cf5662c: 9048 bb00 | 0000 0000 

  0x000070093cf56634: ;   {runtime_call nmethod}
  0x000070093cf56634: 0000 00e9 | fbff ffff 

  0x000070093cf5663c: ;   {static_stub}
  0x000070093cf5663c: 9048 bb00 | 0000 0000 

  0x000070093cf56644: ;   {runtime_call nmethod}
  0x000070093cf56644: 0000 00e9 | fbff ffff 

  0x000070093cf5664c: ;   {static_stub}
  0x000070093cf5664c: 9048 bb68 | 8452 1c09 

  0x000070093cf56654: ;   {runtime_call I2C/C2I adapters}
  0x000070093cf56654: 7000 00e9 | da53 4307 

  0x000070093cf5665c: ;   {static_stub}
  0x000070093cf5665c: 48bb 0000 | 0000 0000 

  0x000070093cf56664: ;   {runtime_call nmethod}
  0x000070093cf56664: 0000 e9fb 

  0x000070093cf56668: ;   {static_stub}
  0x000070093cf56668: ffff ff48 | bb00 0000 | 0000 0000 

  0x000070093cf56674: ;   {runtime_call nmethod}
  0x000070093cf56674: 00e9 fbff 

  0x000070093cf56678: ;   {static_stub}
  0x000070093cf56678: ffff 48bb | 0000 0000 | 0000 0000 

  0x000070093cf56684: ;   {runtime_call nmethod}
  0x000070093cf56684: e9fb ffff 

  0x000070093cf56688: ;   {static_stub}
  0x000070093cf56688: ff48 bb00 | 0000 0000 

  0x000070093cf56690: ;   {runtime_call nmethod}
  0x000070093cf56690: 0000 00e9 | fbff ffff 

  0x000070093cf56698: ;   {static_stub}
  0x000070093cf56698: 48bb 0000 | 0000 0000 

  0x000070093cf566a0: ;   {runtime_call nmethod}
  0x000070093cf566a0: 0000 e9fb 

  0x000070093cf566a4: ;   {static_stub}
  0x000070093cf566a4: ffff ff48 | bb00 0000 | 0000 0000 

  0x000070093cf566b0: ;   {runtime_call nmethod}
  0x000070093cf566b0: 00e9 fbff 

  0x000070093cf566b4: ;   {static_stub}
  0x000070093cf566b4: ffff 48bb | 0000 0000 | 0000 0000 

  0x000070093cf566c0: ;   {runtime_call nmethod}
  0x000070093cf566c0: e9fb ffff 

  0x000070093cf566c4: ;   {static_stub}
  0x000070093cf566c4: ff48 bb00 | 0000 0000 

  0x000070093cf566cc: ;   {runtime_call nmethod}
  0x000070093cf566cc: 0000 00e9 | fbff ffff 
[Exception Handler]
  0x000070093cf566d4: ;   {runtime_call C1 Runtime handle_exception_from_callee_blob}
  0x000070093cf566d4: e807 a34f 

  0x000070093cf566d8: ;   {external_word}
  0x000070093cf566d8: 0748 bf3c | 9797 5709 | 7000 0048 

  0x000070093cf566e4: ;   {runtime_call MacroAssembler::debug64(char*, long, long*)}
  0x000070093cf566e4: 83e4 f0e8 | d45e 3f1a 

  0x000070093cf566ec: ;   {section_word}
  0x000070093cf566ec: f449 baed | 66f5 3c09 | 7000 0041 

  0x000070093cf566f8: ;   {runtime_call DeoptimizationBlob}
  0x000070093cf566f8: 52e9 6204 

  0x000070093cf566fc: ;   {section_word}
  0x000070093cf566fc: 4307 49ba | fe66 f53c | 0970 0000 

  0x000070093cf56708: ;   {runtime_call DeoptimizationBlob}
  0x000070093cf56708: 4152 e951 | 0443 07f4 
[/MachCode]


Compiled method (c1) 3738 1112       3       java.lang.reflect.Method::invoke (108 bytes)
 total in heap  [0x000070093cf54108,0x000070093cf548f8] = 2032
 main code      [0x000070093cf54200,0x000070093cf54868] = 1640
 stub code      [0x000070093cf54868,0x000070093cf548f8] = 144
 mutable data [0x000070090064dcd0,0x000070090064dda8] = 216
 relocation     [0x000070090064dcd0,0x000070090064dd90] = 192
 metadata       [0x000070090064dd90,0x000070090064dda8] = 24
 immutable data [0x000070090064db10,0x000070090064dcc8] = 440
 dependencies   [0x000070090064db10,0x000070090064db18] = 8
 nul chk table  [0x000070090064db18,0x000070090064db38] = 32
 scopes pcs     [0x000070090064db38,0x000070090064dc08] = 208
 scopes data    [0x000070090064dc08,0x000070090064dcc8] = 192

[Constant Pool (empty)]

[MachCode]
[Instructions begin]
  0x000070093cf54200: 660f 1f84 | 0000 0000 | 0066 0f1f | 8400 0000 | 0000 448b | 5608 443b 

  0x000070093cf54218: ;   {runtime_call Shared Runtime ic_miss_blob}
  0x000070093cf54218: 5008 0f85 | c001 4307 
[Verified Entry Point]
  0x000070093cf54220: 8984 2400 | c0fe ff55 | 4881 ec80 | 0000 0090 | 4181 7f20 | 0700 0000 

  0x000070093cf54238: ;   {runtime_call Stub::method_entry_barrier}
  0x000070093cf54238: 7405 e8e1 | 7c41 0748 | 8974 2448 | 4889 5424 

  0x000070093cf54248: ;   {metadata(method data for {method} {0x000070091c066808} 'invoke' '(Ljava/lang/Object;[Ljava/lang/Object;)Ljava/lang/Object;' in 'java/lang/reflect/Method')}
  0x000070093cf54248: 5048 bf48 | 42bd 1c09 | 7000 008b | 9f90 0000 | 0083 c302 | 899f 9000 | 0000 81e3 | fe07 0000 
  0x000070093cf54268: 85db 0f84 | 4f05 0000 | 4889 4c24 | 5848 8bfe 

  0x000070093cf54278: ;   {metadata(method data for {method} {0x000070091c066808} 'invoke' '(Ljava/lang/Object;[Ljava/lang/Object;)Ljava/lang/Object;' in 'java/lang/reflect/Method')}
  0x000070093cf54278: 48bb 4842 | bd1c 0970 | 0000 4883 | 83d8 0000 | 0001 488b | fe48 8bf7 | 0f1f 8000 

  0x000070093cf54294: ;   {optimized virtual_call}
  0x000070093cf54294: 0000 00e8 

  0x000070093cf54298: ; ImmutableOopMap {[72]=Oop [80]=Oop [88]=Oop }
                      ;*invokevirtual isCallerSensitive {reexecute=0 rethrow=0 return_oop=0}
                      ; - java.lang.reflect.Method::invoke@1
  0x000070093cf54298: 84ca ffff 

  0x000070093cf5429c: ;   {post_call_nop}
  0x000070093cf5429c: 0f1f 8400 | 9401 0000 | 488b 7424 | 480f be7e 

  0x000070093cf542ac: ;   {metadata(method data for {method} {0x000070091c066808} 'invoke' '(Ljava/lang/Object;[Ljava/lang/Object;)Ljava/lang/Object;' in 'java/lang/reflect/Method')}
  0x000070093cf542ac: 0c85 ff48 | bf48 42bd | 1c09 7000 | 00bb 0801 | 0000 7405 | bb18 0100 | 0048 8b14 | 1f48 8d52 
  0x000070093cf542cc: 0148 8914 | 1f0f 843d | 0000 0085 

  0x000070093cf542d8: ;   {metadata(method data for {method} {0x000070091c066808} 'invoke' '(Ljava/lang/Object;[Ljava/lang/Object;)Ljava/lang/Object;' in 'java/lang/reflect/Method')}
  0x000070093cf542d8: c048 bf48 | 42bd 1c09 | 7000 00bb | 3801 0000 | 7505 bb28 | 0100 0048 | 8b14 1f48 | 8d52 0148 
  0x000070093cf542f8: 8914 1f0f | 8513 0000 

  0x000070093cf54300: ;   {oop(nullptr)}
  0x000070093cf54300: 0048 bf00 | 0000 0000 | 0000 0089 | 4424 60e9 | 3000 0000 | 8944 2460 

  0x000070093cf54318: ;   {metadata(method data for {method} {0x000070091c066808} 'invoke' '(Ljava/lang/Object;[Ljava/lang/Object;)Ljava/lang/Object;' in 'java/lang/reflect/Method')}
  0x000070093cf54318: 48bf 4842 | bd1c 0970 | 0000 4883 | 8748 0100 | 0001 0f1f 

  0x000070093cf5432c: ;   {static_call}
  0x000070093cf5432c: 4400 00e8 

  0x000070093cf54330: ; ImmutableOopMap {[72]=Oop [80]=Oop [88]=Oop }
                      ;*invokestatic getCallerClass {reexecute=0 rethrow=0 return_oop=0}
                      ; - java.lang.reflect.Method::invoke@19
  0x000070093cf54330: dc10 9b07 

  0x000070093cf54334: ;   {post_call_nop}
  0x000070093cf54334: 0f1f 8400 | 2c02 0001 | 488b f848 | 8b74 2448 | 0fbe 560c 

  0x000070093cf54348: ;   {metadata(method data for {method} {0x000070091c066808} 'invoke' '(Ljava/lang/Object;[Ljava/lang/Object;)Ljava/lang/Object;' in 'java/lang/reflect/Method')}
  0x000070093cf54348: 85d2 48ba | 4842 bd1c | 0970 0000 | b968 0100 | 0074 05b9 | 5801 0000 | 4c8b 040a | 4d8d 4001 
  0x000070093cf54368: 4c89 040a | 0f84 0a00 | 0000 4889 | 7c24 68e9 | 2502 0000 | 8b4e 1c44 

  0x000070093cf54380: ;   {metadata(method data for {method} {0x000070091c066808} 'invoke' '(Ljava/lang/Object;[Ljava/lang/Object;)Ljava/lang/Object;' in 'java/lang/reflect/Method')}
  0x000070093cf54380: 8b4e 5048 | ba48 42bd | 1c09 7000 | 0048 8382 | 7801 0000 

  0x000070093cf54394: ;   {metadata(method data for {method} {0x000070091c2703b0} 'isStatic' '(I)Z' in 'java/lang/reflect/Modifier')}
  0x000070093cf54394: 0148 baf0 | 058b 1c09 | 7000 0044 | 8b82 9000 | 0000 4183 | c002 4489 | 8290 0000 | 0041 81e0 
  0x000070093cf543b4: feff 1f00 | 4585 c00f | 841f 0400 | 0049 8bd1 | 83e2 0885 

  0x000070093cf543c8: ;   {metadata(method data for {method} {0x000070091c2703b0} 'isStatic' '(I)Z' in 'java/lang/reflect/Modifier')}
  0x000070093cf543c8: d248 baf0 | 058b 1c09 | 7000 0041 | b8d8 0000 | 0074 0641 | b8e8 0000 | 004a 8b1c | 0248 8d5b 
  0x000070093cf543e8: 014a 891c | 020f 841a 

  0x000070093cf543f0: ;   {metadata(method data for {method} {0x000070091c2703b0} 'isStatic' '(I)Z' in 'java/lang/reflect/Modifier')}
  0x000070093cf543f0: 0000 0048 | baf0 058b | 1c09 7000 | 00ff 82f8 | 0000 00ba | 0100 0000 | e905 0000 | 00ba 0000 
  0x000070093cf54410: 0000 83e2 

  0x000070093cf54414: ;   {metadata(method data for {method} {0x000070091c066808} 'invoke' '(Ljava/lang/Object;[Ljava/lang/Object;)Ljava/lang/Object;' in 'java/lang/reflect/Method')}
  0x000070093cf54414: 0185 d248 | ba48 42bd | 1c09 7000 | 0041 b888 | 0100 0074 | 0641 b898 | 0100 004a | 8b1c 0248 
  0x000070093cf54434: 8d5b 014a | 891c 020f | 841f 0000 

  0x000070093cf54440: ;   {metadata(method data for {method} {0x000070091c066808} 'invoke' '(Ljava/lang/Object;[Ljava/lang/Object;)Ljava/lang/Object;' in 'java/lang/reflect/Method')}
  0x000070093cf54440: 0048 ba48 | 42bd 1c09 | 7000 00ff | 82a8 0100 

  0x000070093cf54450: ;   {oop(nullptr)}
  0x000070093cf54450: 0049 b800 | 0000 0000 | 0000 00e9 | 9a00 0000 | 488b 5424 | 5048 3b02 

  0x000070093cf54468: ;   {metadata(method data for {method} {0x000070091c066808} 'invoke' '(Ljava/lang/Object;[Ljava/lang/Object;)Ljava/lang/Object;' in 'java/lang/reflect/Method')}
  0x000070093cf54468: 4c8b c248 | bb48 42bd | 1c09 7000 | 0045 8b40 | 084c 3b83 | c801 0000 | 750d 4883 | 83d0 0100 
  0x000070093cf54488: 0001 e960 | 0000 004c | 3b83 d801 | 0000 750d | 4883 83e0 | 0100 0001 | e94a 0000 | 0048 83bb 
  0x000070093cf544a8: c801 0000 | 0075 174c | 8983 c801 | 0000 48c7 | 83d0 0100 | 0001 0000 | 00e9 2900 | 0000 4883 
  0x000070093cf544c8: bbd8 0100 | 0000 7517 | 4c89 83d8 | 0100 0048 | c783 e001 | 0000 0100 | 0000 e908 | 0000 0048 
  0x000070093cf544e8: 8383 c001 | 0000 0144 | 8b42 084d | 8b40 704d | 8b00 488b 

  0x000070093cf544fc: ;   {metadata(method data for {method} {0x000070091c066808} 'invoke' '(Ljava/lang/Object;[Ljava/lang/Object;)Ljava/lang/Object;' in 'java/lang/reflect/Method')}
  0x000070093cf544fc: de48 b848 | 42bd 1c09 | 7000 008b | 5b08 483b | 98f8 0100 | 0075 0d48 | 8380 0002 | 0000 01e9 
  0x000070093cf5451c: 6000 0000 | 483b 9808 | 0200 0075 | 0d48 8380 | 1002 0000 | 01e9 4a00 | 0000 4883 | b8f8 0100 
  0x000070093cf5453c: 0000 7517 | 4889 98f8 | 0100 0048 | c780 0002 | 0000 0100 | 0000 e929 | 0000 0048 | 83b8 0802 
  0x000070093cf5455c: 0000 0075 | 1748 8998 | 0802 0000 | 48c7 8010 | 0200 0001 | 0000 00e9 | 0800 0000 | 4883 80f0 
  0x000070093cf5457c: 0100 0001 | 488b d748 | 8bc6 488b | f048 897c 

  0x000070093cf5458c: ;   {optimized virtual_call}
  0x000070093cf5458c: 2468 90e8 

  0x000070093cf54590: ; ImmutableOopMap {[72]=Oop [80]=Oop [88]=Oop [104]=Oop }
                      ;*invokevirtual checkAccess {reexecute=0 rethrow=0 return_oop=0}
                      ; - java.lang.reflect.Method::invoke@60
  0x000070093cf54590: 0cab ffff 

  0x000070093cf54594: ;   {post_call_nop}
  0x000070093cf54594: 0f1f 8400 | 8c04 0002 | 488b 7424 | 488b 7e48 

  0x000070093cf545a4: ;   {metadata(method data for {method} {0x000070091c066808} 'invoke' '(Ljava/lang/Object;[Ljava/lang/Object;)Ljava/lang/Object;' in 'java/lang/reflect/Method')}
  0x000070093cf545a4: 4885 ff48 | bb48 42bd | 1c09 7000 | 00b8 2002 | 0000 7505 | b830 0200 | 0048 8b14 | 0348 8d52 
  0x000070093cf545c4: 0148 8914 | 030f 8528 | 0000 0048 

  0x000070093cf545d0: ;   {metadata(method data for {method} {0x000070091c066808} 'invoke' '(Ljava/lang/Object;[Ljava/lang/Object;)Ljava/lang/Object;' in 'java/lang/reflect/Method')}
  0x000070093cf545d0: 8bfe 48bb | 4842 bd1c | 0970 0000 | 4883 8340 | 0200 0001 

  0x000070093cf545e4: ;   {optimized virtual_call}
  0x000070093cf545e4: 6666 90e8 

  0x000070093cf545e8: ; ImmutableOopMap {[80]=Oop [88]=Oop [104]=Oop }
                      ;*invokevirtual acquireMethodAccessor {reexecute=0 rethrow=0 return_oop=0}
                      ; - java.lang.reflect.Method::invoke@75
  0x000070093cf545e8: cd02 0000 

  0x000070093cf545ec: ;   {post_call_nop}
  0x000070093cf545ec: 0f1f 8400 | e404 0003 | 488b f88b | 4424 6085 

  0x000070093cf545fc: ;   {metadata(method data for {method} {0x000070091c066808} 'invoke' '(Ljava/lang/Object;[Ljava/lang/Object;)Ljava/lang/Object;' in 'java/lang/reflect/Method')}
  0x000070093cf545fc: c048 ba48 | 42bd 1c09 | 7000 00b9 | 7002 0000 | 7405 b980 | 0200 004c | 8b04 0a4d | 8d40 014c 
  0x000070093cf5461c: 8904 0a0f | 84da 0000 | 004c 8b44 | 2468 483b | 0748 8bd7 

  0x000070093cf54630: ;   {metadata(method data for {method} {0x000070091c066808} 'invoke' '(Ljava/lang/Object;[Ljava/lang/Object;)Ljava/lang/Object;' in 'java/lang/reflect/Method')}
  0x000070093cf54630: 48b9 4842 | bd1c 0970 | 0000 8b52 | 0848 3b91 | 9802 0000 | 750d 4883 | 81a0 0200 | 0001 e960 
  0x000070093cf54650: 0000 0048 | 3b91 a802 | 0000 750d | 4883 81b0 | 0200 0001 | e94a 0000 | 0048 83b9 | 9802 0000 
  0x000070093cf54670: 0075 1748 | 8991 9802 | 0000 48c7 | 81a0 0200 | 0001 0000 | 00e9 2900 | 0000 4883 | b9a8 0200 
  0x000070093cf54690: 0000 7517 | 4889 91a8 | 0200 0048 | c781 b002 | 0000 0100 | 0000 e908 | 0000 0048 | 8381 9002 
  0x000070093cf546b0: 0000 0148 | 8b54 2450 | 488b 4c24 | 5848 8bf7 | 0f1f 4400 | 0048 b830 | df64 0009 

  0x000070093cf546cc: ;   {virtual_call}
  0x000070093cf546cc: 7000 00e8 

  0x000070093cf546d0: ; ImmutableOopMap {}
                      ;*invokeinterface invoke {reexecute=0 rethrow=0 return_oop=0}
                      ; - java.lang.reflect.Method::invoke@90
  0x000070093cf546d0: 0c03 4307 

  0x000070093cf546d4: ;   {post_call_nop}
  0x000070093cf546d4: 0f1f 8400 | cc05 0004 

  0x000070093cf546dc: ;   {metadata(method data for {method} {0x000070091c066808} 'invoke' '(Ljava/lang/Object;[Ljava/lang/Object;)Ljava/lang/Object;' in 'java/lang/reflect/Method')}
  0x000070093cf546dc: 48ba 4842 | bd1c 0970 | 0000 ff82 | c002 0000 | 4881 c480 | 0000 005d 

  0x000070093cf546f4: ;   {poll_return}
  0x000070093cf546f4: 493b 6728 | 0f87 0d01 | 0000 c348 | 8b4c 2458 | 488b 5424 | 5048 3b07 

  0x000070093cf5470c: ;   {metadata(method data for {method} {0x000070091c066808} 'invoke' '(Ljava/lang/Object;[Ljava/lang/Object;)Ljava/lang/Object;' in 'java/lang/reflect/Method')}
  0x000070093cf5470c: 488b f748 | bb48 42bd | 1c09 7000 | 008b 7608 | 483b b3e0 | 0200 0075 | 0d48 8383 | e802 0000 
  0x000070093cf5472c: 01e9 6000 | 0000 483b | b3f0 0200 | 0075 0d48 | 8383 f802 | 0000 01e9 | 4a00 0000 | 4883 bbe0 
  0x000070093cf5474c: 0200 0000 | 7517 4889 | b3e0 0200 | 0048 c783 | e802 0000 | 0100 0000 | e929 0000 | 0048 83bb 
  0x000070093cf5476c: f002 0000 | 0075 1748 | 89b3 f002 | 0000 48c7 | 83f8 0200 | 0001 0000 | 00e9 0800 | 0000 4883 
  0x000070093cf5478c: 83d8 0200 | 0001 488b | f748 b858 | df64 0009 

  0x000070093cf5479c: ;   {virtual_call}
  0x000070093cf5479c: 7000 00e8 

  0x000070093cf547a0: ; ImmutableOopMap {}
                      ;*invokeinterface invoke {reexecute=0 rethrow=0 return_oop=0}
                      ; - java.lang.reflect.Method::invoke@102
  0x000070093cf547a0: 6e02 0000 

  0x000070093cf547a4: ;   {post_call_nop}
  0x000070093cf547a4: 0f1f 8400 | 9c06 0005 | 4881 c480 | 0000 005d 

  0x000070093cf547b4: ;   {poll_return}
  0x000070093cf547b4: 493b 6728 | 0f87 6800 

  0x000070093cf547bc: ;   {metadata({method} {0x000070091c066808} 'invoke' '(Ljava/lang/Object;[Ljava/lang/Object;)Ljava/lang/Object;' in 'java/lang/reflect/Method')}
  0x000070093cf547bc: 0000 c349 | ba08 6806 | 1c09 7000 | 004c 8954 | 2408 48c7 | 0424 ffff 

  0x000070093cf547d4: ;   {runtime_call C1 Runtime counter_overflow_blob}
  0x000070093cf547d4: ffff e805 

  0x000070093cf547d8: ; ImmutableOopMap {rsi=Oop rdx=Oop rcx=Oop [72]=Oop [80]=Oop }
                      ;*synchronization entry
                      ; - java.lang.reflect.Method::invoke@-1
  0x000070093cf547d8: f64f 07e9 | 90fa ffff 

  0x000070093cf547e0: ;   {metadata({method} {0x000070091c2703b0} 'isStatic' '(I)Z' in 'java/lang/reflect/Modifier')}
  0x000070093cf547e0: 49ba b003 | 271c 0970 | 0000 4c89 | 5424 0848 | c704 24ff 

  0x000070093cf547f4: ;   {runtime_call C1 Runtime counter_overflow_blob}
  0x000070093cf547f4: ffff ffe8 

  0x000070093cf547f8: ; ImmutableOopMap {rdi=Oop rsi=Oop rcx=Oop [72]=Oop [80]=Oop [88]=Oop }
                      ;*synchronization entry
                      ; - java.lang.reflect.Modifier::isStatic@-1
                      ; - java.lang.reflect.Method::invoke@42
  0x000070093cf547f8: e4f5 4f07 | e9c0 fbff 

  0x000070093cf54800: ;   {runtime_call C1 Runtime throw_null_pointer_exception_blob}
  0x000070093cf54800: ffe8 daa3 

  0x000070093cf54804: ; ImmutableOopMap {rdi=Oop rsi=Oop rcx=Oop rdx=Oop [72]=Oop [80]=Oop [88]=Oop }
                      ;*invokevirtual getClass {reexecute=0 rethrow=0 return_oop=0}
                      ; - java.lang.reflect.Method::invoke@53
                      ;   {runtime_call C1 Runtime throw_null_pointer_exception_blob}
  0x000070093cf54804: 4f07 e8d5 

  0x000070093cf54808: ; ImmutableOopMap {rdi=Oop r8=Oop [80]=Oop [88]=Oop }
                      ;*invokeinterface invoke {reexecute=0 rethrow=0 return_oop=0}
                      ; - java.lang.reflect.Method::invoke@90
                      ;   {internal_word}
  0x000070093cf54808: a34f 0749 | baf4 46f5 | 3c09 7000 | 004d 8997 | 3805 0000 

  0x000070093cf5481c: ;   {runtime_call SafepointBlob}
  0x000070093cf5481c: e93f 2043 

  0x000070093cf54820: ;   {runtime_call C1 Runtime throw_null_pointer_exception_blob}
  0x000070093cf54820: 07e8 baa3 

  0x000070093cf54824: ; ImmutableOopMap {rdx=Oop rcx=Oop rdi=Oop [80]=Oop }
                      ;*invokeinterface invoke {reexecute=0 rethrow=0 return_oop=0}
                      ; - java.lang.reflect.Method::invoke@102
                      ;   {internal_word}
  0x000070093cf54824: 4f07 49ba | b447 f53c | 0970 0000 | 4d89 9738 

  0x000070093cf54834: ;   {runtime_call SafepointBlob}
  0x000070093cf54834: 0500 00e9 | 2420 4307 | 498b 87e0 | 0500 0049 | c787 e005 | 0000 0000 | 0000 49c7 | 87e8 0500 
  0x000070093cf54854: 0000 0000 | 0048 81c4 | 8000 0000 

  0x000070093cf54860: ;   {runtime_call C1 Runtime unwind_exception_blob}
  0x000070093cf54860: 5de9 7a94 | 4f07 f4f4 
[Stub Code]
  0x000070093cf54868: ;   {other}
  0x000070093cf54868: 0f1f 4400 

  0x000070093cf5486c: ;   {static_stub}
  0x000070093cf5486c: 0048 bb00 | 0000 0000 

  0x000070093cf54874: ;   {runtime_call nmethod}
  0x000070093cf54874: 0000 00e9 | fbff ffff 

  0x000070093cf5487c: ;   {static_stub}
  0x000070093cf5487c: 9048 bb00 | 0000 0000 

  0x000070093cf54884: ;   {runtime_call nmethod}
  0x000070093cf54884: 0000 00e9 | fbff ffff 

  0x000070093cf5488c: ;   {static_stub}
  0x000070093cf5488c: 48bb 0000 | 0000 0000 

  0x000070093cf54894: ;   {runtime_call nmethod}
  0x000070093cf54894: 0000 e9fb 

  0x000070093cf54898: ;   {static_stub}
  0x000070093cf54898: ffff ff48 | bb00 0000 | 0000 0000 

  0x000070093cf548a4: ;   {runtime_call nmethod}
  0x000070093cf548a4: 00e9 fbff 

  0x000070093cf548a8: ;   {static_stub}
  0x000070093cf548a8: ffff 48bb | 0000 0000 | 0000 0000 

  0x000070093cf548b4: ;   {runtime_call nmethod}
  0x000070093cf548b4: e9fb ffff 

  0x000070093cf548b8: ;   {static_stub}
  0x000070093cf548b8: ff48 bb20 | 6e06 1c09 

  0x000070093cf548c0: ;   {runtime_call I2C/C2I adapters}
  0x000070093cf548c0: 7000 00e9 | 6a13 4307 
[Exception Handler]
  0x000070093cf548c8: ;   {runtime_call C1 Runtime handle_exception_from_callee_blob}
  0x000070093cf548c8: e813 c14f 

  0x000070093cf548cc: ;   {external_word}
  0x000070093cf548cc: 0748 bf3c | 9797 5709 | 7000 0048 

  0x000070093cf548d8: ;   {runtime_call MacroAssembler::debug64(char*, long, long*)}
  0x000070093cf548d8: 83e4 f0e8 | e07c 3f1a 

  0x000070093cf548e0: ;   {section_word}
  0x000070093cf548e0: f449 bae1 | 48f5 3c09 | 7000 0041 

  0x000070093cf548ec: ;   {runtime_call DeoptimizationBlob}
  0x000070093cf548ec: 52e9 6e22 | 4307 f4f4 | f4f4 f4f4 
[/MachCode]


Compiled method (c1) 3756  497       3       java.lang.invoke.DirectMethodHandle$Holder::invokeStatic (15 bytes)
 total in heap  [0x000070093ce89e08,0x000070093ce8a368] = 1376
 main code      [0x000070093ce89f00,0x000070093ce8a318] = 1048
 stub code      [0x000070093ce8a318,0x000070093ce8a368] = 80
 mutable data [0x00007009000c2500,0x00007009000c2570] = 112
 relocation     [0x00007009000c2500,0x00007009000c2560] = 96
 metadata       [0x00007009000c2560,0x00007009000c2570] = 16
 immutable data [0x00007009000c2420,0x00007009000c24f0] = 208
 dependencies   [0x00007009000c2420,0x00007009000c2428] = 8
 nul chk table  [0x00007009000c2428,0x00007009000c2438] = 16
 scopes pcs     [0x00007009000c2438,0x00007009000c24a8] = 112
 scopes data    [0x00007009000c24a8,0x00007009000c24f0] = 72

[Constant Pool (empty)]

[MachCode]
[Verified Entry Point]
  # {method} {0x000070091c357db0} 'invokeStatic' '(Ljava/lang/Object;Ljava/lang/Object;Ljava/lang/Object;)Ljava/lang/Object;' in 'java/lang/invoke/DirectMethodHandle$Holder'
  # parm0:    rsi:rsi   = 'java/lang/Object'
  # parm1:    rdx:rdx   = 'java/lang/Object'
  # parm2:    rcx:rcx   = 'java/lang/Object'
  #           [sp+0x50]  (sp of caller)
  0x000070093ce89f00: 8984 2400 | c0fe ff55 | 4883 ec40 | 4181 7f20 | 0700 0000 

  0x000070093ce89f14: ;   {runtime_call Stub::method_entry_barrier}
  0x000070093ce89f14: 7405 e805 

  0x000070093ce89f18: ;   {metadata(method data for {method} {0x000070091c357db0} 'invokeStatic' '(Ljava/lang/Object;Ljava/lang/Object;Ljava/lang/Object;)Ljava/lang/Object;' in 'java/lang/invoke/DirectMethodHandle$Holder')}
  0x000070093ce89f18: 204e 0748 | bfb8 9a8c | 1c09 7000 | 0048 8dbf | e001 0000 | 4885 f675 | 0cf6 0701 | 7522 f048 
  0x000070093ce89f38: 830f 01eb | 1b8b 5e08 | 4c8b d348 | 331f 48f7 | c3fc ffff | ff74 09f6 | c302 7504 | 4883 0f02 
  0x000070093ce89f58: 4885 d275 | 0ef6 4710 | 0175 25f0 | 4883 4f10 | 01eb 1d8b | 5a08 4c8b | d348 335f | 1048 f7c3 
  0x000070093ce89f78: fcff ffff | 740a f6c3 | 0275 0548 | 834f 1002 

  0x000070093ce89f88: ;   {metadata(method data for {method} {0x000070091c357db0} 'invokeStatic' '(Ljava/lang/Object;Ljava/lang/Object;Ljava/lang/Object;)Ljava/lang/Object;' in 'java/lang/invoke/DirectMethodHandle$Holder')}
  0x000070093ce89f88: 48bf b89a | 8c1c 0970 | 0000 8b9f | 9000 0000 | 83c3 0289 | 9f90 0000 | 0081 e3fe | 0700 0085 
  0x000070093ce89fa8: db0f 84d8 

  0x000070093ce89fac: ;   {metadata(method data for {method} {0x000070091c357db0} 'invokeStatic' '(Ljava/lang/Object;Ljava/lang/Object;Ljava/lang/Object;)Ljava/lang/Object;' in 'java/lang/invoke/DirectMethodHandle$Holder')}
  0x000070093ce89fac: 0200 0048 | bfb8 9a8c | 1c09 7000 | 0048 8dbf | e800 0000 | 4885 f675 | 0ef6 4708 | 0175 45f0 
  0x000070093ce89fcc: 4883 4f08 | 01eb 3d8b | 5e08 4c8b | d348 335f | 0848 f7c3 | fcff ffff | 742a f6c3 | 0275 2548 
  0x000070093ce89fec: f747 08fe | ffff ff74 | 1749 8bda | 4833 5f08 | 48f7 c3fc | ffff ff74 | 0b48 834f | 0802 eb04 
  0x000070093ce8a00c: 4889 5f08 

  0x000070093ce8a010: ;   {metadata(method data for {method} {0x000070091c357db0} 'invokeStatic' '(Ljava/lang/Object;Ljava/lang/Object;Ljava/lang/Object;)Ljava/lang/Object;' in 'java/lang/invoke/DirectMethodHandle$Holder')}
  0x000070093ce8a010: 48bf b89a | 8c1c 0970 | 0000 4883 | 87d8 0000 

  0x000070093ce8a020: ;   {metadata(method data for {method} {0x000070091c079a70} 'internalMemberName' '(Ljava/lang/Object;)Ljava/lang/Object;' in 'java/lang/invoke/DirectMethodHandle')}
  0x000070093ce8a020: 0001 48bf | 689a 8a1c | 0970 0000 | 8b9f 9000 | 0000 83c3 | 0289 9f90 | 0000 0081 | e3fe ff1f 
  0x000070093ce8a040: 0085 db0f | 845f 0200 | 0048 85f6 

  0x000070093ce8a04c: ;   {metadata(method data for {method} {0x000070091c079a70} 'internalMemberName' '(Ljava/lang/Object;)Ljava/lang/Object;' in 'java/lang/invoke/DirectMethodHandle')}
  0x000070093ce8a04c: 48bb 689a | 8a1c 0970 | 0000 750c | 808b d100 | 0000 01e9 | 9500 0000 | 8b46 0848 | 3b83 e000 
  0x000070093ce8a06c: 0000 750d | 4883 83e8 | 0000 0001 | e960 0000 | 0048 3b83 | f000 0000 | 750d 4883 | 83f8 0000 
  0x000070093ce8a08c: 0001 e94a | 0000 0048 | 83bb e000 | 0000 0075 | 1748 8983 | e000 0000 | 48c7 83e8 | 0000 0001 
  0x000070093ce8a0ac: 0000 00e9 | 2900 0000 | 4883 bbf0 | 0000 0000 | 7517 4889 | 83f0 0000 | 0048 c783 | f800 0000 
  0x000070093ce8a0cc: 0100 0000 | e908 0000 | 0048 8383 | d800 0000 

  0x000070093ce8a0dc: ;   {metadata('java/lang/invoke/DirectMethodHandle')}
  0x000070093ce8a0dc: 0148 b850 | cb00 1e00 | 0000 008b | 5e08 483b | 4340 0f85 | d501 0000 | e900 0000 | 008b 7e20 
  0x000070093ce8a0fc: ;   {metadata(method data for {method} {0x000070091c357db0} 'invokeStatic' '(Ljava/lang/Object;Ljava/lang/Object;Ljava/lang/Object;)Ljava/lang/Object;' in 'java/lang/invoke/DirectMethodHandle$Holder')}
  0x000070093ce8a0fc: 48be b89a | 8c1c 0970 | 0000 488d | b6f8 0000 | 0048 85ff | 750c f606 | 0175 46f0 | 4883 0e01 
  0x000070093ce8a11c: ;   {metadata('java/lang/invoke/MemberName')}
  0x000070093ce8a11c: eb3f 48bb | 90d1 001e | 0000 0000 | 4c8b d348 | 331e 48f7 | c3fc ffff | ff74 26f6 | c302 7521 
  0x000070093ce8a13c: 48f7 06fe | ffff ff74 | 1549 8bda | 4833 1e48 | f7c3 fcff | ffff 7409 | 4883 0e02 | eb03 4889 
  0x000070093ce8a15c: ;   {metadata(method data for {method} {0x000070091c357db0} 'invokeStatic' '(Ljava/lang/Object;Ljava/lang/Object;Ljava/lang/Object;)Ljava/lang/Object;' in 'java/lang/invoke/DirectMethodHandle$Holder')}
  0x000070093ce8a15c: 1e48 beb8 | 9a8c 1c09 | 7000 0048 | 8db6 4801 | 0000 4885 | d275 0ef6 | 4608 0175 | 25f0 4883 
  0x000070093ce8a17c: 4e08 01eb | 1d8b 5a08 | 4c8b d348 | 335e 0848 | f7c3 fcff | ffff 740a | f6c3 0275 | 0548 834e 
  0x000070093ce8a19c: 0802 4885 | c975 0ef6 | 4618 0175 | 45f0 4883 | 4e18 01eb | 3d8b 5908 | 4c8b d348 | 335e 1848 
  0x000070093ce8a1bc: f7c3 fcff | ffff 742a | f6c3 0275 | 2548 f746 | 18fe ffff | ff74 1749 | 8bda 4833 | 5e18 48f7 
  0x000070093ce8a1dc: c3fc ffff | ff74 0b48 | 834e 1802 | eb04 4889 

  0x000070093ce8a1ec: ;   {metadata(method data for {method} {0x000070091c357db0} 'invokeStatic' '(Ljava/lang/Object;Ljava/lang/Object;Ljava/lang/Object;)Ljava/lang/Object;' in 'java/lang/invoke/DirectMethodHandle$Holder')}
  0x000070093ce8a1ec: 5e18 48be | b89a 8c1c | 0970 0000 | 4883 8638 | 0100 0001 | 488b f248 | 8bd1 488b | cf66 0f1f 
  0x000070093ce8a20c: ;   {static_call}
  0x000070093ce8a20c: 4400 00e8 

  0x000070093ce8a210: ; ImmutableOopMap {}
                      ;*invokestatic linkToStatic {reexecute=0 rethrow=0 return_oop=0}
                      ; - java.lang.invoke.DirectMethodHandle$Holder::invokeStatic@11
  0x000070093ce8a210: 6cfe a307 

  0x000070093ce8a214: ;   {post_call_nop}
  0x000070093ce8a214: 0f1f 8400 | 0c04 0000 

  0x000070093ce8a21c: ;   {metadata(method data for {method} {0x000070091c357db0} 'invokeStatic' '(Ljava/lang/Object;Ljava/lang/Object;Ljava/lang/Object;)Ljava/lang/Object;' in 'java/lang/invoke/DirectMethodHandle$Holder')}
  0x000070093ce8a21c: 48be b89a | 8c1c 0970 | 0000 488d | b668 0100 | 0048 85c0 | 750c f606 | 0175 40f0 | 4883 0e01 
  0x000070093ce8a23c: eb39 8b78 | 084c 8bd7 | 4833 3e48 | f7c7 fcff | ffff 7427 | 40f6 c702 | 7521 48f7 | 06fe ffff 
  0x000070093ce8a25c: ff74 1549 | 8bfa 4833 | 3e48 f7c7 | fcff ffff | 7409 4883 | 0e02 eb03 | 4889 3e48 | 83c4 405d 
  0x000070093ce8a27c: ;   {poll_return}
  0x000070093ce8a27c: 493b 6728 | 0f87 5100 

  0x000070093ce8a284: ;   {metadata({method} {0x000070091c357db0} 'invokeStatic' '(Ljava/lang/Object;Ljava/lang/Object;Ljava/lang/Object;)Ljava/lang/Object;' in 'java/lang/invoke/DirectMethodHandle$Holder')}
  0x000070093ce8a284: 0000 c349 | bab0 7d35 | 1c09 7000 | 004c 8954 | 2408 48c7 | 0424 ffff 

  0x000070093ce8a29c: ;   {runtime_call C1 Runtime counter_overflow_blob}
  0x000070093ce8a29c: ffff e83d 

  0x000070093ce8a2a0: ; ImmutableOopMap {rsi=Oop rdx=Oop rcx=Oop }
                      ;*synchronization entry
                      ; - java.lang.invoke.DirectMethodHandle$Holder::invokeStatic@-1
  0x000070093ce8a2a0: 9b5c 07e9 | 07fd ffff 

  0x000070093ce8a2a8: ;   {metadata({method} {0x000070091c079a70} 'internalMemberName' '(Ljava/lang/Object;)Ljava/lang/Object;' in 'java/lang/invoke/DirectMethodHandle')}
  0x000070093ce8a2a8: 49ba 709a | 071c 0970 | 0000 4c89 | 5424 0848 | c704 24ff 

  0x000070093ce8a2bc: ;   {runtime_call C1 Runtime counter_overflow_blob}
  0x000070093ce8a2bc: ffff ffe8 

  0x000070093ce8a2c0: ; ImmutableOopMap {rsi=Oop rdx=Oop rcx=Oop }
                      ;*synchronization entry
                      ; - java.lang.invoke.DirectMethodHandle::internalMemberName@-1
                      ; - java.lang.invoke.DirectMethodHandle$Holder::invokeStatic@1
  0x000070093ce8a2c0: 1c9b 5c07 | e980 fdff | ff48 8934 

  0x000070093ce8a2cc: ;   {runtime_call C1 Runtime throw_class_cast_exception_blob}
  0x000070093ce8a2cc: 24e8 0e6d 

  0x000070093ce8a2d0: ; ImmutableOopMap {rdx=Oop rcx=Oop }
                      ;*checkcast {reexecute=0 rethrow=0 return_oop=0}
                      ; - java.lang.invoke.DirectMethodHandle::internalMemberName@1
                      ; - java.lang.invoke.DirectMethodHandle$Holder::invokeStatic@1
                      ;   {runtime_call C1 Runtime throw_null_pointer_exception_blob}
  0x000070093ce8a2d0: 5c07 e809 

  0x000070093ce8a2d4: ; ImmutableOopMap {rdx=Oop rcx=Oop }
                      ;*getfield member {reexecute=1 rethrow=0 return_oop=0}
                      ; - (reexecute) java.lang.invoke.DirectMethodHandle::internalMemberName@4
                      ; - java.lang.invoke.DirectMethodHandle$Holder::invokeStatic@1
                      ;   {internal_word}
  0x000070093ce8a2d4: 495c 0749 | ba7c a2e8 | 3c09 7000 | 004d 8997 | 3805 0000 

  0x000070093ce8a2e8: ;   {runtime_call SafepointBlob}
  0x000070093ce8a2e8: e973 c54f | 0749 8b87 | e005 0000 | 49c7 87e0 | 0500 0000 | 0000 0049 | c787 e805 | 0000 0000 
  0x000070093ce8a308: 0000 4883 

  0x000070093ce8a30c: ;   {runtime_call C1 Runtime unwind_exception_blob}
  0x000070093ce8a30c: c440 5de9 | cc39 5c07 | f4f4 f4f4 
[Stub Code]
  0x000070093ce8a318: ;   {static_stub}
  0x000070093ce8a318: 48bb 0000 | 0000 0000 

  0x000070093ce8a320: ;   {runtime_call nmethod}
  0x000070093ce8a320: 0000 e9fb 

  0x000070093ce8a324: ;   {runtime_call C1 Runtime handle_exception_from_callee_blob}
  0x000070093ce8a324: ffff ffe8 | b466 5c07 

  0x000070093ce8a32c: ;   {external_word}
  0x000070093ce8a32c: 48bf 3c97 | 9757 0970 | 0000 4883 

  0x000070093ce8a338: ;   {runtime_call MacroAssembler::debug64(char*, long, long*)}
  0x000070093ce8a338: e4f0 e881 | 224c 1af4 
[Deopt Handler Code]
  0x000070093ce8a340: ;   {section_word}
  0x000070093ce8a340: 49ba 40a3 | e83c 0970 | 0000 4152 

  0x000070093ce8a34c: ;   {runtime_call DeoptimizationBlob}
  0x000070093ce8a34c: e90f c84f 

  0x000070093ce8a350: ;   {section_word}
  0x000070093ce8a350: 0749 ba51 | a3e8 3c09 | 7000 0041 

  0x000070093ce8a35c: ;   {runtime_call DeoptimizationBlob}
  0x000070093ce8a35c: 52e9 fec7 | 4f07 f4f4 | f4f4 f4f4 
[/MachCode]


---------------  P R O C E S S  ---------------

Threads class SMR info:
_java_thread_list=0x0000700838008d40, length=43, elements={
0x000070095002e450, 0x000070095013bb50, 0x000070095013d300, 0x000070095013ed30,
0x0000700950140580, 0x0000700950141d30, 0x0000700950143a60, 0x0000700950145380,
0x0000700950210260, 0x0000700950212b40, 0x000070090038d920, 0x000070095089c0b0,
0x00007008cc001730, 0x000070095089d6c0, 0x00007009507c4590, 0x00007009507c4e40,
0x00007009507c5cb0, 0x00007009507cebb0, 0x000070095064a120, 0x000070095064b690,
0x00007009506583f0, 0x00007008ac0056c0, 0x00007008a0000f30, 0x00007009006d6eb0,
0x0000700950933aa0, 0x00007008a8022b90, 0x00007008a82cf940, 0x0000700950936310,
0x00007008b404e280, 0x0000700950918ce0, 0x0000700950a00350, 0x0000700950a01640,
0x0000700950c10020, 0x000070086c01cf00, 0x0000700850000f30, 0x0000700850002520,
0x0000700950e5a180, 0x0000700950782bb0, 0x000070095104d8a0, 0x0000700844000f30,
0x0000700951144c10, 0x0000700838005710, 0x00007008380079b0
}

Java Threads: ( => current thread )
=>0x000070095002e450 JavaThread "main"                              [_thread_in_native, id=11048, stack(0x0000700957f00000,0x0000700958000000) (1024K)]
  0x000070095013bb50 JavaThread "Reference Handler"          daemon [_thread_blocked, id=11056, stack(0x000070093c300000,0x000070093c400000) (1024K)]
  0x000070095013d300 JavaThread "Finalizer"                  daemon [_thread_blocked, id=11057, stack(0x000070093c200000,0x000070093c300000) (1024K)]
  0x000070095013ed30 JavaThread "Signal Dispatcher"          daemon [_thread_blocked, id=11058, stack(0x000070093c100000,0x000070093c200000) (1024K)]
  0x0000700950140580 JavaThread "Service Thread"             daemon [_thread_blocked, id=11059, stack(0x000070093c000000,0x000070093c100000) (1024K)]
  0x0000700950141d30 JavaThread "Monitor Deflation Thread"   daemon [_thread_blocked, id=11060, stack(0x000070092df00000,0x000070092e000000) (1024K)]
  0x0000700950143a60 JavaThread "C2 CompilerThread0"         daemon [_thread_blocked, id=11061, stack(0x000070092de00000,0x000070092df00000) (1024K)]
  0x0000700950145380 JavaThread "C1 CompilerThread0"         daemon [_thread_blocked, id=11062, stack(0x000070092dd00000,0x000070092de00000) (1024K)]
  0x0000700950210260 JavaThread "Notification Thread"        daemon [_thread_blocked, id=11063, stack(0x000070092dc00000,0x000070092dd00000) (1024K)]
  0x0000700950212b40 JavaThread "Common-Cleaner"             daemon [_thread_blocked, id=11064, stack(0x000070092db00000,0x000070092dc00000) (1024K)]
  0x000070090038d920 JavaThread "C2 CompilerThread1"         daemon [_thread_blocked, id=11071, stack(0x00007008f05f9000,0x00007008f06f9000) (1024K)]
  0x000070095089c0b0 JavaThread "Equinox resolver thread - Equinox Container: 03c386dc-b1b5-49e6-ba1a-da8088f8f918" daemon [_thread_blocked, id=11072, stack(0x00007008f04f9000,0x00007008f05f9000) (1024K)]
  0x00007008cc001730 JavaThread "Equinox resolver thread - Equinox Container: 03c386dc-b1b5-49e6-ba1a-da8088f8f918" daemon [_thread_blocked, id=11073, stack(0x00007008f03f9000,0x00007008f04f9000) (1024K)]
  0x000070095089d6c0 JavaThread "Equinox resolver thread - Equinox Container: 03c386dc-b1b5-49e6-ba1a-da8088f8f918" daemon [_thread_blocked, id=11074, stack(0x00007008f02f9000,0x00007008f03f9000) (1024K)]
  0x00007009507c4590 JavaThread "Equinox resolver thread - Equinox Container: 03c386dc-b1b5-49e6-ba1a-da8088f8f918" daemon [_thread_blocked, id=11075, stack(0x00007008f01f9000,0x00007008f02f9000) (1024K)]
  0x00007009507c4e40 JavaThread "Equinox resolver thread - Equinox Container: 03c386dc-b1b5-49e6-ba1a-da8088f8f918" daemon [_thread_blocked, id=11076, stack(0x00007008f00f9000,0x00007008f01f9000) (1024K)]
  0x00007009507c5cb0 JavaThread "Equinox resolver thread - Equinox Container: 03c386dc-b1b5-49e6-ba1a-da8088f8f918" daemon [_thread_blocked, id=11077, stack(0x00007008c3f00000,0x00007008c4000000) (1024K)]
  0x00007009507cebb0 JavaThread "Active Thread: Equinox Container: 03c386dc-b1b5-49e6-ba1a-da8088f8f918"        [_thread_blocked, id=11078, stack(0x00007008c3e00000,0x00007008c3f00000) (1024K)]
  0x000070095064a120 JavaThread "Framework Event Dispatcher: Equinox Container: 03c386dc-b1b5-49e6-ba1a-da8088f8f918" daemon [_thread_blocked, id=11079, stack(0x00007008c3d00000,0x00007008c3e00000) (1024K)]
  0x000070095064b690 JavaThread "Start Level: Equinox Container: 03c386dc-b1b5-49e6-ba1a-da8088f8f918" daemon [_thread_blocked, id=11080, stack(0x00007008c3c00000,0x00007008c3d00000) (1024K)]
  0x00007009506583f0 JavaThread "Refresh Thread: Equinox Container: 03c386dc-b1b5-49e6-ba1a-da8088f8f918" daemon [_thread_blocked, id=11081, stack(0x00007008c3b00000,0x00007008c3c00000) (1024K)]
  0x00007008ac0056c0 JavaThread "Equinox resolver thread - Equinox Container: 03c386dc-b1b5-49e6-ba1a-da8088f8f918" daemon [_thread_blocked, id=11082, stack(0x00007008c3a00000,0x00007008c3b00000) (1024K)]
  0x00007008a0000f30 JavaThread "Equinox resolver thread - Equinox Container: 03c386dc-b1b5-49e6-ba1a-da8088f8f918" daemon [_thread_blocked, id=11083, stack(0x00007008c3900000,0x00007008c3a00000) (1024K)]
  0x00007009006d6eb0 JavaThread "C2 CompilerThread2"         daemon [_thread_blocked, id=11091, stack(0x00007008c30f9000,0x00007008c31f9000) (1024K)]
  0x0000700950933aa0 JavaThread "Bundle File Closer"         daemon [_thread_blocked, id=11092, stack(0x00007008c2ff9000,0x00007008c30f9000) (1024K)]
  0x00007008a8022b90 JavaThread "SCR Component Actor"        daemon [_thread_blocked, id=11094, stack(0x00007008c2df8000,0x00007008c2ef8000) (1024K)]
  0x00007008a82cf940 JavaThread "EMF Reference Cleaner"      daemon [_thread_blocked, id=11095, stack(0x00007008c2cf8000,0x00007008c2df8000) (1024K)]
  0x0000700950936310 JavaThread "Gogo shell"                        [_thread_blocked, id=11096, stack(0x00007008c2bf8000,0x00007008c2cf8000) (1024K)]
  0x00007008b404e280 JavaThread "Worker-JM"                         [_thread_blocked, id=11099, stack(0x00007008c29f8000,0x00007008c2af8000) (1024K)]
  0x0000700950918ce0 JavaThread "Worker-0"                          [_thread_blocked, id=11100, stack(0x00007008c2af8000,0x00007008c2bf8000) (1024K)]
  0x0000700950a00350 JavaThread "Java2D Disposer"            daemon [_thread_blocked, id=11101, stack(0x00007008c24a3000,0x00007008c25a3000) (1024K)]
  0x0000700950a01640 JavaThread "AWT-XAWT"                   daemon [_thread_in_native, id=11102, stack(0x00007008c23a3000,0x00007008c24a3000) (1024K)]
  0x0000700950c10020 JavaThread "Database navigator events processor"        [_thread_blocked, id=11103, stack(0x00007008c22a3000,0x00007008c23a3000) (1024K)]
  0x000070086c01cf00 JavaThread "Worker-2"                          [_thread_blocked, id=11104, stack(0x00007008c1f00000,0x00007008c2000000) (1024K)]
  0x0000700850000f30 JavaThread "Worker-3"                          [_thread_blocked, id=11106, stack(0x00007008c0df8000,0x00007008c0ef8000) (1024K)]
  0x0000700850002520 JavaThread "Worker-4"                          [_thread_blocked, id=11107, stack(0x00007008c0cf8000,0x00007008c0df8000) (1024K)]
  0x0000700950e5a180 JavaThread "idle-timeout-task"          daemon [_thread_blocked, id=11108, stack(0x00007008c0bf8000,0x00007008c0cf8000) (1024K)]
  0x0000700950782bb0 JavaThread "HTTP-Dispatcher"                   [_thread_in_native, id=11109, stack(0x00007008c0af8000,0x00007008c0bf8000) (1024K)]
  0x000070095104d8a0 JavaThread "SWTResourceTracker"         daemon [_thread_blocked, id=11110, stack(0x00007008c09f8000,0x00007008c0af8000) (1024K)]
  0x0000700844000f30 JavaThread "Worker-5"                          [_thread_blocked, id=11111, stack(0x00007008c0848000,0x00007008c0948000) (1024K)]
  0x0000700951144c10 JavaThread "EventAdmin Async Event Dispatcher Thread" daemon [_thread_blocked, id=11113, stack(0x00007008c0748000,0x00007008c0848000) (1024K)]
  0x0000700838005710 JavaThread "pool-2-thread-1"                   [_thread_blocked, id=11114, stack(0x00007008c0648000,0x00007008c0748000) (1024K)]
  0x00007008380079b0 JavaThread "pool-3-thread-1"                   [_thread_blocked, id=11115, stack(0x00007008c0548000,0x00007008c0648000) (1024K)]
Total: 43

Other Threads:
  0x0000700950105df0 VMThread "VM Thread"                           [id=11055, stack(0x000070093c6f8000,0x000070093c7f8000) (1024K)]
  0x00007009500ca1d0 WatcherThread "VM Periodic Task Thread"        [id=11054, stack(0x000070093c7f9000,0x000070093c8f9000) (1024K)]
  0x0000700950071190 WorkerThread "GC Thread#0"                     [id=11049, stack(0x0000700955c0d000,0x0000700955d0d000) (1024K)]
  0x0000700914007db0 WorkerThread "GC Thread#1"                     [id=11084, stack(0x00007008c3800000,0x00007008c3900000) (1024K)]
  0x0000700914008980 WorkerThread "GC Thread#2"                     [id=11085, stack(0x00007008c36ff000,0x00007008c37ff000) (1024K)]
  0x0000700914009700 WorkerThread "GC Thread#3"                     [id=11086, stack(0x00007008c35fe000,0x00007008c36fe000) (1024K)]
  0x000070091400fa00 WorkerThread "GC Thread#4"                     [id=11087, stack(0x00007008c34fd000,0x00007008c35fd000) (1024K)]
  0x00007009140105f0 WorkerThread "GC Thread#5"                     [id=11088, stack(0x00007008c33fc000,0x00007008c34fc000) (1024K)]
  0x00007009140113b0 WorkerThread "GC Thread#6"                     [id=11089, stack(0x00007008c32fb000,0x00007008c33fb000) (1024K)]
  0x0000700914012570 WorkerThread "GC Thread#7"                     [id=11090, stack(0x00007008c31fa000,0x00007008c32fa000) (1024K)]
  0x000070095007e960 ConcurrentGCThread "G1 Main Marker"            [id=11050, stack(0x0000700954700000,0x0000700954800000) (1024K)]
  0x000070095007fa60 WorkerThread "G1 Conc#0"                       [id=11051, stack(0x00007009545ff000,0x00007009546ff000) (1024K)]
  0x0000700930000cd0 WorkerThread "G1 Conc#1"                       [id=11093, stack(0x00007008c2ef9000,0x00007008c2ff9000) (1024K)]
  0x00007009500bd0a0 ConcurrentGCThread "G1 Refine#0"               [id=11052, stack(0x000070093c9fb000,0x000070093cafb000) (1024K)]
  0x00007009500be290 ConcurrentGCThread "G1 Service"                [id=11053, stack(0x000070093c8fa000,0x000070093c9fa000) (1024K)]
Total: 15

Threads with active compile tasks:
Total: 0

VM state: not at safepoint (normal execution)

VM Mutex/Monitor currently owned by a thread: None

Heap address: 0x00000000c0000000, size: 1024 MB, Compressed Oops mode: 32-bit

CDS archive(s) not mapped
Compressed class space mapped at: 0x000000001e000000-0x000000005e000000, reserved size: 1073741824
UseCompressedClassPointers 1, UseCompactObjectHeaders 0
Narrow klass pointer bits 32, Max shift 3
Narrow klass base: 0x0000000000000000, Narrow klass shift: 0
Encoding Range: [0x0000000000000000 - 0x0000000100000000), (4294967296 bytes)
Klass Range:    [0x000000001e000000 - 0x000000005e000000), (1073741824 bytes)
Klass ID Range:  [503316480 - 1577058297) (1073741817)
No protection zone.

GC Precious Log:
 CardTable entry size: 512
 Card Set container configuration: InlinePtr #cards 5 size 8 Array Of Cards #cards 10 size 36 Howl #buckets 4 coarsen threshold 1843 Howl Bitmap #cards 512 size 80 coarsen threshold 460 Card regions per heap region 1 cards per card region 2048
 CPUs: 8 total, 8 available
 Memory: 15914M
 Large Page Support: Disabled
 NUMA Support: Disabled
 Compressed Oops: Enabled (32-bit)
 Heap Region Size: 1M
 Heap Min Capacity: 64M
 Heap Initial Capacity: 64M
 Heap Max Capacity: 1G
 Pre-touch: Disabled
 Parallel Workers: 8
 Concurrent Workers: 2
 Concurrent Refinement Workers: 8
 Periodic GC: Disabled

Heap:
 garbage-first heap   total reserved 1048576K, committed 140288K, used 78496K [0x00000000c0000000, 0x0000000100000000)
  region size 1024K, 46 young (47104K), 11 survivors (11264K)

Heap Regions: E=young(eden), S=young(survivor), O=old, HS=humongous(starts), HC=humongous(continues), CS=collection set, F=free, TAMS=top-at-mark-start, PB=parsable bottom
|   0|0x00000000c0000000, 0x00000000c0100000, 0x00000000c0100000|100%| O|  |TAMS 0x00000000c0000000| PB 0x00000000c0000000| Untracked |  0
|   1|0x00000000c0100000, 0x00000000c0200000, 0x00000000c0200000|100%| O|  |TAMS 0x00000000c0100000| PB 0x00000000c0100000| Untracked |  0
|   2|0x00000000c0200000, 0x00000000c0300000, 0x00000000c0300000|100%| O|  |TAMS 0x00000000c0200000| PB 0x00000000c0200000| Untracked |  0
|   3|0x00000000c0300000, 0x00000000c0400000, 0x00000000c0400000|100%| O|  |TAMS 0x00000000c0300000| PB 0x00000000c0300000| Untracked |  0
|   4|0x00000000c0400000, 0x00000000c0500000, 0x00000000c0500000|100%| O|  |TAMS 0x00000000c0400000| PB 0x00000000c0400000| Untracked |  0
|   5|0x00000000c0500000, 0x00000000c0600000, 0x00000000c0600000|100%| O|  |TAMS 0x00000000c0500000| PB 0x00000000c0500000| Untracked |  0
|   6|0x00000000c0600000, 0x00000000c0700000, 0x00000000c0700000|100%| O|  |TAMS 0x00000000c0600000| PB 0x00000000c0600000| Untracked |  0
|   7|0x00000000c0700000, 0x00000000c0800000, 0x00000000c0800000|100%| O|  |TAMS 0x00000000c0700000| PB 0x00000000c0700000| Untracked |  0
|   8|0x00000000c0800000, 0x00000000c0900000, 0x00000000c0900000|100%| O|  |TAMS 0x00000000c0800000| PB 0x00000000c0800000| Untracked |  0
|   9|0x00000000c0900000, 0x00000000c0a00000, 0x00000000c0a00000|100%| O|  |TAMS 0x00000000c0900000| PB 0x00000000c0900000| Untracked |  0
|  10|0x00000000c0a00000, 0x00000000c0b00000, 0x00000000c0b00000|100%| O|  |TAMS 0x00000000c0a00000| PB 0x00000000c0a00000| Untracked |  0
|  11|0x00000000c0b00000, 0x00000000c0c00000, 0x00000000c0c00000|100%|HS|  |TAMS 0x00000000c0b00000| PB 0x00000000c0b00000| Complete |  0
|  12|0x00000000c0c00000, 0x00000000c0d00000, 0x00000000c0d00000|100%| O|  |TAMS 0x00000000c0c00000| PB 0x00000000c0c00000| Untracked |  0
|  13|0x00000000c0d00000, 0x00000000c0e00000, 0x00000000c0e00000|100%| O|  |TAMS 0x00000000c0d00000| PB 0x00000000c0d00000| Untracked |  0
|  14|0x00000000c0e00000, 0x00000000c0f00000, 0x00000000c0f00000|100%| O|  |TAMS 0x00000000c0e00000| PB 0x00000000c0e00000| Untracked |  0
|  15|0x00000000c0f00000, 0x00000000c1000000, 0x00000000c1000000|100%| O|  |TAMS 0x00000000c0f00000| PB 0x00000000c0f00000| Untracked |  0
|  16|0x00000000c1000000, 0x00000000c10db8f8, 0x00000000c1100000| 85%| O|  |TAMS 0x00000000c1000000| PB 0x00000000c1000000| Untracked |  0
|  17|0x00000000c1100000, 0x00000000c1200000, 0x00000000c1200000|100%|HS|  |TAMS 0x00000000c1100000| PB 0x00000000c1100000| Complete |  0
|  18|0x00000000c1200000, 0x00000000c1300000, 0x00000000c1300000|100%|HS|  |TAMS 0x00000000c1200000| PB 0x00000000c1200000| Complete |  0
|  19|0x00000000c1300000, 0x00000000c1400000, 0x00000000c1400000|100%|HS|  |TAMS 0x00000000c1300000| PB 0x00000000c1300000| Complete |  0
|  20|0x00000000c1400000, 0x00000000c1500000, 0x00000000c1500000|100%| O|  |TAMS 0x00000000c1400000| PB 0x00000000c1400000| Untracked |  0
|  21|0x00000000c1500000, 0x00000000c1600000, 0x00000000c1600000|100%|HS|  |TAMS 0x00000000c1500000| PB 0x00000000c1500000| Complete |  0
|  22|0x00000000c1600000, 0x00000000c1600000, 0x00000000c1700000|  0%| F|  |TAMS 0x00000000c1600000| PB 0x00000000c1600000| Untracked |  0
|  23|0x00000000c1700000, 0x00000000c1700000, 0x00000000c1800000|  0%| F|  |TAMS 0x00000000c1700000| PB 0x00000000c1700000| Untracked |  0
|  24|0x00000000c1800000, 0x00000000c1800000, 0x00000000c1900000|  0%| F|  |TAMS 0x00000000c1800000| PB 0x00000000c1800000| Untracked |  0
|  25|0x00000000c1900000, 0x00000000c1900000, 0x00000000c1a00000|  0%| F|  |TAMS 0x00000000c1900000| PB 0x00000000c1900000| Untracked |  0
|  26|0x00000000c1a00000, 0x00000000c1a00000, 0x00000000c1b00000|  0%| F|  |TAMS 0x00000000c1a00000| PB 0x00000000c1a00000| Untracked |  0
|  27|0x00000000c1b00000, 0x00000000c1b00000, 0x00000000c1c00000|  0%| F|  |TAMS 0x00000000c1b00000| PB 0x00000000c1b00000| Untracked |  0
|  28|0x00000000c1c00000, 0x00000000c1c00000, 0x00000000c1d00000|  0%| F|  |TAMS 0x00000000c1c00000| PB 0x00000000c1c00000| Untracked |  0
|  29|0x00000000c1d00000, 0x00000000c1d00000, 0x00000000c1e00000|  0%| F|  |TAMS 0x00000000c1d00000| PB 0x00000000c1d00000| Untracked |  0
|  30|0x00000000c1e00000, 0x00000000c1e00000, 0x00000000c1f00000|  0%| F|  |TAMS 0x00000000c1e00000| PB 0x00000000c1e00000| Untracked |  0
|  31|0x00000000c1f00000, 0x00000000c1f00000, 0x00000000c2000000|  0%| F|  |TAMS 0x00000000c1f00000| PB 0x00000000c1f00000| Untracked |  0
|  32|0x00000000c2000000, 0x00000000c2000000, 0x00000000c2100000|  0%| F|  |TAMS 0x00000000c2000000| PB 0x00000000c2000000| Untracked |  0
|  33|0x00000000c2100000, 0x00000000c2100000, 0x00000000c2200000|  0%| F|  |TAMS 0x00000000c2100000| PB 0x00000000c2100000| Untracked |  0
|  34|0x00000000c2200000, 0x00000000c2200000, 0x00000000c2300000|  0%| F|  |TAMS 0x00000000c2200000| PB 0x00000000c2200000| Untracked |  0
|  35|0x00000000c2300000, 0x00000000c2300000, 0x00000000c2400000|  0%| F|  |TAMS 0x00000000c2300000| PB 0x00000000c2300000| Untracked |  0
|  36|0x00000000c2400000, 0x00000000c2400000, 0x00000000c2500000|  0%| F|  |TAMS 0x00000000c2400000| PB 0x00000000c2400000| Untracked |  0
|  37|0x00000000c2500000, 0x00000000c2500000, 0x00000000c2600000|  0%| F|  |TAMS 0x00000000c2500000| PB 0x00000000c2500000| Untracked |  0
|  38|0x00000000c2600000, 0x00000000c2600000, 0x00000000c2700000|  0%| F|  |TAMS 0x00000000c2600000| PB 0x00000000c2600000| Untracked |  0
|  39|0x00000000c2700000, 0x00000000c2700000, 0x00000000c2800000|  0%| F|  |TAMS 0x00000000c2700000| PB 0x00000000c2700000| Untracked |  0
|  40|0x00000000c2800000, 0x00000000c2800000, 0x00000000c2900000|  0%| F|  |TAMS 0x00000000c2800000| PB 0x00000000c2800000| Untracked |  0
|  41|0x00000000c2900000, 0x00000000c2900000, 0x00000000c2a00000|  0%| F|  |TAMS 0x00000000c2900000| PB 0x00000000c2900000| Untracked |  0
|  42|0x00000000c2a00000, 0x00000000c2a00000, 0x00000000c2b00000|  0%| F|  |TAMS 0x00000000c2a00000| PB 0x00000000c2a00000| Untracked |  0
|  43|0x00000000c2b00000, 0x00000000c2b00000, 0x00000000c2c00000|  0%| F|  |TAMS 0x00000000c2b00000| PB 0x00000000c2b00000| Untracked |  0
|  44|0x00000000c2c00000, 0x00000000c2c00000, 0x00000000c2d00000|  0%| F|  |TAMS 0x00000000c2c00000| PB 0x00000000c2c00000| Untracked |  0
|  45|0x00000000c2d00000, 0x00000000c2d00000, 0x00000000c2e00000|  0%| F|  |TAMS 0x00000000c2d00000| PB 0x00000000c2d00000| Untracked |  0
|  46|0x00000000c2e00000, 0x00000000c2e00000, 0x00000000c2f00000|  0%| F|  |TAMS 0x00000000c2e00000| PB 0x00000000c2e00000| Untracked |  0
|  47|0x00000000c2f00000, 0x00000000c2f00000, 0x00000000c3000000|  0%| F|  |TAMS 0x00000000c2f00000| PB 0x00000000c2f00000| Untracked |  0
|  48|0x00000000c3000000, 0x00000000c3100000, 0x00000000c3100000|100%| O|  |TAMS 0x00000000c3000000| PB 0x00000000c3000000| Untracked |  0
|  49|0x00000000c3100000, 0x00000000c3100000, 0x00000000c3200000|  0%| F|  |TAMS 0x00000000c3100000| PB 0x00000000c3100000| Untracked |  0
|  50|0x00000000c3200000, 0x00000000c3200000, 0x00000000c3300000|  0%| F|  |TAMS 0x00000000c3200000| PB 0x00000000c3200000| Untracked |  0
|  51|0x00000000c3300000, 0x00000000c3300000, 0x00000000c3400000|  0%| F|  |TAMS 0x00000000c3300000| PB 0x00000000c3300000| Untracked |  0
|  52|0x00000000c3400000, 0x00000000c3400000, 0x00000000c3500000|  0%| F|  |TAMS 0x00000000c3400000| PB 0x00000000c3400000| Untracked |  0
|  53|0x00000000c3500000, 0x00000000c3500000, 0x00000000c3600000|  0%| F|  |TAMS 0x00000000c3500000| PB 0x00000000c3500000| Untracked |  0
|  54|0x00000000c3600000, 0x00000000c3700000, 0x00000000c3700000|100%| O|Cm|TAMS 0x00000000c3600000| PB 0x00000000c3600000| Complete |  0
|  55|0x00000000c3700000, 0x00000000c3800000, 0x00000000c3800000|100%| O|  |TAMS 0x00000000c3700000| PB 0x00000000c3700000| Untracked |  0
|  56|0x00000000c3800000, 0x00000000c3900000, 0x00000000c3900000|100%| O|  |TAMS 0x00000000c3800000| PB 0x00000000c3800000| Untracked |  0
|  57|0x00000000c3900000, 0x00000000c3a00000, 0x00000000c3a00000|100%| O|  |TAMS 0x00000000c3900000| PB 0x00000000c3900000| Untracked |  0
|  58|0x00000000c3a00000, 0x00000000c3b00000, 0x00000000c3b00000|100%| O|  |TAMS 0x00000000c3a00000| PB 0x00000000c3a00000| Untracked |  0
|  59|0x00000000c3b00000, 0x00000000c3c00000, 0x00000000c3c00000|100%| O|  |TAMS 0x00000000c3b00000| PB 0x00000000c3b00000| Untracked |  0
|  60|0x00000000c3c00000, 0x00000000c3d00000, 0x00000000c3d00000|100%| O|  |TAMS 0x00000000c3c00000| PB 0x00000000c3c00000| Untracked |  0
|  61|0x00000000c3d00000, 0x00000000c3e00000, 0x00000000c3e00000|100%| O|  |TAMS 0x00000000c3d00000| PB 0x00000000c3d00000| Untracked |  0
|  62|0x00000000c3e00000, 0x00000000c3f00000, 0x00000000c3f00000|100%| O|  |TAMS 0x00000000c3e00000| PB 0x00000000c3e00000| Untracked |  0
|  63|0x00000000c3f00000, 0x00000000c3fa2058, 0x00000000c4000000| 63%| O|Cm|TAMS 0x00000000c3f00000| PB 0x00000000c3f00000| Complete |  0
|  64|0x00000000c4000000, 0x00000000c4000000, 0x00000000c4100000|  0%| F|  |TAMS 0x00000000c4000000| PB 0x00000000c4000000| Untracked |  0
|  65|0x00000000c4100000, 0x00000000c4100000, 0x00000000c4200000|  0%| F|  |TAMS 0x00000000c4100000| PB 0x00000000c4100000| Untracked |  0
|  66|0x00000000c4200000, 0x00000000c4200000, 0x00000000c4300000|  0%| F|  |TAMS 0x00000000c4200000| PB 0x00000000c4200000| Untracked |  0
|  67|0x00000000c4300000, 0x00000000c4300000, 0x00000000c4400000|  0%| F|  |TAMS 0x00000000c4300000| PB 0x00000000c4300000| Untracked |  0
|  68|0x00000000c4400000, 0x00000000c4400000, 0x00000000c4500000|  0%| F|  |TAMS 0x00000000c4400000| PB 0x00000000c4400000| Untracked |  0
|  69|0x00000000c4500000, 0x00000000c4500000, 0x00000000c4600000|  0%| F|  |TAMS 0x00000000c4500000| PB 0x00000000c4500000| Untracked |  0
|  70|0x00000000c4600000, 0x00000000c4600000, 0x00000000c4700000|  0%| F|  |TAMS 0x00000000c4600000| PB 0x00000000c4600000| Untracked |  0
|  71|0x00000000c4700000, 0x00000000c4700000, 0x00000000c4800000|  0%| F|  |TAMS 0x00000000c4700000| PB 0x00000000c4700000| Untracked |  0
|  72|0x00000000c4800000, 0x00000000c4800000, 0x00000000c4900000|  0%| F|  |TAMS 0x00000000c4800000| PB 0x00000000c4800000| Untracked |  0
|  73|0x00000000c4900000, 0x00000000c4900000, 0x00000000c4a00000|  0%| F|  |TAMS 0x00000000c4900000| PB 0x00000000c4900000| Untracked |  0
|  74|0x00000000c4a00000, 0x00000000c4a00000, 0x00000000c4b00000|  0%| F|  |TAMS 0x00000000c4a00000| PB 0x00000000c4a00000| Untracked |  0
|  75|0x00000000c4b00000, 0x00000000c4b00000, 0x00000000c4c00000|  0%| F|  |TAMS 0x00000000c4b00000| PB 0x00000000c4b00000| Untracked |  0
|  76|0x00000000c4c00000, 0x00000000c4c00000, 0x00000000c4d00000|  0%| F|  |TAMS 0x00000000c4c00000| PB 0x00000000c4c00000| Untracked |  0
|  77|0x00000000c4d00000, 0x00000000c4d00000, 0x00000000c4e00000|  0%| F|  |TAMS 0x00000000c4d00000| PB 0x00000000c4d00000| Untracked |  0
|  78|0x00000000c4e00000, 0x00000000c4e00000, 0x00000000c4f00000|  0%| F|  |TAMS 0x00000000c4e00000| PB 0x00000000c4e00000| Untracked |  0
|  79|0x00000000c4f00000, 0x00000000c4f00000, 0x00000000c5000000|  0%| F|  |TAMS 0x00000000c4f00000| PB 0x00000000c4f00000| Untracked |  0
|  80|0x00000000c5000000, 0x00000000c5000000, 0x00000000c5100000|  0%| F|  |TAMS 0x00000000c5000000| PB 0x00000000c5000000| Untracked |  0
|  81|0x00000000c5100000, 0x00000000c5100000, 0x00000000c5200000|  0%| F|  |TAMS 0x00000000c5100000| PB 0x00000000c5100000| Untracked |  0
|  82|0x00000000c5200000, 0x00000000c5200000, 0x00000000c5300000|  0%| F|  |TAMS 0x00000000c5200000| PB 0x00000000c5200000| Untracked |  0
|  83|0x00000000c5300000, 0x00000000c5300000, 0x00000000c5400000|  0%| F|  |TAMS 0x00000000c5300000| PB 0x00000000c5300000| Untracked |  0
|  84|0x00000000c5400000, 0x00000000c5400000, 0x00000000c5500000|  0%| F|  |TAMS 0x00000000c5400000| PB 0x00000000c5400000| Untracked |  0
|  85|0x00000000c5500000, 0x00000000c5500000, 0x00000000c5600000|  0%| F|  |TAMS 0x00000000c5500000| PB 0x00000000c5500000| Untracked |  0
|  86|0x00000000c5600000, 0x00000000c5600000, 0x00000000c5700000|  0%| F|  |TAMS 0x00000000c5600000| PB 0x00000000c5600000| Untracked |  0
|  87|0x00000000c5700000, 0x00000000c5700000, 0x00000000c5800000|  0%| F|  |TAMS 0x00000000c5700000| PB 0x00000000c5700000| Untracked |  0
|  88|0x00000000c5800000, 0x00000000c5800000, 0x00000000c5900000|  0%| F|  |TAMS 0x00000000c5800000| PB 0x00000000c5800000| Untracked |  0
|  89|0x00000000c5900000, 0x00000000c5900000, 0x00000000c5a00000|  0%| F|  |TAMS 0x00000000c5900000| PB 0x00000000c5900000| Untracked |  0
|  90|0x00000000c5a00000, 0x00000000c5a00000, 0x00000000c5b00000|  0%| F|  |TAMS 0x00000000c5a00000| PB 0x00000000c5a00000| Untracked |  0
|  91|0x00000000c5b00000, 0x00000000c5be55c0, 0x00000000c5c00000| 89%| E|  |TAMS 0x00000000c5b00000| PB 0x00000000c5b00000| Complete |  0
|  92|0x00000000c5c00000, 0x00000000c5d00000, 0x00000000c5d00000|100%| E|CS|TAMS 0x00000000c5c00000| PB 0x00000000c5c00000| Complete |  0
|  93|0x00000000c5d00000, 0x00000000c5e00000, 0x00000000c5e00000|100%| E|CS|TAMS 0x00000000c5d00000| PB 0x00000000c5d00000| Complete |  0
|  94|0x00000000c5e00000, 0x00000000c5f00000, 0x00000000c5f00000|100%| E|CS|TAMS 0x00000000c5e00000| PB 0x00000000c5e00000| Complete |  0
|  95|0x00000000c5f00000, 0x00000000c6000000, 0x00000000c6000000|100%| E|CS|TAMS 0x00000000c5f00000| PB 0x00000000c5f00000| Complete |  0
|  96|0x00000000c6000000, 0x00000000c6100000, 0x00000000c6100000|100%| E|CS|TAMS 0x00000000c6000000| PB 0x00000000c6000000| Complete |  0
|  97|0x00000000c6100000, 0x00000000c6200000, 0x00000000c6200000|100%| E|CS|TAMS 0x00000000c6100000| PB 0x00000000c6100000| Complete |  0
|  98|0x00000000c6200000, 0x00000000c6300000, 0x00000000c6300000|100%| E|CS|TAMS 0x00000000c6200000| PB 0x00000000c6200000| Complete |  0
|  99|0x00000000c6300000, 0x00000000c6400000, 0x00000000c6400000|100%| E|CS|TAMS 0x00000000c6300000| PB 0x00000000c6300000| Complete |  0
| 100|0x00000000c6400000, 0x00000000c6500000, 0x00000000c6500000|100%| E|CS|TAMS 0x00000000c6400000| PB 0x00000000c6400000| Complete |  0
| 101|0x00000000c6500000, 0x00000000c6600000, 0x00000000c6600000|100%| E|CS|TAMS 0x00000000c6500000| PB 0x00000000c6500000| Complete |  0
| 102|0x00000000c6600000, 0x00000000c6700000, 0x00000000c6700000|100%| E|CS|TAMS 0x00000000c6600000| PB 0x00000000c6600000| Complete |  0
| 103|0x00000000c6700000, 0x00000000c6800000, 0x00000000c6800000|100%| E|CS|TAMS 0x00000000c6700000| PB 0x00000000c6700000| Complete |  0
| 104|0x00000000c6800000, 0x00000000c6900000, 0x00000000c6900000|100%| E|CS|TAMS 0x00000000c6800000| PB 0x00000000c6800000| Complete |  0
| 105|0x00000000c6900000, 0x00000000c6a00000, 0x00000000c6a00000|100%| E|CS|TAMS 0x00000000c6900000| PB 0x00000000c6900000| Complete |  0
| 106|0x00000000c6a00000, 0x00000000c6b00000, 0x00000000c6b00000|100%| E|CS|TAMS 0x00000000c6a00000| PB 0x00000000c6a00000| Complete |  0
| 107|0x00000000c6b00000, 0x00000000c6c00000, 0x00000000c6c00000|100%| E|CS|TAMS 0x00000000c6b00000| PB 0x00000000c6b00000| Complete |  0
| 108|0x00000000c6c00000, 0x00000000c6d00000, 0x00000000c6d00000|100%| E|CS|TAMS 0x00000000c6c00000| PB 0x00000000c6c00000| Complete |  0
| 109|0x00000000c6d00000, 0x00000000c6e00000, 0x00000000c6e00000|100%| E|CS|TAMS 0x00000000c6d00000| PB 0x00000000c6d00000| Complete |  0
| 110|0x00000000c6e00000, 0x00000000c6f00000, 0x00000000c6f00000|100%| E|CS|TAMS 0x00000000c6e00000| PB 0x00000000c6e00000| Complete |  0
| 111|0x00000000c6f00000, 0x00000000c7000000, 0x00000000c7000000|100%| E|CS|TAMS 0x00000000c6f00000| PB 0x00000000c6f00000| Complete |  0
| 112|0x00000000c7000000, 0x00000000c7100000, 0x00000000c7100000|100%| E|CS|TAMS 0x00000000c7000000| PB 0x00000000c7000000| Complete |  0
| 113|0x00000000c7100000, 0x00000000c7200000, 0x00000000c7200000|100%| E|CS|TAMS 0x00000000c7100000| PB 0x00000000c7100000| Complete |  0
| 114|0x00000000c7200000, 0x00000000c7300000, 0x00000000c7300000|100%| E|CS|TAMS 0x00000000c7200000| PB 0x00000000c7200000| Complete |  0
| 115|0x00000000c7300000, 0x00000000c7400000, 0x00000000c7400000|100%| E|CS|TAMS 0x00000000c7300000| PB 0x00000000c7300000| Complete |  0
| 116|0x00000000c7400000, 0x00000000c7500000, 0x00000000c7500000|100%| E|CS|TAMS 0x00000000c7400000| PB 0x00000000c7400000| Complete |  0
| 117|0x00000000c7500000, 0x00000000c7600000, 0x00000000c7600000|100%| E|CS|TAMS 0x00000000c7500000| PB 0x00000000c7500000| Complete |  0
| 118|0x00000000c7600000, 0x00000000c7700000, 0x00000000c7700000|100%| E|CS|TAMS 0x00000000c7600000| PB 0x00000000c7600000| Complete |  0
| 119|0x00000000c7700000, 0x00000000c7800000, 0x00000000c7800000|100%| E|CS|TAMS 0x00000000c7700000| PB 0x00000000c7700000| Complete |  0
| 120|0x00000000c7800000, 0x00000000c7900000, 0x00000000c7900000|100%| E|CS|TAMS 0x00000000c7800000| PB 0x00000000c7800000| Complete |  0
| 121|0x00000000c7900000, 0x00000000c7a00000, 0x00000000c7a00000|100%| E|CS|TAMS 0x00000000c7900000| PB 0x00000000c7900000| Complete |  0
| 122|0x00000000c7a00000, 0x00000000c7b00000, 0x00000000c7b00000|100%| E|CS|TAMS 0x00000000c7a00000| PB 0x00000000c7a00000| Complete |  0
| 235|0x00000000ceb00000, 0x00000000ceb2a7e8, 0x00000000cec00000| 16%| S|CS|TAMS 0x00000000ceb00000| PB 0x00000000ceb00000| Complete |  0
| 236|0x00000000cec00000, 0x00000000ced00000, 0x00000000ced00000|100%| S|CS|TAMS 0x00000000cec00000| PB 0x00000000cec00000| Complete |  0
| 237|0x00000000ced00000, 0x00000000cee00000, 0x00000000cee00000|100%| S|CS|TAMS 0x00000000ced00000| PB 0x00000000ced00000| Complete |  0
| 238|0x00000000cee00000, 0x00000000cef00000, 0x00000000cef00000|100%| S|CS|TAMS 0x00000000cee00000| PB 0x00000000cee00000| Complete |  0
| 239|0x00000000cef00000, 0x00000000cf000000, 0x00000000cf000000|100%| S|CS|TAMS 0x00000000cef00000| PB 0x00000000cef00000| Complete |  0
| 240|0x00000000cf000000, 0x00000000cf100000, 0x00000000cf100000|100%| S|CS|TAMS 0x00000000cf000000| PB 0x00000000cf000000| Complete |  0
| 241|0x00000000cf100000, 0x00000000cf200000, 0x00000000cf200000|100%| S|CS|TAMS 0x00000000cf100000| PB 0x00000000cf100000| Complete |  0
| 242|0x00000000cf200000, 0x00000000cf300000, 0x00000000cf300000|100%| S|CS|TAMS 0x00000000cf200000| PB 0x00000000cf200000| Complete |  0
| 243|0x00000000cf300000, 0x00000000cf400000, 0x00000000cf400000|100%| S|CS|TAMS 0x00000000cf300000| PB 0x00000000cf300000| Complete |  0
| 244|0x00000000cf400000, 0x00000000cf500000, 0x00000000cf500000|100%| S|CS|TAMS 0x00000000cf400000| PB 0x00000000cf400000| Complete |  0
| 245|0x00000000cf500000, 0x00000000cf600000, 0x00000000cf600000|100%| S|CS|TAMS 0x00000000cf500000| PB 0x00000000cf500000| Complete |  0
| 246|0x00000000cf600000, 0x00000000cf700000, 0x00000000cf700000|100%| E|CS|TAMS 0x00000000cf600000| PB 0x00000000cf600000| Complete |  0
| 247|0x00000000cf700000, 0x00000000cf800000, 0x00000000cf800000|100%| E|CS|TAMS 0x00000000cf700000| PB 0x00000000cf700000| Complete |  0
| 248|0x00000000cf800000, 0x00000000cf900000, 0x00000000cf900000|100%| E|CS|TAMS 0x00000000cf800000| PB 0x00000000cf800000| Complete |  0

Card table byte_map: [0x0000700955800000,0x0000700955a00000] _byte_map_base: 0x0000700955200000

Marking Bits: (CMBitMap*) 0x0000700950071e10
 Bits: [0x0000700954800000, 0x0000700955800000)

Polling page: 0x000070095840c000

Metaspace:
Metaspace        used 54776K, committed 56128K, reserved 1114112K
 class space     used 6433K, committed 7040K, reserved 1048576K

Usage:
  Non-class:     47,21 MB used.
      Class:      6,28 MB used.
       Both:     53,49 MB used.

Virtual space:
  Non-class space:       64,00 MB reserved,      47,94 MB ( 75%) committed,  1 nodes.
      Class space:        1,00 GB reserved,       6,88 MB ( <1%) committed,  1 nodes.
             Both:        1,06 GB reserved,      54,81 MB (  5%) committed. 

Chunk freelists:
   Non-Class:  15,21 MB
       Class:  9,11 MB
        Both:  24,32 MB

MaxMetaspaceSize: unlimited
CompressedClassSpaceSize: 1,00 GB
Initial GC threshold: 21,00 MB
Current GC threshold: 81,56 MB
CDS: off
 - commit_granule_bytes: 65536.
 - commit_granule_words: 8192.
 - virtual_space_node_default_size: 8388608.
 - enlarge_chunks_in_place: 1.
UseCompressedClassPointers 1, UseCompactObjectHeaders 0
Narrow klass pointer bits 32, Max shift 3
Narrow klass base: 0x0000000000000000, Narrow klass shift: 0
Encoding Range: [0x0000000000000000 - 0x0000000100000000), (4294967296 bytes)
Klass Range:    [0x000000001e000000 - 0x000000005e000000), (1073741824 bytes)
Klass ID Range:  [503316480 - 1577058297) (1073741817)
No protection zone.


Internal statistics:

num_allocs_failed_limit: 6.
num_arena_births: 632.
num_arena_deaths: 0.
num_vsnodes_births: 2.
num_vsnodes_deaths: 0.
num_space_committed: 877.
num_space_uncommitted: 0.
num_chunks_returned_to_freelist: 6.
num_chunks_taken_from_freelist: 2668.
num_chunk_merges: 6.
num_chunk_splits: 1684.
num_chunks_enlarged: 1017.
num_inconsistent_stats: 0.

CodeHeap 'non-profiled nmethods': size=120032Kb used=2920Kb max_used=2920Kb free=117112Kb
 bounds [0x00007009448c8000, 0x0000700944ba8000, 0x000070094be00000]
CodeHeap 'profiled nmethods': size=120032Kb used=9265Kb max_used=9265Kb free=110766Kb
 bounds [0x000070093cdfe000, 0x000070093d71e000, 0x0000700944336000]
CodeHeap 'non-nmethods': size=5704Kb used=1892Kb max_used=2008Kb free=3812Kb
 bounds [0x0000700944336000, 0x00007009445a6000, 0x00007009448c8000]
CodeCache: size=245768Kb, used=14077Kb, max_used=14193Kb, free=231690Kb
 total_blobs=7269, nmethods=6373, adapters=799, full_count=0
Compilation: enabled, stopped_count=0, restarted_count=0

Compilation events (20 events):
Event: 3,633 Thread 0x0000700950145380 7140       3       java.lang.invoke.InnerClassLambdaMetafactory::generateConstructor (24 bytes)
Event: 3,633 Thread 0x0000700950145380 nmethod 7140 0x000070093d20eb08 code [0x000070093d20ec00, 0x000070093d20efd8]
Event: 3,633 Thread 0x0000700950145380 7141       3       java.lang.invoke.InnerClassLambdaMetafactory$3::<init> (15 bytes)
Event: 3,633 Thread 0x0000700950145380 nmethod 7141 0x000070093d29ea88 code [0x000070093d29eb80, 0x000070093d29ee88]
Event: 3,633 Thread 0x0000700950145380 7145       3       org.eclipse.e4.core.commands.ExpressionContext::<init> (10 bytes)
Event: 3,633 Thread 0x0000700950145380 nmethod 7145 0x000070093d29e788 code [0x000070093d29e880, 0x000070093d29ea28]
Event: 3,635 Thread 0x0000700950145380 7146       3       org.eclipse.e4.core.internal.contexts.ConcurrentNeutralValueMap::get (13 bytes)
Event: 3,635 Thread 0x0000700950145380 nmethod 7146 0x000070093d29e488 code [0x000070093d29e580, 0x000070093d29e778]
Event: 3,635 Thread 0x00007009006d6eb0 7147       4       org.eclipse.e4.core.internal.contexts.EclipseContext::internalGet (187 bytes)
Event: 3,635 Thread 0x0000700950145380 7148       3       org.eclipse.emf.ecore.impl.EClassImpl::getEStructuralFeature (23 bytes)
Event: 3,635 Thread 0x0000700950145380 nmethod 7148 0x000070093d29e088 code [0x000070093d29e180, 0x000070093d29e418]
Event: 3,636 Thread 0x0000700950145380 7150       3       org.eclipse.swt.widgets.EventTable::hooks (47 bytes)
Event: 3,636 Thread 0x0000700950143a60 nmethod 7130 0x0000700944b97788 code [0x0000700944b97880, 0x0000700944b98a00]
Event: 3,636 Thread 0x0000700950145380 nmethod 7150 0x000070093d29dc88 code [0x000070093d29dd80, 0x000070093d29e000]
Event: 3,636 Thread 0x0000700950143a60 7149       4       org.eclipse.emf.common.notify.impl.BasicNotifierImpl::eNotificationRequired (18 bytes)
Event: 3,636 Thread 0x0000700950143a60 nmethod 7149 0x0000700944a78888 code [0x0000700944a78980, 0x0000700944a78a88]
Event: 3,639 Thread 0x0000700950143a60 7151       4       java.util.ArrayList::remove (76 bytes)
Event: 3,642 Thread 0x0000700950145380 7152   !   3       java.lang.invoke.InnerClassLambdaMetafactory::buildCallSite (144 bytes)
Event: 3,642 Thread 0x0000700950145380 nmethod 7152 0x000070093d29c988 code [0x000070093d29ca80, 0x000070093d29dc78]
Event: 3,643 Thread 0x0000700950143a60 nmethod 7151 0x0000700944a78308 code [0x0000700944a78400, 0x0000700944a78860]

GC Heap Usage History (20 events):
Event: 1,008 {heap Before GC invocations=4 (full 0):
 garbage-first heap   total reserved 1048576K, committed 65536K, used 44032K [0x00000000c0000000, 0x0000000100000000)
  region size 1024K, 22 young (22528K), 5 survivors (5120K)
}
Event: 1,016 {heap After GC invocations=5 (full 0):
 garbage-first heap   total reserved 1048576K, committed 65536K, used 40448K [0x00000000c0000000, 0x0000000100000000)
  region size 1024K, 3 young (3072K), 3 survivors (3072K)
}
Event: 1,041 {heap Before GC invocations=5 (full 0):
 garbage-first heap   total reserved 1048576K, committed 65536K, used 50688K [0x00000000c0000000, 0x0000000100000000)
  region size 1024K, 13 young (13312K), 3 survivors (3072K)
}
Event: 1,045 {heap After GC invocations=6 (full 0):
 garbage-first heap   total reserved 1048576K, committed 131072K, used 46080K [0x00000000c0000000, 0x0000000100000000)
  region size 1024K, 2 young (2048K), 2 survivors (2048K)
}
Event: 1,122 {heap Before GC invocations=7 (full 0):
 garbage-first heap   total reserved 1048576K, committed 131072K, used 80896K [0x00000000c0000000, 0x0000000100000000)
  region size 1024K, 36 young (36864K), 2 survivors (2048K)
}
Event: 1,128 {heap After GC invocations=8 (full 0):
 garbage-first heap   total reserved 1048576K, committed 131072K, used 54046K [0x00000000c0000000, 0x0000000100000000)
  region size 1024K, 5 young (5120K), 5 survivors (5120K)
}
Event: 1,422 {heap Before GC invocations=8 (full 0):
 garbage-first heap   total reserved 1048576K, committed 131072K, used 87838K [0x00000000c0000000, 0x0000000100000000)
  region size 1024K, 38 young (38912K), 5 survivors (5120K)
}
Event: 1,428 {heap After GC invocations=9 (full 0):
 garbage-first heap   total reserved 1048576K, committed 131072K, used 59651K [0x00000000c0000000, 0x0000000100000000)
  region size 1024K, 5 young (5120K), 5 survivors (5120K)
}
Event: 1,774 {heap Before GC invocations=9 (full 0):
 garbage-first heap   total reserved 1048576K, committed 131072K, used 92419K [0x00000000c0000000, 0x0000000100000000)
  region size 1024K, 38 young (38912K), 5 survivors (5120K)
}
Event: 1,782 {heap After GC invocations=10 (full 0):
 garbage-first heap   total reserved 1048576K, committed 131072K, used 65316K [0x00000000c0000000, 0x0000000100000000)
  region size 1024K, 5 young (5120K), 5 survivors (5120K)
}
Event: 2,064 {heap Before GC invocations=10 (full 0):
 garbage-first heap   total reserved 1048576K, committed 131072K, used 83748K [0x00000000c0000000, 0x0000000100000000)
  region size 1024K, 25 young (25600K), 5 survivors (5120K)
}
Event: 2,068 {heap After GC invocations=11 (full 0):
 garbage-first heap   total reserved 1048576K, committed 131072K, used 69156K [0x00000000c0000000, 0x0000000100000000)
  region size 1024K, 4 young (4096K), 4 survivors (4096K)
}
Event: 2,276 {heap Before GC invocations=12 (full 0):
 garbage-first heap   total reserved 1048576K, committed 126976K, used 72228K [0x00000000c0000000, 0x0000000100000000)
  region size 1024K, 37 young (37888K), 4 survivors (4096K)
}
Event: 2,279 {heap After GC invocations=13 (full 0):
 garbage-first heap   total reserved 1048576K, committed 126976K, used 41083K [0x00000000c0000000, 0x0000000100000000)
  region size 1024K, 3 young (3072K), 3 survivors (3072K)
}
Event: 2,326 {heap Before GC invocations=13 (full 0):
 garbage-first heap   total reserved 1048576K, committed 126976K, used 91259K [0x00000000c0000000, 0x0000000100000000)
  region size 1024K, 52 young (53248K), 3 survivors (3072K)
}
Event: 2,329 {heap After GC invocations=14 (full 0):
 garbage-first heap   total reserved 1048576K, committed 126976K, used 31243K [0x00000000c0000000, 0x0000000100000000)
  region size 1024K, 3 young (3072K), 3 survivors (3072K)
}
Event: 3,154 {heap Before GC invocations=14 (full 0):
 garbage-first heap   total reserved 1048576K, committed 126976K, used 104971K [0x00000000c0000000, 0x0000000100000000)
  region size 1024K, 70 young (71680K), 3 survivors (3072K)
}
Event: 3,160 {heap After GC invocations=15 (full 0):
 garbage-first heap   total reserved 1048576K, committed 254976K, used 39414K [0x00000000c0000000, 0x0000000100000000)
  region size 1024K, 9 young (9216K), 9 survivors (9216K)
}
Event: 3,194 {heap Before GC invocations=15 (full 0):
 garbage-first heap   total reserved 1048576K, committed 254976K, used 41462K [0x00000000c0000000, 0x0000000100000000)
  region size 1024K, 12 young (12288K), 9 survivors (9216K)
}
Event: 3,201 {heap After GC invocations=16 (full 0):
 garbage-first heap   total reserved 1048576K, committed 254976K, used 40608K [0x00000000c0000000, 0x0000000100000000)
  region size 1024K, 11 young (11264K), 11 survivors (11264K)
}

Metaspace Usage History (20 events):
Event: 1,008 {metaspace Before GC invocations=4 (full 0):
 Metaspace       used 17580K, committed 17792K, reserved 1114112K
  class space    used 1733K, committed 1856K, reserved 1048576K
}
Event: 1,016 {metaspace After GC invocations=5 (full 0):
 Metaspace       used 17580K, committed 17792K, reserved 1114112K
  class space    used 1733K, committed 1856K, reserved 1048576K
}
Event: 1,041 {metaspace Before GC invocations=5 (full 0):
 Metaspace       used 17601K, committed 17792K, reserved 1114112K
  class space    used 1733K, committed 1856K, reserved 1048576K
}
Event: 1,045 {metaspace After GC invocations=6 (full 0):
 Metaspace       used 17601K, committed 17792K, reserved 1114112K
  class space    used 1733K, committed 1856K, reserved 1048576K
}
Event: 1,122 {metaspace Before GC invocations=7 (full 0):
 Metaspace       used 17606K, committed 17856K, reserved 1114112K
  class space    used 1733K, committed 1856K, reserved 1048576K
}
Event: 1,128 {metaspace After GC invocations=8 (full 0):
 Metaspace       used 17606K, committed 17856K, reserved 1114112K
  class space    used 1733K, committed 1856K, reserved 1048576K
}
Event: 1,422 {metaspace Before GC invocations=8 (full 0):
 Metaspace       used 20621K, committed 20928K, reserved 1114112K
  class space    used 2064K, committed 2176K, reserved 1048576K
}
Event: 1,428 {metaspace After GC invocations=9 (full 0):
 Metaspace       used 20621K, committed 20928K, reserved 1114112K
  class space    used 2064K, committed 2176K, reserved 1048576K
}
Event: 1,774 {metaspace Before GC invocations=9 (full 0):
 Metaspace       used 22426K, committed 22848K, reserved 1114112K
  class space    used 2254K, committed 2432K, reserved 1048576K
}
Event: 1,782 {metaspace After GC invocations=10 (full 0):
 Metaspace       used 22426K, committed 22848K, reserved 1114112K
  class space    used 2254K, committed 2432K, reserved 1048576K
}
Event: 2,064 {metaspace Before GC invocations=10 (full 0):
 Metaspace       used 29076K, committed 29760K, reserved 1114112K
  class space    used 3018K, committed 3328K, reserved 1048576K
}
Event: 2,068 {metaspace After GC invocations=11 (full 0):
 Metaspace       used 29076K, committed 29760K, reserved 1114112K
  class space    used 3018K, committed 3328K, reserved 1048576K
}
Event: 2,276 {metaspace Before GC invocations=12 (full 0):
 Metaspace       used 33235K, committed 33984K, reserved 1114112K
  class space    used 3571K, committed 3904K, reserved 1048576K
}
Event: 2,279 {metaspace After GC invocations=13 (full 0):
 Metaspace       used 33235K, committed 33984K, reserved 1114112K
  class space    used 3571K, committed 3904K, reserved 1048576K
}
Event: 2,326 {metaspace Before GC invocations=13 (full 0):
 Metaspace       used 33415K, committed 34176K, reserved 1114112K
  class space    used 3592K, committed 3904K, reserved 1048576K
}
Event: 2,329 {metaspace After GC invocations=14 (full 0):
 Metaspace       used 33415K, committed 34176K, reserved 1114112K
  class space    used 3592K, committed 3904K, reserved 1048576K
}
Event: 3,154 {metaspace Before GC invocations=14 (full 0):
 Metaspace       used 48538K, committed 49664K, reserved 1114112K
  class space    used 5635K, committed 6144K, reserved 1048576K
}
Event: 3,160 {metaspace After GC invocations=15 (full 0):
 Metaspace       used 48538K, committed 49664K, reserved 1114112K
  class space    used 5635K, committed 6144K, reserved 1048576K
}
Event: 3,194 {metaspace Before GC invocations=15 (full 0):
 Metaspace       used 48939K, committed 50048K, reserved 1114112K
  class space    used 5688K, committed 6208K, reserved 1048576K
}
Event: 3,201 {metaspace After GC invocations=16 (full 0):
 Metaspace       used 48939K, committed 50048K, reserved 1114112K
  class space    used 5688K, committed 6208K, reserved 1048576K
}

Dll operation events (18 events):
Event: 0,001 Loaded shared library /usr/share/dbeaver-ce/jre/lib/libjava.so
Event: 0,022 Loaded shared library /usr/share/dbeaver-ce/jre/lib/libsimdsort.so
Event: 0,069 Loaded shared library /usr/share/dbeaver-ce/jre/lib/libnio.so
Event: 0,072 Loaded shared library /usr/share/dbeaver-ce/jre/lib/libzip.so
Event: 0,087 Loaded shared library /usr/share/dbeaver-ce/jre/lib/libnet.so
Event: 0,106 Loaded shared library /usr/share/dbeaver-ce/jre/lib/libjimage.so
Event: 0,162 Loaded shared library /usr/share/dbeaver-ce/plugins/org.eclipse.equinox.launcher.gtk.linux.x86_64_1.2.1500.v20250801-0854/eclipse_11916.so
Event: 1,949 Loaded shared library /usr/share/dbeaver-ce/jre/lib/libverify.so
Event: 1,967 Loaded shared library /home/david-daniel/.local/share/DBeaverData/install-data/org.jkiss.dbeaver.product/26.1.5-202608161900/org.eclipse.osgi/152/0/.cp/libswt-gtk-4973r12.so
Event: 1,968 Loaded shared library /home/david-daniel/.local/share/DBeaverData/install-data/org.jkiss.dbeaver.product/26.1.5-202608161900/org.eclipse.osgi/152/0/.cp/libswt-pi3-gtk-4973r12.so
Event: 2,030 Loaded shared library /usr/share/dbeaver-ce/jre/lib/libawt.so
Event: 2,030 Loaded shared library /usr/share/dbeaver-ce/jre/lib/libawt_xawt.so
Event: 2,042 Loaded shared library /usr/share/dbeaver-ce/jre/lib/libfontmanager.so
Event: 2,496 Loaded shared library /usr/share/dbeaver-ce/jre/lib/libjaas.so
Event: 2,509 Loaded shared library /home/david-daniel/.local/share/DBeaverData/install-data/org.jkiss.dbeaver.product/26.1.5-202608161900/org.eclipse.osgi/49/0/.cp/os/linux/x86_64/libunixfile_1_0_0.so
Event: 2,604 Loaded shared library /home/david-daniel/.local/share/DBeaverData/install-data/org.jkiss.dbeaver.product/26.1.5-202608161900/org.eclipse.osgi/152/0/.cp/libswt-cairo-gtk-4973r12.so
Event: 2,670 Loaded shared library /usr/share/dbeaver-ce/jre/lib/libextnet.so
Event: 3,052 Loaded shared library /home/david-daniel/.local/share/DBeaverData/install-data/org.jkiss.dbeaver.product/26.1.5-202608161900/org.eclipse.osgi/152/0/.cp/libswt-atk-gtk-4973r12.so

Deoptimization events (20 events):
Event: 3,565 Thread 0x000070095002e450 Uncommon trap: trap_request=0xffffff45 fr.pc=0x0000700944b47174 relative=0x0000000000000374
Event: 3,565 Thread 0x000070095002e450 Uncommon trap: reason=unstable_if action=reinterpret pc=0x0000700944b47174 method=java.lang.invoke.MethodType.methodType(Ljava/lang/Class;[Ljava/lang/Class;Z)Ljava/lang/invoke/MethodType; @ 53 c2
Event: 3,565 Thread 0x000070095002e450 DEOPT PACKING pc=0x0000700944b47174 sp=0x0000700957ff9cb0
Event: 3,565 Thread 0x000070095002e450 DEOPT UNPACKING pc=0x0000700944455379 sp=0x0000700957ff9c50 mode 2
Event: 3,573 Thread 0x000070095002e450 Uncommon trap: trap_request=0xffffffde fr.pc=0x0000700944b33804 relative=0x0000000000000084
Event: 3,573 Thread 0x000070095002e450 Uncommon trap: reason=class_check action=maybe_recompile pc=0x0000700944b33804 method=org.eclipse.emf.common.notify.impl.BasicNotifierImpl.eNotificationRequired()Z @ 8 c2
Event: 3,573 Thread 0x000070095002e450 DEOPT PACKING pc=0x0000700944b33804 sp=0x0000700957ffd840
Event: 3,573 Thread 0x000070095002e450 DEOPT UNPACKING pc=0x0000700944455379 sp=0x0000700957ffd7f0 mode 2
Event: 3,591 Thread 0x000070095002e450 Uncommon trap: trap_request=0xffffffde fr.pc=0x0000700944b33804 relative=0x0000000000000084
Event: 3,591 Thread 0x000070095002e450 Uncommon trap: reason=class_check action=maybe_recompile pc=0x0000700944b33804 method=org.eclipse.emf.common.notify.impl.BasicNotifierImpl.eNotificationRequired()Z @ 8 c2
Event: 3,591 Thread 0x000070095002e450 DEOPT PACKING pc=0x0000700944b33804 sp=0x0000700957ffd3d0
Event: 3,591 Thread 0x000070095002e450 DEOPT UNPACKING pc=0x0000700944455379 sp=0x0000700957ffd380 mode 2
Event: 3,610 Thread 0x000070095002e450 Uncommon trap: trap_request=0xffffffd6 fr.pc=0x0000700944a38a9c relative=0x000000000000069c
Event: 3,610 Thread 0x000070095002e450 Uncommon trap: reason=array_check action=maybe_recompile pc=0x0000700944a38a9c method=java.util.TimSort.binarySort([Ljava/lang/Object;IIILjava/util/Comparator;)V @ 215 c2
Event: 3,610 Thread 0x000070095002e450 DEOPT PACKING pc=0x0000700944a38a9c sp=0x0000700957ffd5d0
Event: 3,610 Thread 0x000070095002e450 DEOPT UNPACKING pc=0x0000700944455379 sp=0x0000700957ffd568 mode 2
Event: 3,630 Thread 0x000070095002e450 Uncommon trap: trap_request=0xfffffff4 fr.pc=0x0000700944b97508 relative=0x0000000000001788
Event: 3,630 Thread 0x000070095002e450 Uncommon trap: reason=null_check action=make_not_entrant pc=0x0000700944b97508 method=org.eclipse.e4.core.internal.contexts.osgi.EclipseContextOSGi.lookup(Ljava/lang/String;Lorg/eclipse/e4/core/internal/contexts/EclipseContext;)Ljava/lang/Object; @ 29 c2
Event: 3,630 Thread 0x000070095002e450 DEOPT PACKING pc=0x0000700944b97508 sp=0x0000700957ffceb0
Event: 3,630 Thread 0x000070095002e450 DEOPT UNPACKING pc=0x0000700944455379 sp=0x0000700957ffcdf8 mode 2

Classes loaded (20 events):
Event: 3,602 Loading class java/util/concurrent/CompletableFuture$Completion
Event: 3,602 Loading class java/util/concurrent/CompletableFuture$AsynchronousCompletionTask
Event: 3,602 Loading class java/util/concurrent/CompletableFuture$AsynchronousCompletionTask done
Event: 3,602 Loading class java/util/concurrent/CompletableFuture$Completion done
Event: 3,602 Loading class java/util/concurrent/CompletableFuture$AsyncSupply
Event: 3,602 Loading class java/util/concurrent/CompletableFuture$AsyncSupply done
Event: 3,602 Loading class java/util/concurrent/ForkJoinTask$Aux
Event: 3,602 Loading class java/util/concurrent/ForkJoinTask$Aux done
Event: 3,609 Loading class java/text/CollationElementIterator
Event: 3,610 Loading class java/text/CollationElementIterator done
Event: 3,610 Loading class sun/text/CollatorUtilities
Event: 3,610 Loading class sun/text/CollatorUtilities done
Event: 3,610 Loading class jdk/internal/icu/text/UCharacterIterator
Event: 3,610 Loading class jdk/internal/icu/text/UCharacterIterator done
Event: 3,610 Loading class jdk/internal/icu/impl/ReplaceableUCharacterIterator
Event: 3,610 Loading class jdk/internal/icu/impl/ReplaceableUCharacterIterator done
Event: 3,610 Loading class jdk/internal/icu/text/ReplaceableString
Event: 3,610 Loading class jdk/internal/icu/text/Replaceable
Event: 3,610 Loading class jdk/internal/icu/text/Replaceable done
Event: 3,610 Loading class jdk/internal/icu/text/ReplaceableString done

Classes unloaded (0 events):
No events

Classes redefined (0 events):
No events

Internal exceptions (20 events):
Event: 3,507 Thread 0x000070095002e450 Exception <a 'java/io/FileNotFoundException'{0x00000000c68a0af0}> (0x00000000c68a0af0) 
thrown [src/hotspot/share/prims/jni.cpp, line 516]
Event: 3,507 Thread 0x000070095002e450 Exception <a 'java/io/FileNotFoundException'{0x00000000c68a1d68}> (0x00000000c68a1d68) 
thrown [src/hotspot/share/prims/jni.cpp, line 516]
Event: 3,507 Thread 0x000070095002e450 Exception <a 'java/io/FileNotFoundException'{0x00000000c68a2f80}> (0x00000000c68a2f80) 
thrown [src/hotspot/share/prims/jni.cpp, line 516]
Event: 3,507 Thread 0x000070095002e450 Exception <a 'java/io/FileNotFoundException'{0x00000000c68a4210}> (0x00000000c68a4210) 
thrown [src/hotspot/share/prims/jni.cpp, line 516]
Event: 3,507 Thread 0x000070095002e450 Exception <a 'java/io/FileNotFoundException'{0x00000000c68a54c8}> (0x00000000c68a54c8) 
thrown [src/hotspot/share/prims/jni.cpp, line 516]
Event: 3,507 Thread 0x000070095002e450 Exception <a 'java/io/FileNotFoundException'{0x00000000c68a6798}> (0x00000000c68a6798) 
thrown [src/hotspot/share/prims/jni.cpp, line 516]
Event: 3,507 Thread 0x000070095002e450 Exception <a 'java/io/FileNotFoundException'{0x00000000c68a79d8}> (0x00000000c68a79d8) 
thrown [src/hotspot/share/prims/jni.cpp, line 516]
Event: 3,507 Thread 0x000070095002e450 Exception <a 'java/io/FileNotFoundException'{0x00000000c68a8c48}> (0x00000000c68a8c48) 
thrown [src/hotspot/share/prims/jni.cpp, line 516]
Event: 3,507 Thread 0x000070095002e450 Exception <a 'java/io/FileNotFoundException'{0x00000000c68a9e78}> (0x00000000c68a9e78) 
thrown [src/hotspot/share/prims/jni.cpp, line 516]
Event: 3,507 Thread 0x000070095002e450 Exception <a 'java/io/FileNotFoundException'{0x00000000c68ab088}> (0x00000000c68ab088) 
thrown [src/hotspot/share/prims/jni.cpp, line 516]
Event: 3,507 Thread 0x000070095002e450 Exception <a 'java/io/FileNotFoundException'{0x00000000c68ac3d0}> (0x00000000c68ac3d0) 
thrown [src/hotspot/share/prims/jni.cpp, line 516]
Event: 3,507 Thread 0x000070095002e450 Exception <a 'java/io/FileNotFoundException'{0x00000000c68ad970}> (0x00000000c68ad970) 
thrown [src/hotspot/share/prims/jni.cpp, line 516]
Event: 3,507 Thread 0x000070095002e450 Exception <a 'java/io/FileNotFoundException'{0x00000000c68aec30}> (0x00000000c68aec30) 
thrown [src/hotspot/share/prims/jni.cpp, line 516]
Event: 3,532 Thread 0x000070095002e450 Implicit null exception at 0x0000700944b52221 to 0x0000700944b52360
Event: 3,547 Thread 0x000070095002e450 Exception <a 'java/lang/NoSuchMethodError'{0x00000000c628f258}: 'void java.lang.invoke.DirectMethodHandle$Holder.invokeVirtual(java.lang.Object, java.lang.Object, java.lang.Object, int)'> (0x00000000c628f258) 
thrown [src/hotspot/share/interpreter/linkResolver.cpp, line 803]
Event: 3,548 Thread 0x000070095002e450 Exception <a 'java/lang/NoSuchMethodError'{0x00000000c629f990}: 'java.lang.Object java.lang.invoke.DirectMethodHandle$Holder.invokeVirtual(java.lang.Object, java.lang.Object, java.lang.Object)'> (0x00000000c629f990) 
thrown [src/hotspot/share/interpreter/linkResolver.cpp, line 803]
Event: 3,550 Thread 0x000070095002e450 Exception <a 'java/lang/NoSuchMethodError'{0x00000000c62b8430}: 'java.lang.Object java.lang.invoke.DirectMethodHandle$Holder.newInvokeSpecial(java.lang.Object, java.lang.Object, int)'> (0x00000000c62b8430) 
thrown [src/hotspot/share/interpreter/linkResolver.cpp, line 803]
Event: 3,550 Thread 0x000070095002e450 Exception <a 'java/lang/NoSuchMethodError'{0x00000000c62c0e38}: 'java.lang.Object java.lang.invoke.Invokers$Holder.invoke_MT(java.lang.Object, java.lang.Object, java.lang.Object, java.lang.Object, java.lang.Object)'> (0x00000000c62c0e38) 
thrown [src/hotspot/share/interpreter/linkResolver.cpp, line 803]
Event: 3,599 Thread 0x000070095002e450 Exception <a 'java/io/FileNotFoundException'{0x00000000c5f67b88}> (0x00000000c5f67b88) 
thrown [src/hotspot/share/prims/jni.cpp, line 516]
Event: 3,630 Thread 0x000070095002e450 Implicit null exception at 0x0000700944b9609f to 0x0000700944b974dc

VM Operations (20 events):
Event: 3,154 Executing safepoint VM operation: G1CollectForAllocation (G1 Evacuation Pause)
Event: 3,160 Executing safepoint VM operation: G1CollectForAllocation (G1 Evacuation Pause) done
Event: 3,194 Executing safepoint VM operation: CollectForMetadataAllocation (Metadata GC Threshold)
Event: 3,201 Executing safepoint VM operation: CollectForMetadataAllocation (Metadata GC Threshold) done
Event: 3,219 Executing safepoint VM operation: G1PauseRemark
Event: 3,222 Executing safepoint VM operation: G1PauseRemark done
Event: 3,222 Executing non-safepoint VM operation: HandshakeAllThreads (Deoptimize)
Event: 3,222 Executing non-safepoint VM operation: HandshakeAllThreads (Deoptimize) done
Event: 3,227 Executing safepoint VM operation: G1PauseCleanup
Event: 3,227 Executing safepoint VM operation: G1PauseCleanup done
Event: 3,245 Executing non-safepoint VM operation: HandshakeAllThreads (Deoptimize)
Event: 3,245 Executing non-safepoint VM operation: HandshakeAllThreads (Deoptimize) done
Event: 3,540 Executing non-safepoint VM operation: HandshakeAllThreads (Deoptimize)
Event: 3,540 Executing non-safepoint VM operation: HandshakeAllThreads (Deoptimize) done
Event: 3,549 Executing non-safepoint VM operation: HandshakeAllThreads (Deoptimize)
Event: 3,549 Executing non-safepoint VM operation: HandshakeAllThreads (Deoptimize) done
Event: 3,553 Executing non-safepoint VM operation: HandshakeAllThreads (Deoptimize)
Event: 3,553 Executing non-safepoint VM operation: HandshakeAllThreads (Deoptimize) done
Event: 3,568 Executing non-safepoint VM operation: HandshakeAllThreads (Deoptimize)
Event: 3,568 Executing non-safepoint VM operation: HandshakeAllThreads (Deoptimize) done

Memory protections (20 events):
Event: 1,788 Protecting memory [0x00007008c2cf8000,0x00007008c2cfc000] with protection modes 0
Event: 1,889 Protecting memory [0x00007008c2bf8000,0x00007008c2bfc000] with protection modes 0
Event: 1,898 Protecting memory [0x00007008c2af8000,0x00007008c2afc000] with protection modes 0
Event: 1,899 Protecting memory [0x00007008c29f8000,0x00007008c29fc000] with protection modes 0
Event: 1,932 Protecting memory [0x00007008c29f8000,0x00007008c29fc000] with protection modes 0
Event: 1,978 Protecting memory [0x00007008c2af8000,0x00007008c2afc000] with protection modes 0
Event: 2,058 Protecting memory [0x00007008c24a3000,0x00007008c24a7000] with protection modes 0
Event: 2,059 Protecting memory [0x00007008c23a3000,0x00007008c23a7000] with protection modes 0
Event: 2,474 Protecting memory [0x00007008c22a3000,0x00007008c22a7000] with protection modes 0
Event: 2,560 Protecting memory [0x00007008c1f00000,0x00007008c1f04000] with protection modes 0
Event: 2,661 Protecting memory [0x00007008c0df8000,0x00007008c0dfc000] with protection modes 0
Event: 2,661 Protecting memory [0x00007008c0cf8000,0x00007008c0cfc000] with protection modes 0
Event: 2,673 Protecting memory [0x00007008c0bf8000,0x00007008c0bfc000] with protection modes 0
Event: 2,677 Protecting memory [0x00007008c0af8000,0x00007008c0afc000] with protection modes 0
Event: 3,009 Protecting memory [0x00007008c09f8000,0x00007008c09fc000] with protection modes 0
Event: 3,202 Protecting memory [0x00007008c0848000,0x00007008c084c000] with protection modes 0
Event: 3,349 Protecting memory [0x00007008c0748000,0x00007008c074c000] with protection modes 0
Event: 3,598 Protecting memory [0x00007008c0748000,0x00007008c074c000] with protection modes 0
Event: 3,603 Protecting memory [0x00007008c0648000,0x00007008c064c000] with protection modes 0
Event: 3,603 Protecting memory [0x00007008c0548000,0x00007008c054c000] with protection modes 0

Nmethod flushes (20 events):
Event: 3,222 Thread 0x0000700950105df0 flushing  nmethod 0x000070093d24af88
Event: 3,222 Thread 0x0000700950105df0 flushing  nmethod 0x000070093d24ba08
Event: 3,222 Thread 0x0000700950105df0 flushing  nmethod 0x000070093d2b7a88
Event: 3,222 Thread 0x0000700950105df0 flushing  nmethod 0x000070093d2b8288
Event: 3,222 Thread 0x0000700950105df0 flushing  nmethod 0x000070093d2b8f88
Event: 3,222 Thread 0x0000700950105df0 flushing  nmethod 0x000070093d2bd308
Event: 3,222 Thread 0x0000700950105df0 flushing  nmethod 0x000070093d2bd608
Event: 3,222 Thread 0x0000700950105df0 flushing  nmethod 0x000070093d2be288
Event: 3,222 Thread 0x0000700950105df0 flushing  nmethod 0x000070093d2c0c88
Event: 3,222 Thread 0x0000700950105df0 flushing  nmethod 0x000070093d2f2108
Event: 3,222 Thread 0x0000700950105df0 flushing  nmethod 0x000070093d2f2808
Event: 3,222 Thread 0x0000700950105df0 flushing  nmethod 0x000070093d2f6e88
Event: 3,222 Thread 0x0000700950105df0 flushing  nmethod 0x000070093d2fcb08
Event: 3,222 Thread 0x0000700950105df0 flushing  nmethod 0x000070093d33cc08
Event: 3,222 Thread 0x0000700950105df0 flushing  nmethod 0x000070093d33d088
Event: 3,222 Thread 0x0000700950105df0 flushing  nmethod 0x000070093d340608
Event: 3,222 Thread 0x0000700950105df0 flushing  nmethod 0x000070093d38f508
Event: 3,222 Thread 0x0000700950105df0 flushing  nmethod 0x000070093d413c88
Event: 3,222 Thread 0x0000700950105df0 flushing  nmethod 0x000070093d413f88
Event: 3,222 Thread 0x0000700950105df0 flushing  nmethod 0x000070093d45aa08

Events (20 events):
Event: 1,899 Thread 0x000070086800a780 Thread added: 0x000070086c000f50
Event: 1,910 Thread 0x000070086800a780 Thread exited: 0x000070086800a780
Event: 1,910 Thread 0x000070086c000f50 Thread exited: 0x000070086c000f50
Event: 1,932 Thread 0x000070095064a120 Thread added: 0x00007008b404e280
Event: 1,978 Thread 0x000070095002e450 Thread added: 0x0000700950918ce0
Event: 2,058 Thread 0x000070095002e450 Thread added: 0x0000700950a00350
Event: 2,059 Thread 0x000070095002e450 Thread added: 0x0000700950a01640
Event: 2,474 Thread 0x000070095002e450 Thread added: 0x0000700950c10020
Event: 2,560 Thread 0x0000700950918ce0 Thread added: 0x000070086c01cf00
Event: 2,661 Thread 0x000070086c01cf00 Thread added: 0x0000700850000f30
Event: 2,661 Thread 0x000070086c01cf00 Thread added: 0x0000700850002520
Event: 2,673 Thread 0x000070095002e450 Thread added: 0x0000700950e5a180
Event: 2,677 Thread 0x000070095002e450 Thread added: 0x0000700950782bb0
Event: 3,009 Thread 0x000070095002e450 Thread added: 0x000070095104d8a0
Event: 3,202 Thread 0x0000700850002520 Thread added: 0x0000700844000f30
Event: 3,349 Thread 0x000070095002e450 Thread added: 0x000070095132e150
Event: 3,355 Thread 0x000070095132e150 Thread exited: 0x000070095132e150
Event: 3,598 Thread 0x000070095002e450 Thread added: 0x0000700951144c10
Event: 3,602 Thread 0x0000700951144c10 Thread added: 0x0000700838005710
Event: 3,603 Thread 0x0000700951144c10 Thread added: 0x00007008380079b0


Dynamic libraries:
1e000000-1e080000 rw-p 00000000 00:00 0 
1e080000-1e0a0000 rw-p 00000000 00:00 0 
1e0a0000-1e0c0000 rw-p 00000000 00:00 0 
1e0c0000-1e140000 rw-p 00000000 00:00 0 
1e140000-1e1c0000 rw-p 00000000 00:00 0 
1e1c0000-1e200000 rw-p 00000000 00:00 0 
1e200000-1e2c0000 rw-p 00000000 00:00 0 
1e2c0000-1e300000 rw-p 00000000 00:00 0 
1e300000-1e440000 rw-p 00000000 00:00 0 
1e440000-1e470000 rw-p 00000000 00:00 0 
1e470000-1e480000 ---p 00000000 00:00 0 
1e480000-1e6f0000 rw-p 00000000 00:00 0 
1e6f0000-5e000000 ---p 00000000 00:00 0 
c0000000-c7b00000 rw-p 00000000 00:00 0 
c7b00000-ceb00000 ---p 00000000 00:00 0 
ceb00000-cf900000 rw-p 00000000 00:00 0 
cf900000-100000000 ---p 00000000 00:00 0 
5af769f1d000-5af769f1e000 r--p 00000000 08:12 13380479                   /usr/share/dbeaver-ce/jre/bin/java
5af769f1e000-5af769f1f000 r-xp 00001000 08:12 13380479                   /usr/share/dbeaver-ce/jre/bin/java
5af769f1f000-5af769f20000 r--p 00002000 08:12 13380479                   /usr/share/dbeaver-ce/jre/bin/java
5af769f20000-5af769f21000 r--p 00002000 08:12 13380479                   /usr/share/dbeaver-ce/jre/bin/java
5af769f21000-5af769f22000 rw-p 00003000 08:12 13380479                   /usr/share/dbeaver-ce/jre/bin/java
5af79369a000-5af7936e4000 rw-p 00000000 00:00 0                          [heap]
70082c000000-70082c021000 rw-p 00000000 00:00 0 
70082c021000-700830000000 ---p 00000000 00:00 0 
700834000000-70083402c000 rw-p 00000000 00:00 0 
70083402c000-700838000000 ---p 00000000 00:00 0 
700838000000-700838021000 rw-p 00000000 00:00 0 
700838021000-70083c000000 ---p 00000000 00:00 0 
70083c000000-70083c021000 rw-p 00000000 00:00 0 
70083c021000-700840000000 ---p 00000000 00:00 0 
700840000000-700840021000 rw-p 00000000 00:00 0 
700840021000-700844000000 ---p 00000000 00:00 0 
700844000000-700844021000 rw-p 00000000 00:00 0 
700844021000-700848000000 ---p 00000000 00:00 0 
700848000000-700848021000 rw-p 00000000 00:00 0 
700848021000-70084c000000 ---p 00000000 00:00 0 
70084c000000-70084c021000 rw-p 00000000 00:00 0 
70084c021000-700850000000 ---p 00000000 00:00 0 
700850000000-700850021000 rw-p 00000000 00:00 0 
700850021000-700854000000 ---p 00000000 00:00 0 
700856200000-700856201000 r--p 00000000 08:12 12594704                   /usr/lib/x86_64-linux-gnu/libicudata.so.74.2
700856201000-700856202000 r-xp 00001000 08:12 12594704                   /usr/lib/x86_64-linux-gnu/libicudata.so.74.2
700856202000-700857f5e000 r--p 00002000 08:12 12594704                   /usr/lib/x86_64-linux-gnu/libicudata.so.74.2
700857f5e000-700857f5f000 r--p 01d5d000 08:12 12594704                   /usr/lib/x86_64-linux-gnu/libicudata.so.74.2
700857f5f000-700857f60000 rw-p 01d5e000 08:12 12594704                   /usr/lib/x86_64-linux-gnu/libicudata.so.74.2
700858000000-700858021000 rw-p 00000000 00:00 0 
700858021000-70085c000000 ---p 00000000 00:00 0 
70085c000000-70085c021000 rw-p 00000000 00:00 0 
70085c021000-700860000000 ---p 00000000 00:00 0 
700860000000-700860021000 rw-p 00000000 00:00 0 
700860021000-700864000000 ---p 00000000 00:00 0 
700864000000-700864021000 rw-p 00000000 00:00 0 
700864021000-700868000000 ---p 00000000 00:00 0 
700868000000-700868021000 rw-p 00000000 00:00 0 
700868021000-70086c000000 ---p 00000000 00:00 0 
70086c000000-70086c02a000 rw-p 00000000 00:00 0 
70086c02a000-700870000000 ---p 00000000 00:00 0 
700870000000-700870021000 rw-p 00000000 00:00 0 
700870021000-700874000000 ---p 00000000 00:00 0 
700874000000-700874021000 rw-p 00000000 00:00 0 
700874021000-700878000000 ---p 00000000 00:00 0 
700878000000-700878021000 rw-p 00000000 00:00 0 
700878021000-70087c000000 ---p 00000000 00:00 0 
70087c000000-70087c021000 rw-p 00000000 00:00 0 
70087c021000-700880000000 ---p 00000000 00:00 0 
700880000000-700880021000 rw-p 00000000 00:00 0 
700880021000-700884000000 ---p 00000000 00:00 0 
700884000000-700885b73000 rw-p 00000000 00:00 0 
700885b73000-700888000000 ---p 00000000 00:00 0 
700888000000-700888021000 rw-p 00000000 00:00 0 
700888021000-70088c000000 ---p 00000000 00:00 0 
70088c000000-70088c021000 rw-p 00000000 00:00 0 
70088c021000-700890000000 ---p 00000000 00:00 0 
700890000000-700890021000 rw-p 00000000 00:00 0 
700890021000-700894000000 ---p 00000000 00:00 0 
700894000000-700894021000 rw-p 00000000 00:00 0 
700894021000-700898000000 ---p 00000000 00:00 0 
700898000000-700898021000 rw-p 00000000 00:00 0 
700898021000-70089c000000 ---p 00000000 00:00 0 
70089c000000-70089c021000 rw-p 00000000 00:00 0 
70089c021000-7008a0000000 ---p 00000000 00:00 0 
7008a0000000-7008a0021000 rw-p 00000000 00:00 0 
7008a0021000-7008a4000000 ---p 00000000 00:00 0 
7008a4000000-7008a4021000 rw-p 00000000 00:00 0 
7008a4021000-7008a8000000 ---p 00000000 00:00 0 
7008a8000000-7008a87bb000 rw-p 00000000 00:00 0 
7008a87bb000-7008ac000000 ---p 00000000 00:00 0 
7008ac000000-7008ac02c000 rw-p 00000000 00:00 0 
7008ac02c000-7008b0000000 ---p 00000000 00:00 0 
7008b0000000-7008b0021000 rw-p 00000000 00:00 0 
7008b0021000-7008b4000000 ---p 00000000 00:00 0 
7008b4000000-7008b4078000 rw-p 00000000 00:00 0 
7008b4078000-7008b8000000 ---p 00000000 00:00 0 
7008b8000000-7008b8021000 rw-p 00000000 00:00 0 
7008b8021000-7008bc000000 ---p 00000000 00:00 0 
7008bc000000-7008bc021000 rw-p 00000000 00:00 0 
7008bc021000-7008c0000000 ---p 00000000 00:00 0 
7008c0548000-7008c054c000 ---p 00000000 00:00 0 
7008c054c000-7008c0648000 rw-p 00000000 00:00 0 
7008c0648000-7008c064c000 ---p 00000000 00:00 0 
7008c064c000-7008c0748000 rw-p 00000000 00:00 0 
7008c0748000-7008c074c000 ---p 00000000 00:00 0 
7008c074c000-7008c0848000 rw-p 00000000 00:00 0 
7008c0848000-7008c084c000 ---p 00000000 00:00 0 
7008c084c000-7008c0948000 rw-p 00000000 00:00 0 
7008c0948000-7008c09f8000 rw-s 00000000 00:01 5623                       /memfd:gdk-wayland (deleted)
7008c09f8000-7008c09fc000 ---p 00000000 00:00 0 
7008c09fc000-7008c0af8000 rw-p 00000000 00:00 0 
7008c0af8000-7008c0afc000 ---p 00000000 00:00 0 
7008c0afc000-7008c0bf8000 rw-p 00000000 00:00 0 
7008c0bf8000-7008c0bfc000 ---p 00000000 00:00 0 
7008c0bfc000-7008c0cf8000 rw-p 00000000 00:00 0 
7008c0cf8000-7008c0cfc000 ---p 00000000 00:00 0 
7008c0cfc000-7008c0df8000 rw-p 00000000 00:00 0 
7008c0df8000-7008c0dfc000 ---p 00000000 00:00 0 
7008c0dfc000-7008c0ef8000 rw-p 00000000 00:00 0 
7008c0ef8000-7008c1000000 r--p 00000000 08:12 12612821                   /usr/share/fonts/truetype/ubuntu/UbuntuSans[wdth,wght].ttf
7008c1000000-7008c109d000 r--p 00000000 08:12 12607050                   /usr/lib/x86_64-linux-gnu/libstdc++.so.6.0.33
7008c109d000-7008c11e5000 r-xp 0009d000 08:12 12607050                   /usr/lib/x86_64-linux-gnu/libstdc++.so.6.0.33
7008c11e5000-7008c126c000 r--p 001e5000 08:12 12607050                   /usr/lib/x86_64-linux-gnu/libstdc++.so.6.0.33
7008c126c000-7008c1277000 r--p 0026b000 08:12 12607050                   /usr/lib/x86_64-linux-gnu/libstdc++.so.6.0.33
7008c1277000-7008c127a000 rw-p 00276000 08:12 12607050                   /usr/lib/x86_64-linux-gnu/libstdc++.so.6.0.33
7008c127a000-7008c127e000 rw-p 00000000 00:00 0 
7008c1289000-7008c128b000 r--p 00000000 08:12 12594850                   /usr/lib/x86_64-linux-gnu/libogg.so.0.8.5
7008c128b000-7008c128e000 r-xp 00002000 08:12 12594850                   /usr/lib/x86_64-linux-gnu/libogg.so.0.8.5
7008c128e000-7008c1291000 r--p 00005000 08:12 12594850                   /usr/lib/x86_64-linux-gnu/libogg.so.0.8.5
7008c1291000-7008c1292000 r--p 00007000 08:12 12594850                   /usr/lib/x86_64-linux-gnu/libogg.so.0.8.5
7008c1292000-7008c1293000 rw-p 00008000 08:12 12594850                   /usr/lib/x86_64-linux-gnu/libogg.so.0.8.5
7008c1293000-7008c1296000 r--p 00000000 08:12 12595046                   /usr/lib/x86_64-linux-gnu/libvorbis.so.0.4.9
7008c1296000-7008c12ae000 r-xp 00003000 08:12 12595046                   /usr/lib/x86_64-linux-gnu/libvorbis.so.0.4.9
7008c12ae000-7008c12bf000 r--p 0001b000 08:12 12595046                   /usr/lib/x86_64-linux-gnu/libvorbis.so.0.4.9
7008c12bf000-7008c12c0000 r--p 0002b000 08:12 12595046                   /usr/lib/x86_64-linux-gnu/libvorbis.so.0.4.9
7008c12c0000-7008c12c1000 rw-p 0002c000 08:12 12595046                   /usr/lib/x86_64-linux-gnu/libvorbis.so.0.4.9
7008c12c1000-7008c12c3000 r--p 00000000 08:12 12594757                   /usr/lib/x86_64-linux-gnu/libltdl.so.7.3.2
7008c12c3000-7008c12c8000 r-xp 00002000 08:12 12594757                   /usr/lib/x86_64-linux-gnu/libltdl.so.7.3.2
7008c12c8000-7008c12ca000 r--p 00007000 08:12 12594757                   /usr/lib/x86_64-linux-gnu/libltdl.so.7.3.2
7008c12ca000-7008c12cb000 r--p 00008000 08:12 12594757                   /usr/lib/x86_64-linux-gnu/libltdl.so.7.3.2
7008c12cb000-7008c12cc000 rw-p 00009000 08:12 12594757                   /usr/lib/x86_64-linux-gnu/libltdl.so.7.3.2
7008c12cc000-7008c12d0000 r--p 00000000 08:12 12594995                   /usr/lib/x86_64-linux-gnu/libtdb.so.1.4.10
7008c12d0000-7008c12de000 r-xp 00004000 08:12 12594995                   /usr/lib/x86_64-linux-gnu/libtdb.so.1.4.10
7008c12de000-7008c12e3000 r--p 00012000 08:12 12594995                   /usr/lib/x86_64-linux-gnu/libtdb.so.1.4.10
7008c12e3000-7008c12e4000 r--p 00016000 08:12 12594995                   /usr/lib/x86_64-linux-gnu/libtdb.so.1.4.10
7008c12e4000-7008c12e5000 rw-p 00017000 08:12 12594995                   /usr/lib/x86_64-linux-gnu/libtdb.so.1.4.10
7008c12e5000-7008c12e8000 r--p 00000000 08:12 12594468                   /usr/lib/x86_64-linux-gnu/libcanberra.so.0.2.5
7008c12e8000-7008c12f3000 r-xp 00003000 08:12 12594468                   /usr/lib/x86_64-linux-gnu/libcanberra.so.0.2.5
7008c12f3000-7008c12f6000 r--p 0000e000 08:12 12594468                   /usr/lib/x86_64-linux-gnu/libcanberra.so.0.2.5
7008c12f6000-7008c12f7000 r--p 00010000 08:12 12594468                   /usr/lib/x86_64-linux-gnu/libcanberra.so.0.2.5
7008c12f7000-7008c12f8000 rw-p 00011000 08:12 12594468                   /usr/lib/x86_64-linux-gnu/libcanberra.so.0.2.5
7008c12f8000-7008c1400000 r--p 00000000 08:12 12612821                   /usr/share/fonts/truetype/ubuntu/UbuntuSans[wdth,wght].ttf
7008c1400000-7008c1468000 r--p 00000000 08:12 12594709                   /usr/lib/x86_64-linux-gnu/libicuuc.so.74.2
7008c1468000-7008c156d000 r-xp 00068000 08:12 12594709                   /usr/lib/x86_64-linux-gnu/libicuuc.so.74.2
7008c156d000-7008c15f7000 r--p 0016d000 08:12 12594709                   /usr/lib/x86_64-linux-gnu/libicuuc.so.74.2
7008c15f7000-7008c160a000 r--p 001f7000 08:12 12594709                   /usr/lib/x86_64-linux-gnu/libicuuc.so.74.2
7008c160a000-7008c160b000 rw-p 0020a000 08:12 12594709                   /usr/lib/x86_64-linux-gnu/libicuuc.so.74.2
7008c160b000-7008c160d000 rw-p 00000000 00:00 0 
7008c1614000-7008c1616000 r--p 00000000 08:12 12595048                   /usr/lib/x86_64-linux-gnu/libvorbisfile.so.3.3.8
7008c1616000-7008c161b000 r-xp 00002000 08:12 12595048                   /usr/lib/x86_64-linux-gnu/libvorbisfile.so.3.3.8
7008c161b000-7008c161c000 r--p 00007000 08:12 12595048                   /usr/lib/x86_64-linux-gnu/libvorbisfile.so.3.3.8
7008c161c000-7008c161d000 r--p 00007000 08:12 12595048                   /usr/lib/x86_64-linux-gnu/libvorbisfile.so.3.3.8
7008c161d000-7008c161e000 rw-p 00008000 08:12 12595048                   /usr/lib/x86_64-linux-gnu/libvorbisfile.so.3.3.8
7008c161e000-7008c164d000 r--p 00000000 08:12 12586463                   /usr/lib/x86_64-linux-gnu/libxml2.so.2.9.14
7008c164d000-7008c17b3000 r-xp 0002f000 08:12 12586463                   /usr/lib/x86_64-linux-gnu/libxml2.so.2.9.14
7008c17b3000-7008c17f5000 r--p 00195000 08:12 12586463                   /usr/lib/x86_64-linux-gnu/libxml2.so.2.9.14
7008c17f5000-7008c17fe000 r--p 001d6000 08:12 12586463                   /usr/lib/x86_64-linux-gnu/libxml2.so.2.9.14
7008c17fe000-7008c17ff000 rw-p 001df000 08:12 12586463                   /usr/lib/x86_64-linux-gnu/libxml2.so.2.9.14
7008c17ff000-7008c1800000 rw-p 00000000 00:00 0 
7008c1800000-7008c18b7000 r--p 00000000 08:12 12594931                   /usr/lib/x86_64-linux-gnu/librsvg-2.so.2.50.0
7008c18b7000-7008c1c4e000 r-xp 000b7000 08:12 12594931                   /usr/lib/x86_64-linux-gnu/librsvg-2.so.2.50.0
7008c1c4e000-7008c1de0000 r--p 0044e000 08:12 12594931                   /usr/lib/x86_64-linux-gnu/librsvg-2.so.2.50.0
7008c1de0000-7008c1e77000 r--p 005e0000 08:12 12594931                   /usr/lib/x86_64-linux-gnu/librsvg-2.so.2.50.0
7008c1e77000-7008c1e78000 rw-p 00677000 08:12 12594931                   /usr/lib/x86_64-linux-gnu/librsvg-2.so.2.50.0
7008c1e80000-7008c1e82000 r--p 00000000 08:12 12594467                   /usr/lib/x86_64-linux-gnu/libcanberra-gtk3.so.0.1.9
7008c1e82000-7008c1e84000 r-xp 00002000 08:12 12594467                   /usr/lib/x86_64-linux-gnu/libcanberra-gtk3.so.0.1.9
7008c1e84000-7008c1e85000 r--p 00004000 08:12 12594467                   /usr/lib/x86_64-linux-gnu/libcanberra-gtk3.so.0.1.9
7008c1e85000-7008c1e86000 r--p 00004000 08:12 12594467                   /usr/lib/x86_64-linux-gnu/libcanberra-gtk3.so.0.1.9
7008c1e86000-7008c1e87000 rw-p 00005000 08:12 12594467                   /usr/lib/x86_64-linux-gnu/libcanberra-gtk3.so.0.1.9
7008c1e99000-7008c1e9b000 r--p 00000000 08:12 12596450                   /usr/lib/x86_64-linux-gnu/gtk-3.0/modules/libcanberra-gtk3-module.so
7008c1e9b000-7008c1e9e000 r-xp 00002000 08:12 12596450                   /usr/lib/x86_64-linux-gnu/gtk-3.0/modules/libcanberra-gtk3-module.so
7008c1e9e000-7008c1e9f000 r--p 00005000 08:12 12596450                   /usr/lib/x86_64-linux-gnu/gtk-3.0/modules/libcanberra-gtk3-module.so
7008c1e9f000-7008c1ea0000 r--p 00005000 08:12 12596450                   /usr/lib/x86_64-linux-gnu/gtk-3.0/modules/libcanberra-gtk3-module.so
7008c1ea0000-7008c1ea1000 rw-p 00006000 08:12 12596450                   /usr/lib/x86_64-linux-gnu/gtk-3.0/modules/libcanberra-gtk3-module.so
7008c1ea1000-7008c1ea4000 r--p 00000000 08:12 22033014                   /home/david-daniel/.local/share/DBeaverData/install-data/org.jkiss.dbeaver.product/26.1.5-202608161900/org.eclipse.osgi/152/0/.cp/libswt-atk-gtk-4973r12.so
7008c1ea4000-7008c1ea8000 r-xp 00003000 08:12 22033014                   /home/david-daniel/.local/share/DBeaverData/install-data/org.jkiss.dbeaver.product/26.1.5-202608161900/org.eclipse.osgi/152/0/.cp/libswt-atk-gtk-4973r12.so
7008c1ea8000-7008c1eaa000 r--p 00007000 08:12 22033014                   /home/david-daniel/.local/share/DBeaverData/install-data/org.jkiss.dbeaver.product/26.1.5-202608161900/org.eclipse.osgi/152/0/.cp/libswt-atk-gtk-4973r12.so
7008c1eaa000-7008c1eab000 r--p 00008000 08:12 22033014                   /home/david-daniel/.local/share/DBeaverData/install-data/org.jkiss.dbeaver.product/26.1.5-202608161900/org.eclipse.osgi/152/0/.cp/libswt-atk-gtk-4973r12.so
7008c1eab000-7008c1eac000 rw-p 00009000 08:12 22033014                   /home/david-daniel/.local/share/DBeaverData/install-data/org.jkiss.dbeaver.product/26.1.5-202608161900/org.eclipse.osgi/152/0/.cp/libswt-atk-gtk-4973r12.so
7008c1eac000-7008c1f00000 r--p 00000000 08:12 12612522                   /usr/share/fonts/truetype/dejavu/DejaVuSansMono.ttf
7008c1f00000-7008c1f04000 ---p 00000000 00:00 0 
7008c1f04000-7008c2000000 rw-p 00000000 00:00 0 
7008c2000000-7008c2002000 r-xp 00000000 08:12 22032988                   /home/david-daniel/.local/share/DBeaverData/install-data/org.jkiss.dbeaver.product/26.1.5-202608161900/org.eclipse.osgi/49/0/.cp/os/linux/x86_64/libunixfile_1_0_0.so
7008c2002000-7008c2201000 ---p 00002000 08:12 22032988                   /home/david-daniel/.local/share/DBeaverData/install-data/org.jkiss.dbeaver.product/26.1.5-202608161900/org.eclipse.osgi/49/0/.cp/os/linux/x86_64/libunixfile_1_0_0.so
7008c2201000-7008c2202000 r--p 00001000 08:12 22032988                   /home/david-daniel/.local/share/DBeaverData/install-data/org.jkiss.dbeaver.product/26.1.5-202608161900/org.eclipse.osgi/49/0/.cp/os/linux/x86_64/libunixfile_1_0_0.so
7008c2202000-7008c2203000 rw-p 00002000 08:12 22032988                   /home/david-daniel/.local/share/DBeaverData/install-data/org.jkiss.dbeaver.product/26.1.5-202608161900/org.eclipse.osgi/49/0/.cp/os/linux/x86_64/libunixfile_1_0_0.so
7008c2206000-7008c2208000 r--p 00000000 08:12 12596446                   /usr/lib/x86_64-linux-gnu/gtk-3.0/3.0.0/immodules/im-wayland.so
7008c2208000-7008c220a000 r-xp 00002000 08:12 12596446                   /usr/lib/x86_64-linux-gnu/gtk-3.0/3.0.0/immodules/im-wayland.so
7008c220a000-7008c220b000 r--p 00004000 08:12 12596446                   /usr/lib/x86_64-linux-gnu/gtk-3.0/3.0.0/immodules/im-wayland.so
7008c220b000-7008c220c000 r--p 00005000 08:12 12596446                   /usr/lib/x86_64-linux-gnu/gtk-3.0/3.0.0/immodules/im-wayland.so
7008c220c000-7008c220d000 rw-p 00006000 08:12 12596446                   /usr/lib/x86_64-linux-gnu/gtk-3.0/3.0.0/immodules/im-wayland.so
7008c220d000-7008c2211000 r--p 00000000 08:12 12592627                   /usr/lib/x86_64-linux-gnu/libgcc_s.so.1
7008c2211000-7008c2235000 r-xp 00004000 08:12 12592627                   /usr/lib/x86_64-linux-gnu/libgcc_s.so.1
7008c2235000-7008c2239000 r--p 00028000 08:12 12592627                   /usr/lib/x86_64-linux-gnu/libgcc_s.so.1
7008c2239000-7008c223a000 r--p 0002b000 08:12 12592627                   /usr/lib/x86_64-linux-gnu/libgcc_s.so.1
7008c223a000-7008c223b000 rw-p 0002c000 08:12 12592627                   /usr/lib/x86_64-linux-gnu/libgcc_s.so.1
7008c223b000-7008c223c000 r--p 00000000 08:12 13379871                   /usr/share/dbeaver-ce/jre/lib/libextnet.so
7008c223c000-7008c223d000 r-xp 00001000 08:12 13379871                   /usr/share/dbeaver-ce/jre/lib/libextnet.so
7008c223d000-7008c223e000 r--p 00002000 08:12 13379871                   /usr/share/dbeaver-ce/jre/lib/libextnet.so
7008c223e000-7008c223f000 r--p 00002000 08:12 13379871                   /usr/share/dbeaver-ce/jre/lib/libextnet.so
7008c223f000-7008c2240000 rw-p 00003000 08:12 13379871                   /usr/share/dbeaver-ce/jre/lib/libextnet.so
7008c2240000-7008c2246000 r--p 00000000 08:12 22033002                   /home/david-daniel/.local/share/DBeaverData/install-data/org.jkiss.dbeaver.product/26.1.5-202608161900/org.eclipse.osgi/152/0/.cp/libswt-cairo-gtk-4973r12.so
7008c2246000-7008c2249000 r-xp 00006000 08:12 22033002                   /home/david-daniel/.local/share/DBeaverData/install-data/org.jkiss.dbeaver.product/26.1.5-202608161900/org.eclipse.osgi/152/0/.cp/libswt-cairo-gtk-4973r12.so
7008c2249000-7008c224b000 r--p 00009000 08:12 22033002                   /home/david-daniel/.local/share/DBeaverData/install-data/org.jkiss.dbeaver.product/26.1.5-202608161900/org.eclipse.osgi/152/0/.cp/libswt-cairo-gtk-4973r12.so
7008c224b000-7008c224c000 r--p 0000a000 08:12 22033002                   /home/david-daniel/.local/share/DBeaverData/install-data/org.jkiss.dbeaver.product/26.1.5-202608161900/org.eclipse.osgi/152/0/.cp/libswt-cairo-gtk-4973r12.so
7008c224c000-7008c224d000 rw-p 0000b000 08:12 22033002                   /home/david-daniel/.local/share/DBeaverData/install-data/org.jkiss.dbeaver.product/26.1.5-202608161900/org.eclipse.osgi/152/0/.cp/libswt-cairo-gtk-4973r12.so
7008c224d000-7008c2253000 r--p 00000000 08:12 12722020                   /usr/share/icons/hicolor/icon-theme.cache
7008c2253000-7008c22a3000 r--p 00000000 08:12 12736730                   /usr/share/icons/Humanity/icon-theme.cache
7008c22a3000-7008c22a7000 ---p 00000000 00:00 0 
7008c22a7000-7008c23a3000 rw-p 00000000 00:00 0 
7008c23a3000-7008c23a7000 ---p 00000000 00:00 0 
7008c23a7000-7008c24a3000 rw-p 00000000 00:00 0 
7008c24a3000-7008c24a7000 ---p 00000000 00:00 0 
7008c24a7000-7008c25a3000 rw-p 00000000 00:00 0 
7008c25a3000-7008c25ae000 r--p 00000000 08:12 13379873                   /usr/share/dbeaver-ce/jre/lib/libfreetype.so
7008c25ae000-7008c2626000 r-xp 0000b000 08:12 13379873                   /usr/share/dbeaver-ce/jre/lib/libfreetype.so
7008c2626000-7008c264a000 r--p 00083000 08:12 13379873                   /usr/share/dbeaver-ce/jre/lib/libfreetype.so
7008c264a000-7008c2650000 r--p 000a7000 08:12 13379873                   /usr/share/dbeaver-ce/jre/lib/libfreetype.so
7008c2650000-7008c2651000 rw-p 000ad000 08:12 13379873                   /usr/share/dbeaver-ce/jre/lib/libfreetype.so
7008c2651000-7008c2658000 r--p 00000000 08:12 13379872                   /usr/share/dbeaver-ce/jre/lib/libfontmanager.so
7008c2658000-7008c27db000 r-xp 00007000 08:12 13379872                   /usr/share/dbeaver-ce/jre/lib/libfontmanager.so
7008c27db000-7008c2817000 r--p 0018a000 08:12 13379872                   /usr/share/dbeaver-ce/jre/lib/libfontmanager.so
7008c2817000-7008c2819000 r--p 001c6000 08:12 13379872                   /usr/share/dbeaver-ce/jre/lib/libfontmanager.so
7008c2819000-7008c281a000 rw-p 001c8000 08:12 13379872                   /usr/share/dbeaver-ce/jre/lib/libfontmanager.so
7008c281a000-7008c281b000 rw-p 00000000 00:00 0 
7008c281b000-7008c282c000 r--p 00000000 08:12 13379870                   /usr/share/dbeaver-ce/jre/lib/libawt_xawt.so
7008c282c000-7008c286f000 r-xp 00011000 08:12 13379870                   /usr/share/dbeaver-ce/jre/lib/libawt_xawt.so
7008c286f000-7008c2883000 r--p 00054000 08:12 13379870                   /usr/share/dbeaver-ce/jre/lib/libawt_xawt.so
7008c2883000-7008c2885000 r--p 00067000 08:12 13379870                   /usr/share/dbeaver-ce/jre/lib/libawt_xawt.so
7008c2885000-7008c2887000 rw-p 00069000 08:12 13379870                   /usr/share/dbeaver-ce/jre/lib/libawt_xawt.so
7008c2887000-7008c2889000 rw-p 00000000 00:00 0 
7008c2889000-7008c28a8000 r--p 00000000 08:12 13379868                   /usr/share/dbeaver-ce/jre/lib/libawt.so
7008c28a8000-7008c2946000 r-xp 0001f000 08:12 13379868                   /usr/share/dbeaver-ce/jre/lib/libawt.so
7008c2946000-7008c2953000 r--p 000bd000 08:12 13379868                   /usr/share/dbeaver-ce/jre/lib/libawt.so
7008c2953000-7008c2954000 r--p 000c9000 08:12 13379868                   /usr/share/dbeaver-ce/jre/lib/libawt.so
7008c2954000-7008c295f000 rw-p 000ca000 08:12 13379868                   /usr/share/dbeaver-ce/jre/lib/libawt.so
7008c295f000-7008c2984000 rw-p 00000000 00:00 0 
7008c2984000-7008c29bf000 r--p 00000000 08:12 22032967                   /home/david-daniel/.local/share/DBeaverData/install-data/org.jkiss.dbeaver.product/26.1.5-202608161900/org.eclipse.osgi/152/0/.cp/libswt-pi3-gtk-4973r12.so
7008c29bf000-7008c29e0000 r-xp 0003b000 08:12 22032967                   /home/david-daniel/.local/share/DBeaverData/install-data/org.jkiss.dbeaver.product/26.1.5-202608161900/org.eclipse.osgi/152/0/.cp/libswt-pi3-gtk-4973r12.so
7008c29e0000-7008c29f3000 r--p 0005c000 08:12 22032967                   /home/david-daniel/.local/share/DBeaverData/install-data/org.jkiss.dbeaver.product/26.1.5-202608161900/org.eclipse.osgi/152/0/.cp/libswt-pi3-gtk-4973r12.so
7008c29f3000-7008c29f4000 r--p 0006e000 08:12 22032967                   /home/david-daniel/.local/share/DBeaverData/install-data/org.jkiss.dbeaver.product/26.1.5-202608161900/org.eclipse.osgi/152/0/.cp/libswt-pi3-gtk-4973r12.so
7008c29f4000-7008c29f7000 rw-p 0006f000 08:12 22032967                   /home/david-daniel/.local/share/DBeaverData/install-data/org.jkiss.dbeaver.product/26.1.5-202608161900/org.eclipse.osgi/152/0/.cp/libswt-pi3-gtk-4973r12.so
7008c29f7000-7008c29f8000 rw-p 00000000 00:00 0 
7008c29f8000-7008c29fc000 ---p 00000000 00:00 0 
7008c29fc000-7008c2af8000 rw-p 00000000 00:00 0 
7008c2af8000-7008c2afc000 ---p 00000000 00:00 0 
7008c2afc000-7008c2bf8000 rw-p 00000000 00:00 0 
7008c2bf8000-7008c2bfc000 ---p 00000000 00:00 0 
7008c2bfc000-7008c2cf8000 rw-p 00000000 00:00 0 
7008c2cf8000-7008c2cfc000 ---p 00000000 00:00 0 
7008c2cfc000-7008c2df8000 rw-p 00000000 00:00 0 
7008c2df8000-7008c2dfc000 ---p 00000000 00:00 0 
7008c2dfc000-7008c2ef8000 rw-p 00000000 00:00 0 
7008c2ef8000-7008c2ef9000 ---p 00000000 00:00 0 
7008c2ef9000-7008c2ff9000 rw-p 00000000 00:00 0 
7008c2ff9000-7008c2ffd000 ---p 00000000 00:00 0 
7008c2ffd000-7008c30f9000 rw-p 00000000 00:00 0 
7008c30f9000-7008c30fd000 ---p 00000000 00:00 0 
7008c30fd000-7008c31f9000 rw-p 00000000 00:00 0 
7008c31f9000-7008c31fa000 ---p 00000000 00:00 0 
7008c31fa000-7008c32fa000 rw-p 00000000 00:00 0 
7008c32fa000-7008c32fb000 ---p 00000000 00:00 0 
7008c32fb000-7008c33fb000 rw-p 00000000 00:00 0 
7008c33fb000-7008c33fc000 ---p 00000000 00:00 0 
7008c33fc000-7008c34fc000 rw-p 00000000 00:00 0 
7008c34fc000-7008c34fd000 ---p 00000000 00:00 0 
7008c34fd000-7008c35fd000 rw-p 00000000 00:00 0 
7008c35fd000-7008c35fe000 ---p 00000000 00:00 0 
7008c35fe000-7008c36fe000 rw-p 00000000 00:00 0 
7008c36fe000-7008c36ff000 ---p 00000000 00:00 0 
7008c36ff000-7008c37ff000 rw-p 00000000 00:00 0 
7008c37ff000-7008c3800000 ---p 00000000 00:00 0 
7008c3800000-7008c3900000 rw-p 00000000 00:00 0 
7008c3900000-7008c3904000 ---p 00000000 00:00 0 
7008c3904000-7008c3a00000 rw-p 00000000 00:00 0 
7008c3a00000-7008c3a04000 ---p 00000000 00:00 0 
7008c3a04000-7008c3b00000 rw-p 00000000 00:00 0 
7008c3b00000-7008c3b04000 ---p 00000000 00:00 0 
7008c3b04000-7008c3c00000 rw-p 00000000 00:00 0 
7008c3c00000-7008c3c04000 ---p 00000000 00:00 0 
7008c3c04000-7008c3d00000 rw-p 00000000 00:00 0 
7008c3d00000-7008c3d04000 ---p 00000000 00:00 0 
7008c3d04000-7008c3e00000 rw-p 00000000 00:00 0 
7008c3e00000-7008c3e04000 ---p 00000000 00:00 0 
7008c3e04000-7008c3f00000 rw-p 00000000 00:00 0 
7008c3f00000-7008c3f04000 ---p 00000000 00:00 0 
7008c3f04000-7008c4000000 rw-p 00000000 00:00 0 
7008c4000000-7008c4021000 rw-p 00000000 00:00 0 
7008c4021000-7008c8000000 ---p 00000000 00:00 0 
7008c8000000-7008c8021000 rw-p 00000000 00:00 0 
7008c8021000-7008cc000000 ---p 00000000 00:00 0 
7008cc000000-7008cc021000 rw-p 00000000 00:00 0 
7008cc021000-7008d0000000 ---p 00000000 00:00 0 
7008d0000000-7008d0021000 rw-p 00000000 00:00 0 
7008d0021000-7008d4000000 ---p 00000000 00:00 0 
7008d4000000-7008d40a0000 rw-p 00000000 00:00 0 
7008d40a0000-7008d8000000 ---p 00000000 00:00 0 
7008d8000000-7008d9715000 rw-p 00000000 00:00 0 
7008d9715000-7008dc000000 ---p 00000000 00:00 0 
7008dc000000-7008dc021000 rw-p 00000000 00:00 0 
7008dc021000-7008e0000000 ---p 00000000 00:00 0 
7008e0000000-7008e0021000 rw-p 00000000 00:00 0 
7008e0021000-7008e4000000 ---p 00000000 00:00 0 
7008e4000000-7008e4021000 rw-p 00000000 00:00 0 
7008e4021000-7008e8000000 ---p 00000000 00:00 0 
7008e8000000-7008e8021000 rw-p 00000000 00:00 0 
7008e8021000-7008ec000000 ---p 00000000 00:00 0 
7008ec000000-7008ec021000 rw-p 00000000 00:00 0 
7008ec021000-7008f0000000 ---p 00000000 00:00 0 
7008f0000000-7008f0001000 r--p 00000000 08:12 12596159                   /usr/lib/x86_64-linux-gnu/gdk-pixbuf-2.0/2.10.0/loaders/libpixbufloader-svg.so
7008f0001000-7008f0002000 r-xp 00001000 08:12 12596159                   /usr/lib/x86_64-linux-gnu/gdk-pixbuf-2.0/2.10.0/loaders/libpixbufloader-svg.so
7008f0002000-7008f0003000 r--p 00002000 08:12 12596159                   /usr/lib/x86_64-linux-gnu/gdk-pixbuf-2.0/2.10.0/loaders/libpixbufloader-svg.so
7008f0003000-7008f0004000 r--p 00002000 08:12 12596159                   /usr/lib/x86_64-linux-gnu/gdk-pixbuf-2.0/2.10.0/loaders/libpixbufloader-svg.so
7008f0004000-7008f0005000 rw-p 00003000 08:12 12596159                   /usr/lib/x86_64-linux-gnu/gdk-pixbuf-2.0/2.10.0/loaders/libpixbufloader-svg.so
7008f0005000-7008f0033000 r--p 00000000 08:12 12747914                   /usr/share/icons/Yaru/icon-theme.cache
7008f0033000-7008f0035000 r--p 00000000 08:12 12594327                   /usr/lib/x86_64-linux-gnu/libXtst.so.6.1.0
7008f0035000-7008f0038000 r-xp 00002000 08:12 12594327                   /usr/lib/x86_64-linux-gnu/libXtst.so.6.1.0
7008f0038000-7008f0039000 r--p 00005000 08:12 12594327                   /usr/lib/x86_64-linux-gnu/libXtst.so.6.1.0
7008f0039000-7008f003a000 r--p 00005000 08:12 12594327                   /usr/lib/x86_64-linux-gnu/libXtst.so.6.1.0
7008f003a000-7008f003b000 rw-p 00006000 08:12 12594327                   /usr/lib/x86_64-linux-gnu/libXtst.so.6.1.0
7008f003e000-7008f0048000 r--p 00000000 08:12 12730683                   /usr/share/icons/Adwaita/icon-theme.cache
7008f0048000-7008f0049000 r--p 00000000 08:12 13379876                   /usr/share/dbeaver-ce/jre/lib/libjaas.so
7008f0049000-7008f004a000 r-xp 00001000 08:12 13379876                   /usr/share/dbeaver-ce/jre/lib/libjaas.so
7008f004a000-7008f004b000 r--p 00002000 08:12 13379876                   /usr/share/dbeaver-ce/jre/lib/libjaas.so
7008f004b000-7008f004c000 r--p 00002000 08:12 13379876                   /usr/share/dbeaver-ce/jre/lib/libjaas.so
7008f004c000-7008f004d000 rw-p 00003000 08:12 13379876                   /usr/share/dbeaver-ce/jre/lib/libjaas.so
7008f004d000-7008f008c000 r--p 00000000 08:12 22032966                   /home/david-daniel/.local/share/DBeaverData/install-data/org.jkiss.dbeaver.product/26.1.5-202608161900/org.eclipse.osgi/152/0/.cp/libswt-gtk-4973r12.so
7008f008c000-7008f00b5000 r-xp 0003f000 08:12 22032966                   /home/david-daniel/.local/share/DBeaverData/install-data/org.jkiss.dbeaver.product/26.1.5-202608161900/org.eclipse.osgi/152/0/.cp/libswt-gtk-4973r12.so
7008f00b5000-7008f00da000 r--p 00068000 08:12 22032966                   /home/david-daniel/.local/share/DBeaverData/install-data/org.jkiss.dbeaver.product/26.1.5-202608161900/org.eclipse.osgi/152/0/.cp/libswt-gtk-4973r12.so
7008f00da000-7008f00db000 r--p 0008c000 08:12 22032966                   /home/david-daniel/.local/share/DBeaverData/install-data/org.jkiss.dbeaver.product/26.1.5-202608161900/org.eclipse.osgi/152/0/.cp/libswt-gtk-4973r12.so
7008f00db000-7008f00e3000 rw-p 0008d000 08:12 22032966                   /home/david-daniel/.local/share/DBeaverData/install-data/org.jkiss.dbeaver.product/26.1.5-202608161900/org.eclipse.osgi/152/0/.cp/libswt-gtk-4973r12.so
7008f00e3000-7008f00e7000 rw-p 00000000 00:00 0 
7008f00e7000-7008f00eb000 r--p 00000000 08:12 13379895                   /usr/share/dbeaver-ce/jre/lib/libverify.so
7008f00eb000-7008f00f4000 r-xp 00004000 08:12 13379895                   /usr/share/dbeaver-ce/jre/lib/libverify.so
7008f00f4000-7008f00f6000 r--p 0000d000 08:12 13379895                   /usr/share/dbeaver-ce/jre/lib/libverify.so
7008f00f6000-7008f00f8000 r--p 0000e000 08:12 13379895                   /usr/share/dbeaver-ce/jre/lib/libverify.so
7008f00f8000-7008f00f9000 rw-p 00010000 08:12 13379895                   /usr/share/dbeaver-ce/jre/lib/libverify.so
7008f00f9000-7008f00fd000 ---p 00000000 00:00 0 
7008f00fd000-7008f01f9000 rw-p 00000000 00:00 0 
7008f01f9000-7008f01fd000 ---p 00000000 00:00 0 
7008f01fd000-7008f02f9000 rw-p 00000000 00:00 0 
7008f02f9000-7008f02fd000 ---p 00000000 00:00 0 
7008f02fd000-7008f03f9000 rw-p 00000000 00:00 0 
7008f03f9000-7008f03fd000 ---p 00000000 00:00 0 
7008f03fd000-7008f04f9000 rw-p 00000000 00:00 0 
7008f04f9000-7008f04fd000 ---p 00000000 00:00 0 
7008f04fd000-7008f05f9000 rw-p 00000000 00:00 0 
7008f05f9000-7008f05fd000 ---p 00000000 00:00 0 
7008f05fd000-7008f06f9000 rw-p 00000000 00:00 0 
7008f06f9000-7008f0801000 r--p 00000000 08:12 12612821                   /usr/share/fonts/truetype/ubuntu/UbuntuSans[wdth,wght].ttf
7008f0801000-7008f0909000 r--p 00000000 08:12 12612821                   /usr/share/fonts/truetype/ubuntu/UbuntuSans[wdth,wght].ttf
7008f0909000-7008f0917000 r--s 00000000 08:12 16908692                   /var/cache/fontconfig/a4e60e8d1e10d2fdff3fe3037a1845fb-le64.cache-9
7008f0917000-7008f0975000 r--s 00000000 08:12 16908677                   /var/cache/fontconfig/2300eef321c393bfd76478a5c0e95b23-le64.cache-9
7008f0975000-7008f09ea000 r--s 00000000 08:12 16908675                   /var/cache/fontconfig/0bd3dc0958fa2205aaaa8ebb13e2872b-le64.cache-9
7008f09ea000-7008f0a28000 r--s 00000000 08:12 16920135                   /var/cache/fontconfig/365b55f210c0a22e9a19e35191240f32-le64.cache-9
7008f0a28000-7008f0a3f000 r--s 00000000 08:12 16922012                   /var/cache/fontconfig/d52a8644073d54c13679302ca1180695-le64.cache-9
7008f0a3f000-7008f0a4c000 r--s 00000000 08:12 16915461                   /var/cache/fontconfig/d589a48862398ed80a3d6066f4f56f4c-le64.cache-9
7008f0a4c000-7008f0a5c000 r--s 00000000 08:12 16908686                   /var/cache/fontconfig/6cc790b63b123a6a96ee260fcdad32a9-le64.cache-9
7008f0a5c000-7008f0a6d000 r--s 00000000 08:12 16908690                   /var/cache/fontconfig/9b89f8e3dae116d678bbf48e5f21f69b-le64.cache-9
7008f0a6d000-7008f0a7e000 r--s 00000000 08:12 16908698                   /var/cache/fontconfig/e13b20fdb08344e0e664864cc2ede53d-le64.cache-9
7008f0a7e000-7008f0a7f000 ---p 00000000 00:00 0 
7008f0a7f000-7008f127f000 rw-p 00000000 00:00 0 
7008f127f000-7008f12a7000 r--s 00000000 08:12 12585075                   /usr/share/mime/mime.cache
7008f12a7000-7008f12b9000 r--p 00000000 08:12 12584703                   /usr/lib/x86_64-linux-gnu/gvfs/libgvfscommon.so
7008f12b9000-7008f12d5000 r-xp 00012000 08:12 12584703                   /usr/lib/x86_64-linux-gnu/gvfs/libgvfscommon.so
7008f12d5000-7008f12e1000 r--p 0002e000 08:12 12584703                   /usr/lib/x86_64-linux-gnu/gvfs/libgvfscommon.so
7008f12e1000-7008f12e7000 r--p 00039000 08:12 12584703                   /usr/lib/x86_64-linux-gnu/gvfs/libgvfscommon.so
7008f12e7000-7008f12e8000 rw-p 0003f000 08:12 12584703                   /usr/lib/x86_64-linux-gnu/gvfs/libgvfscommon.so
7008f12e8000-7008f12f2000 r--p 00000000 08:12 12584706                   /usr/lib/x86_64-linux-gnu/gio/modules/libgvfsdbus.so
7008f12f2000-7008f1310000 r-xp 0000a000 08:12 12584706                   /usr/lib/x86_64-linux-gnu/gio/modules/libgvfsdbus.so
7008f1310000-7008f1318000 r--p 00028000 08:12 12584706                   /usr/lib/x86_64-linux-gnu/gio/modules/libgvfsdbus.so
7008f1318000-7008f131a000 r--p 00030000 08:12 12584706                   /usr/lib/x86_64-linux-gnu/gio/modules/libgvfsdbus.so
7008f131a000-7008f131b000 rw-p 00032000 08:12 12584706                   /usr/lib/x86_64-linux-gnu/gio/modules/libgvfsdbus.so
7008f131b000-7008f13cf000 r--p 00000000 08:12 12877328                   /usr/share/themes/Yaru-dark/gtk-3.0/gtk.gresource
7008f13cf000-7008f160f000 rw-s 00000000 00:01 559                        /memfd:wayland-cursor (deleted)
7008f160f000-7008f1610000 ---p 00000000 00:00 0 
7008f1610000-7008f1e10000 rw-p 00000000 00:00 0 
7008f1e10000-7008f1e11000 ---p 00000000 00:00 0 
7008f1e11000-7008f2611000 rw-p 00000000 00:00 0 
7008f2611000-7008f263a000 r--p 00000000 08:12 12586791                   /usr/share/glib-2.0/schemas/gschemas.compiled
7008f263a000-7008f265d000 r--p 00000000 08:12 12863065                   /usr/share/locale-langpack/pt_BR/LC_MESSAGES/glib20.mo
7008f265d000-7008f265e000 ---p 00000000 00:00 0 
7008f265e000-7008f2e5e000 rw-p 00000000 00:00 0 
7008f2e5e000-7008f2e5f000 ---p 00000000 00:00 0 
7008f2e5f000-7008f365f000 rw-p 00000000 00:00 0 
7008f365f000-7008f3660000 ---p 00000000 00:00 0 
7008f3660000-7008f3e60000 rw-p 00000000 00:00 0 
7008f3e60000-7008f3e93000 r--p 00000000 08:12 12863124                   /usr/share/locale-langpack/pt_BR/LC_MESSAGES/gtk30-properties.mo
7008f3e93000-7008f3e97000 r--p 00000000 08:12 12594636                   /usr/lib/x86_64-linux-gnu/libgpg-error.so.0.34.0
7008f3e97000-7008f3ead000 r-xp 00004000 08:12 12594636                   /usr/lib/x86_64-linux-gnu/libgpg-error.so.0.34.0
7008f3ead000-7008f3eb6000 r--p 0001a000 08:12 12594636                   /usr/lib/x86_64-linux-gnu/libgpg-error.so.0.34.0
7008f3eb6000-7008f3eb7000 r--p 00023000 08:12 12594636                   /usr/lib/x86_64-linux-gnu/libgpg-error.so.0.34.0
7008f3eb7000-7008f3eb8000 rw-p 00024000 08:12 12594636                   /usr/lib/x86_64-linux-gnu/libgpg-error.so.0.34.0
7008f3eb8000-7008f3ec7000 r--p 00000000 08:12 12586206                   /usr/lib/x86_64-linux-gnu/libgcrypt.so.20.4.3
7008f3ec7000-7008f3fbb000 r-xp 0000f000 08:12 12586206                   /usr/lib/x86_64-linux-gnu/libgcrypt.so.20.4.3
7008f3fbb000-7008f3ff6000 r--p 00103000 08:12 12586206                   /usr/lib/x86_64-linux-gnu/libgcrypt.so.20.4.3
7008f3ff6000-7008f3ffb000 r--p 0013e000 08:12 12586206                   /usr/lib/x86_64-linux-gnu/libgcrypt.so.20.4.3
7008f3ffb000-7008f3fff000 rw-p 00143000 08:12 12586206                   /usr/lib/x86_64-linux-gnu/libgcrypt.so.20.4.3
7008f3fff000-7008f4021000 rw-p 00000000 00:00 0 
7008f4021000-7008f8000000 ---p 00000000 00:00 0 
7008f8000000-7008f8021000 rw-p 00000000 00:00 0 
7008f8021000-7008fc000000 ---p 00000000 00:00 0 
7008fc000000-7008fe0fe000 rw-p 00000000 00:00 0 
7008fe0fe000-700900000000 ---p 00000000 00:00 0 
700900000000-700900fda000 rw-p 00000000 00:00 0 
700900fda000-700904000000 ---p 00000000 00:00 0 
700904000000-700904021000 rw-p 00000000 00:00 0 
700904021000-700908000000 ---p 00000000 00:00 0 
700908000000-700908021000 rw-p 00000000 00:00 0 
700908021000-70090c000000 ---p 00000000 00:00 0 
70090c000000-70090c021000 rw-p 00000000 00:00 0 
70090c021000-700910000000 ---p 00000000 00:00 0 
700910000000-700910021000 rw-p 00000000 00:00 0 
700910021000-700914000000 ---p 00000000 00:00 0 
700914000000-700914036000 rw-p 00000000 00:00 0 
700914036000-700918000000 ---p 00000000 00:00 0 
700918000000-700918021000 rw-p 00000000 00:00 0 
700918021000-70091c000000 ---p 00000000 00:00 0 
70091c000000-70091c500000 rw-p 00000000 00:00 0 
70091c500000-70091c520000 rw-p 00000000 00:00 0 
70091c520000-70091c540000 rw-p 00000000 00:00 0 
70091c540000-70091c580000 rw-p 00000000 00:00 0 
70091c580000-70091c700000 rw-p 00000000 00:00 0 
70091c700000-70091c720000 rw-p 00000000 00:00 0 
70091c720000-70091c740000 rw-p 00000000 00:00 0 
70091c740000-70091c780000 rw-p 00000000 00:00 0 
70091c780000-70091c900000 rw-p 00000000 00:00 0 
70091c900000-70091c920000 rw-p 00000000 00:00 0 
70091c920000-70091c940000 rw-p 00000000 00:00 0 
70091c940000-70091c980000 rw-p 00000000 00:00 0 
70091c980000-70091cb00000 rw-p 00000000 00:00 0 
70091cb00000-70091cb80000 rw-p 00000000 00:00 0 
70091cb80000-70091cc00000 rw-p 00000000 00:00 0 
70091cc00000-70091cd80000 rw-p 00000000 00:00 0 
70091cd80000-70091ce00000 rw-p 00000000 00:00 0 
70091ce00000-70091cf00000 rw-p 00000000 00:00 0 
70091cf00000-70091d000000 rw-p 00000000 00:00 0 
70091d000000-70091d100000 rw-p 00000000 00:00 0 
70091d100000-70091d200000 rw-p 00000000 00:00 0 
70091d200000-70091d3e0000 rw-p 00000000 00:00 0 
70091d3e0000-70091d500000 rw-p 00000000 00:00 0 
70091d500000-70091d600000 rw-p 00000000 00:00 0 
70091d600000-70091d900000 rw-p 00000000 00:00 0 
70091d900000-70091db00000 rw-p 00000000 00:00 0 
70091db00000-70091dc00000 rw-p 00000000 00:00 0 
70091dc00000-70091e300000 rw-p 00000000 00:00 0 
70091e300000-70091e400000 rw-p 00000000 00:00 0 
70091e400000-70091ebe0000 rw-p 00000000 00:00 0 
70091ebe0000-70091ef00000 rw-p 00000000 00:00 0 
70091ef00000-70091ef20000 rw-p 00000000 00:00 0 
70091ef20000-70091f000000 ---p 00000000 00:00 0 
70091f000000-70091f0d0000 rw-p 00000000 00:00 0 
70091f0d0000-700920000000 ---p 00000000 00:00 0 
700920000000-700920021000 rw-p 00000000 00:00 0 
700920021000-700924000000 ---p 00000000 00:00 0 
700924000000-700924021000 rw-p 00000000 00:00 0 
700924021000-700928000000 ---p 00000000 00:00 0 
700928000000-700928021000 rw-p 00000000 00:00 0 
700928021000-70092c000000 ---p 00000000 00:00 0 
70092c004000-70092c00c000 r--s 00000000 08:12 16908678                   /var/cache/fontconfig/3047814df9a2f067bd2d96a2b9c36e5a-le64.cache-9
70092c00c000-70092c012000 r--p 00000000 08:12 12863048                   /usr/share/locale-langpack/pt_BR/LC_MESSAGES/gdk-pixbuf.mo
70092c012000-70092c016000 r--p 00000000 08:12 12595120                   /usr/lib/x86_64-linux-gnu/libzstd.so.1.5.5
70092c016000-70092c0bd000 r-xp 00004000 08:12 12595120                   /usr/lib/x86_64-linux-gnu/libzstd.so.1.5.5
70092c0bd000-70092c0ca000 r--p 000ab000 08:12 12595120                   /usr/lib/x86_64-linux-gnu/libzstd.so.1.5.5
70092c0ca000-70092c0cb000 r--p 000b7000 08:12 12595120                   /usr/lib/x86_64-linux-gnu/libzstd.so.1.5.5
70092c0cb000-70092c0cc000 rw-p 000b8000 08:12 12595120                   /usr/lib/x86_64-linux-gnu/libzstd.so.1.5.5
70092c0cc000-70092c0cf000 r--p 00000000 08:12 12592104                   /usr/lib/x86_64-linux-gnu/liblzma.so.5.4.5
70092c0cf000-70092c0f1000 r-xp 00003000 08:12 12592104                   /usr/lib/x86_64-linux-gnu/liblzma.so.5.4.5
70092c0f1000-70092c0fc000 r--p 00025000 08:12 12592104                   /usr/lib/x86_64-linux-gnu/liblzma.so.5.4.5
70092c0fc000-70092c0fd000 r--p 00030000 08:12 12592104                   /usr/lib/x86_64-linux-gnu/liblzma.so.5.4.5
70092c0fd000-70092c0fe000 rw-p 00031000 08:12 12592104                   /usr/lib/x86_64-linux-gnu/liblzma.so.5.4.5
70092c0fe000-70092c101000 r--p 00000000 08:12 12594760                   /usr/lib/x86_64-linux-gnu/liblz4.so.1.9.4
70092c101000-70092c11c000 r-xp 00003000 08:12 12594760                   /usr/lib/x86_64-linux-gnu/liblz4.so.1.9.4
70092c11c000-70092c11e000 r--p 0001e000 08:12 12594760                   /usr/lib/x86_64-linux-gnu/liblz4.so.1.9.4
70092c11e000-70092c11f000 r--p 00020000 08:12 12594760                   /usr/lib/x86_64-linux-gnu/liblz4.so.1.9.4
70092c11f000-70092c120000 rw-p 00021000 08:12 12594760                   /usr/lib/x86_64-linux-gnu/liblz4.so.1.9.4
70092c120000-70092c136000 r--p 00000000 08:12 12583980                   /usr/lib/x86_64-linux-gnu/libsystemd.so.0.38.0
70092c136000-70092c1c5000 r-xp 00016000 08:12 12583980                   /usr/lib/x86_64-linux-gnu/libsystemd.so.0.38.0
70092c1c5000-70092c1f3000 r--p 000a5000 08:12 12583980                   /usr/lib/x86_64-linux-gnu/libsystemd.so.0.38.0
70092c1f3000-70092c1fe000 r--p 000d2000 08:12 12583980                   /usr/lib/x86_64-linux-gnu/libsystemd.so.0.38.0
70092c1fe000-70092c1ff000 rw-p 000dd000 08:12 12583980                   /usr/lib/x86_64-linux-gnu/libsystemd.so.0.38.0
70092c1ff000-70092c200000 rw-p 00000000 00:00 0 
70092c200000-70092c283000 r--p 00000000 08:12 12594669                   /usr/lib/x86_64-linux-gnu/libgtk-3.so.0.2409.32
70092c283000-70092c631000 r-xp 00083000 08:12 12594669                   /usr/lib/x86_64-linux-gnu/libgtk-3.so.0.2409.32
70092c631000-70092c9b6000 r--p 00431000 08:12 12594669                   /usr/lib/x86_64-linux-gnu/libgtk-3.so.0.2409.32
70092c9b6000-70092c9c6000 r--p 007b5000 08:12 12594669                   /usr/lib/x86_64-linux-gnu/libgtk-3.so.0.2409.32
70092c9c6000-70092c9c8000 rw-p 007c5000 08:12 12594669                   /usr/lib/x86_64-linux-gnu/libgtk-3.so.0.2409.32
70092c9c8000-70092c9cd000 rw-p 00000000 00:00 0 
70092c9cf000-70092c9eb000 r--p 00000000 08:12 12863125                   /usr/share/locale-langpack/pt_BR/LC_MESSAGES/gtk30.mo
70092c9eb000-70092c9ee000 r--p 00000000 08:12 12596565                   /usr/lib/x86_64-linux-gnu/libcap.so.2.66
70092c9ee000-70092c9f4000 r-xp 00003000 08:12 12596565                   /usr/lib/x86_64-linux-gnu/libcap.so.2.66
70092c9f4000-70092c9f6000 r--p 00009000 08:12 12596565                   /usr/lib/x86_64-linux-gnu/libcap.so.2.66
70092c9f6000-70092c9f7000 r--p 0000b000 08:12 12596565                   /usr/lib/x86_64-linux-gnu/libcap.so.2.66
70092c9f7000-70092c9f8000 rw-p 0000c000 08:12 12596565                   /usr/lib/x86_64-linux-gnu/libcap.so.2.66
70092c9f8000-70092ca04000 r--p 00000000 08:12 12594498                   /usr/lib/x86_64-linux-gnu/libdbus-1.so.3.32.4
70092ca04000-70092ca34000 r-xp 0000c000 08:12 12594498                   /usr/lib/x86_64-linux-gnu/libdbus-1.so.3.32.4
70092ca34000-70092ca45000 r--p 0003c000 08:12 12594498                   /usr/lib/x86_64-linux-gnu/libdbus-1.so.3.32.4
70092ca45000-70092ca46000 r--p 0004c000 08:12 12594498                   /usr/lib/x86_64-linux-gnu/libdbus-1.so.3.32.4
70092ca46000-70092ca47000 rw-p 0004d000 08:12 12594498                   /usr/lib/x86_64-linux-gnu/libdbus-1.so.3.32.4
70092ca47000-70092ca57000 r--p 00000000 08:12 12594420                   /usr/lib/x86_64-linux-gnu/libatspi.so.0.0.1
70092ca57000-70092ca70000 r-xp 00010000 08:12 12594420                   /usr/lib/x86_64-linux-gnu/libatspi.so.0.0.1
70092ca70000-70092ca7d000 r--p 00029000 08:12 12594420                   /usr/lib/x86_64-linux-gnu/libatspi.so.0.0.1
70092ca7d000-70092ca80000 r--p 00036000 08:12 12594420                   /usr/lib/x86_64-linux-gnu/libatspi.so.0.0.1
70092ca80000-70092ca81000 rw-p 00039000 08:12 12594420                   /usr/lib/x86_64-linux-gnu/libatspi.so.0.0.1
70092ca81000-70092ca8d000 r--p 00000000 08:12 12594416                   /usr/lib/x86_64-linux-gnu/libatk-bridge-2.0.so.0.0.0
70092ca8d000-70092caa7000 r-xp 0000c000 08:12 12594416                   /usr/lib/x86_64-linux-gnu/libatk-bridge-2.0.so.0.0.0
70092caa7000-70092caba000 r--p 00026000 08:12 12594416                   /usr/lib/x86_64-linux-gnu/libatk-bridge-2.0.so.0.0.0
70092caba000-70092cabb000 r--p 00039000 08:12 12594416                   /usr/lib/x86_64-linux-gnu/libatk-bridge-2.0.so.0.0.0
70092cabb000-70092cabd000 rw-p 0003a000 08:12 12594416                   /usr/lib/x86_64-linux-gnu/libatk-bridge-2.0.so.0.0.0
70092cabd000-70092cac8000 r--p 00000000 08:12 12594415                   /usr/lib/x86_64-linux-gnu/libatk-1.0.so.0.25209.1
70092cac8000-70092cad8000 r-xp 0000b000 08:12 12594415                   /usr/lib/x86_64-linux-gnu/libatk-1.0.so.0.25209.1
70092cad8000-70092cae3000 r--p 0001b000 08:12 12594415                   /usr/lib/x86_64-linux-gnu/libatk-1.0.so.0.25209.1
70092cae3000-70092cae6000 r--p 00026000 08:12 12594415                   /usr/lib/x86_64-linux-gnu/libatk-1.0.so.0.25209.1
70092cae6000-70092cae7000 rw-p 00029000 08:12 12594415                   /usr/lib/x86_64-linux-gnu/libatk-1.0.so.0.25209.1
70092cae7000-70092cae9000 r--p 00000000 08:12 12594775                   /usr/lib/x86_64-linux-gnu/libmd.so.0.1.0
70092cae9000-70092caf2000 r-xp 00002000 08:12 12594775                   /usr/lib/x86_64-linux-gnu/libmd.so.0.1.0
70092caf2000-70092caf4000 r--p 0000b000 08:12 12594775                   /usr/lib/x86_64-linux-gnu/libmd.so.0.1.0
70092caf4000-70092caf5000 r--p 0000c000 08:12 12594775                   /usr/lib/x86_64-linux-gnu/libmd.so.0.1.0
70092caf5000-70092caf6000 rw-p 0000d000 08:12 12594775                   /usr/lib/x86_64-linux-gnu/libmd.so.0.1.0
70092caf6000-70092cafa000 r--p 00000000 08:12 12594455                   /usr/lib/x86_64-linux-gnu/libbsd.so.0.12.1
70092cafa000-70092cb06000 r-xp 00004000 08:12 12594455                   /usr/lib/x86_64-linux-gnu/libbsd.so.0.12.1
70092cb06000-70092cb09000 r--p 00010000 08:12 12594455                   /usr/lib/x86_64-linux-gnu/libbsd.so.0.12.1
70092cb09000-70092cb0a000 r--p 00012000 08:12 12594455                   /usr/lib/x86_64-linux-gnu/libbsd.so.0.12.1
70092cb0a000-70092cb0b000 rw-p 00013000 08:12 12594455                   /usr/lib/x86_64-linux-gnu/libbsd.so.0.12.1
70092cb0b000-70092cb0c000 rw-p 00000000 00:00 0 
70092cb0c000-70092cb0d000 r--p 00000000 08:12 12594452                   /usr/lib/x86_64-linux-gnu/libbrotlicommon.so.1.1.0
70092cb0d000-70092cb0e000 r-xp 00001000 08:12 12594452                   /usr/lib/x86_64-linux-gnu/libbrotlicommon.so.1.1.0
70092cb0e000-70092cb2d000 r--p 00002000 08:12 12594452                   /usr/lib/x86_64-linux-gnu/libbrotlicommon.so.1.1.0
70092cb2d000-70092cb2e000 r--p 00021000 08:12 12594452                   /usr/lib/x86_64-linux-gnu/libbrotlicommon.so.1.1.0
70092cb2e000-70092cb2f000 rw-p 00022000 08:12 12594452                   /usr/lib/x86_64-linux-gnu/libbrotlicommon.so.1.1.0
70092cb2f000-70092cb36000 r--p 00000000 08:12 12585876                   /usr/lib/x86_64-linux-gnu/libblkid.so.1.1.0
70092cb36000-70092cb5a000 r-xp 00007000 08:12 12585876                   /usr/lib/x86_64-linux-gnu/libblkid.so.1.1.0
70092cb5a000-70092cb63000 r--p 0002b000 08:12 12585876                   /usr/lib/x86_64-linux-gnu/libblkid.so.1.1.0
70092cb63000-70092cb69000 r--p 00033000 08:12 12585876                   /usr/lib/x86_64-linux-gnu/libblkid.so.1.1.0
70092cb69000-70092cb6a000 rw-p 00039000 08:12 12585876                   /usr/lib/x86_64-linux-gnu/libblkid.so.1.1.0
70092cb6a000-70092cb6d000 r--p 00000000 08:12 12586918                   /usr/lib/x86_64-linux-gnu/libgraphite2.so.3.2.1
70092cb6d000-70092cb8a000 r-xp 00003000 08:12 12586918                   /usr/lib/x86_64-linux-gnu/libgraphite2.so.3.2.1
70092cb8a000-70092cb8d000 r--p 00020000 08:12 12586918                   /usr/lib/x86_64-linux-gnu/libgraphite2.so.3.2.1
70092cb8d000-70092cb8f000 r--p 00022000 08:12 12586918                   /usr/lib/x86_64-linux-gnu/libgraphite2.so.3.2.1
70092cb8f000-70092cb90000 rw-p 00024000 08:12 12586918                   /usr/lib/x86_64-linux-gnu/libgraphite2.so.3.2.1
70092cb90000-70092cb92000 r--p 00000000 08:12 12594496                   /usr/lib/x86_64-linux-gnu/libdatrie.so.1.4.0
70092cb92000-70092cb96000 r-xp 00002000 08:12 12594496                   /usr/lib/x86_64-linux-gnu/libdatrie.so.1.4.0
70092cb96000-70092cb97000 r--p 00006000 08:12 12594496                   /usr/lib/x86_64-linux-gnu/libdatrie.so.1.4.0
70092cb97000-70092cb98000 r--p 00006000 08:12 12594496                   /usr/lib/x86_64-linux-gnu/libdatrie.so.1.4.0
70092cb98000-70092cb99000 rw-p 00007000 08:12 12594496                   /usr/lib/x86_64-linux-gnu/libdatrie.so.1.4.0
70092cb99000-70092cb9b000 r--p 00000000 08:12 12594313                   /usr/lib/x86_64-linux-gnu/libXdmcp.so.6.0.0
70092cb9b000-70092cb9d000 r-xp 00002000 08:12 12594313                   /usr/lib/x86_64-linux-gnu/libXdmcp.so.6.0.0
70092cb9d000-70092cb9f000 r--p 00004000 08:12 12594313                   /usr/lib/x86_64-linux-gnu/libXdmcp.so.6.0.0
70092cb9f000-70092cba0000 r--p 00005000 08:12 12594313                   /usr/lib/x86_64-linux-gnu/libXdmcp.so.6.0.0
70092cba0000-70092cba1000 rw-p 00006000 08:12 12594313                   /usr/lib/x86_64-linux-gnu/libXdmcp.so.6.0.0
70092cba1000-70092cba2000 r--p 00000000 08:12 12594308                   /usr/lib/x86_64-linux-gnu/libXau.so.6.0.0
70092cba2000-70092cba4000 r-xp 00001000 08:12 12594308                   /usr/lib/x86_64-linux-gnu/libXau.so.6.0.0
70092cba4000-70092cba5000 r--p 00003000 08:12 12594308                   /usr/lib/x86_64-linux-gnu/libXau.so.6.0.0
70092cba5000-70092cba6000 r--p 00003000 08:12 12594308                   /usr/lib/x86_64-linux-gnu/libXau.so.6.0.0
70092cba6000-70092cba7000 rw-p 00004000 08:12 12594308                   /usr/lib/x86_64-linux-gnu/libXau.so.6.0.0
70092cba7000-70092cba8000 r--p 00000000 08:12 12594453                   /usr/lib/x86_64-linux-gnu/libbrotlidec.so.1.1.0
70092cba8000-70092cbb0000 r-xp 00001000 08:12 12594453                   /usr/lib/x86_64-linux-gnu/libbrotlidec.so.1.1.0
70092cbb0000-70092cbb3000 r--p 00009000 08:12 12594453                   /usr/lib/x86_64-linux-gnu/libbrotlidec.so.1.1.0
70092cbb3000-70092cbb4000 r--p 0000b000 08:12 12594453                   /usr/lib/x86_64-linux-gnu/libbrotlidec.so.1.1.0
70092cbb4000-70092cbb5000 rw-p 0000c000 08:12 12594453                   /usr/lib/x86_64-linux-gnu/libbrotlidec.so.1.1.0
70092cbb5000-70092cbb7000 r--p 00000000 08:12 12594457                   /usr/lib/x86_64-linux-gnu/libbz2.so.1.0.4
70092cbb7000-70092cbc5000 r-xp 00002000 08:12 12594457                   /usr/lib/x86_64-linux-gnu/libbz2.so.1.0.4
70092cbc5000-70092cbc7000 r--p 00010000 08:12 12594457                   /usr/lib/x86_64-linux-gnu/libbz2.so.1.0.4
70092cbc7000-70092cbc8000 r--p 00011000 08:12 12594457                   /usr/lib/x86_64-linux-gnu/libbz2.so.1.0.4
70092cbc8000-70092cbc9000 rw-p 00012000 08:12 12594457                   /usr/lib/x86_64-linux-gnu/libbz2.so.1.0.4
70092cbc9000-70092cbd1000 r--p 00000000 08:12 12594867                   /usr/lib/x86_64-linux-gnu/libpangoft2-1.0.so.0.5200.1
70092cbd1000-70092cbde000 r-xp 00008000 08:12 12594867                   /usr/lib/x86_64-linux-gnu/libpangoft2-1.0.so.0.5200.1
70092cbde000-70092cbe2000 r--p 00015000 08:12 12594867                   /usr/lib/x86_64-linux-gnu/libpangoft2-1.0.so.0.5200.1
70092cbe2000-70092cbe3000 r--p 00019000 08:12 12594867                   /usr/lib/x86_64-linux-gnu/libpangoft2-1.0.so.0.5200.1
70092cbe3000-70092cbe4000 rw-p 0001a000 08:12 12594867                   /usr/lib/x86_64-linux-gnu/libpangoft2-1.0.so.0.5200.1
70092cbe4000-70092cbea000 r--p 00000000 08:12 12594950                   /usr/lib/x86_64-linux-gnu/libselinux.so.1
70092cbea000-70092cc07000 r-xp 00006000 08:12 12594950                   /usr/lib/x86_64-linux-gnu/libselinux.so.1
70092cc07000-70092cc0d000 r--p 00023000 08:12 12594950                   /usr/lib/x86_64-linux-gnu/libselinux.so.1
70092cc0d000-70092cc0e000 r--p 00029000 08:12 12594950                   /usr/lib/x86_64-linux-gnu/libselinux.so.1
70092cc0e000-70092cc0f000 rw-p 0002a000 08:12 12594950                   /usr/lib/x86_64-linux-gnu/libselinux.so.1
70092cc0f000-70092cc11000 rw-p 00000000 00:00 0 
70092cc11000-70092cc1a000 r--p 00000000 08:12 12591902                   /usr/lib/x86_64-linux-gnu/libmount.so.1.1.0
70092cc1a000-70092cc4e000 r-xp 00009000 08:12 12591902                   /usr/lib/x86_64-linux-gnu/libmount.so.1.1.0
70092cc4e000-70092cc5b000 r--p 0003d000 08:12 12591902                   /usr/lib/x86_64-linux-gnu/libmount.so.1.1.0
70092cc5b000-70092cc5d000 r--p 00049000 08:12 12591902                   /usr/lib/x86_64-linux-gnu/libmount.so.1.1.0
70092cc5d000-70092cc5e000 rw-p 0004b000 08:12 12591902                   /usr/lib/x86_64-linux-gnu/libmount.so.1.1.0
70092cc5e000-70092cc62000 r--p 00000000 08:12 12583854                   /usr/lib/x86_64-linux-gnu/libexpat.so.1.9.1
70092cc62000-70092cc7f000 r-xp 00004000 08:12 12583854                   /usr/lib/x86_64-linux-gnu/libexpat.so.1.9.1
70092cc7f000-70092cc87000 r--p 00021000 08:12 12583854                   /usr/lib/x86_64-linux-gnu/libexpat.so.1.9.1
70092cc87000-70092cc89000 r--p 00028000 08:12 12583854                   /usr/lib/x86_64-linux-gnu/libexpat.so.1.9.1
70092cc89000-70092cc8a000 rw-p 0002a000 08:12 12583854                   /usr/lib/x86_64-linux-gnu/libexpat.so.1.9.1
70092cc8a000-70092cc95000 r--p 00000000 08:12 12594686                   /usr/lib/x86_64-linux-gnu/libharfbuzz.so.0.60830.0
70092cc95000-70092cd63000 r-xp 0000b000 08:12 12594686                   /usr/lib/x86_64-linux-gnu/libharfbuzz.so.0.60830.0
70092cd63000-70092cd95000 r--p 000d9000 08:12 12594686                   /usr/lib/x86_64-linux-gnu/libharfbuzz.so.0.60830.0
70092cd95000-70092cd96000 r--p 0010b000 08:12 12594686                   /usr/lib/x86_64-linux-gnu/libharfbuzz.so.0.60830.0
70092cd96000-70092cd97000 rw-p 0010c000 08:12 12594686                   /usr/lib/x86_64-linux-gnu/libharfbuzz.so.0.60830.0
70092cd97000-70092cd99000 r--p 00000000 08:12 12594999                   /usr/lib/x86_64-linux-gnu/libthai.so.0.3.1
70092cd99000-70092cd9d000 r-xp 00002000 08:12 12594999                   /usr/lib/x86_64-linux-gnu/libthai.so.0.3.1
70092cd9d000-70092cda0000 r--p 00006000 08:12 12594999                   /usr/lib/x86_64-linux-gnu/libthai.so.0.3.1
70092cda0000-70092cda1000 r--p 00008000 08:12 12594999                   /usr/lib/x86_64-linux-gnu/libthai.so.0.3.1
70092cda1000-70092cda2000 rw-p 00009000 08:12 12594999                   /usr/lib/x86_64-linux-gnu/libthai.so.0.3.1
70092cda2000-70092cdac000 r--p 00000000 08:12 12594888                   /usr/lib/x86_64-linux-gnu/libpixman-1.so.0.42.2
70092cdac000-70092ce39000 r-xp 0000a000 08:12 12594888                   /usr/lib/x86_64-linux-gnu/libpixman-1.so.0.42.2
70092ce39000-70092ce48000 r--p 00097000 08:12 12594888                   /usr/lib/x86_64-linux-gnu/libpixman-1.so.0.42.2
70092ce48000-70092ce50000 r--p 000a5000 08:12 12594888                   /usr/lib/x86_64-linux-gnu/libpixman-1.so.0.42.2
70092ce50000-70092ce51000 rw-p 000ad000 08:12 12594888                   /usr/lib/x86_64-linux-gnu/libpixman-1.so.0.42.2
70092ce51000-70092ce52000 r--p 00000000 08:12 12595098                   /usr/lib/x86_64-linux-gnu/libxcb-shm.so.0.0.0
70092ce52000-70092ce53000 r-xp 00001000 08:12 12595098                   /usr/lib/x86_64-linux-gnu/libxcb-shm.so.0.0.0
70092ce53000-70092ce54000 r--p 00002000 08:12 12595098                   /usr/lib/x86_64-linux-gnu/libxcb-shm.so.0.0.0
70092ce54000-70092ce55000 r--p 00002000 08:12 12595098                   /usr/lib/x86_64-linux-gnu/libxcb-shm.so.0.0.0
70092ce55000-70092ce56000 rw-p 00003000 08:12 12595098                   /usr/lib/x86_64-linux-gnu/libxcb-shm.so.0.0.0
70092ce56000-70092ce5b000 r--p 00000000 08:12 12595095                   /usr/lib/x86_64-linux-gnu/libxcb-render.so.0.0.0
70092ce5b000-70092ce60000 r-xp 00005000 08:12 12595095                   /usr/lib/x86_64-linux-gnu/libxcb-render.so.0.0.0
70092ce60000-70092ce63000 r--p 0000a000 08:12 12595095                   /usr/lib/x86_64-linux-gnu/libxcb-render.so.0.0.0
70092ce63000-70092ce64000 r--p 0000c000 08:12 12595095                   /usr/lib/x86_64-linux-gnu/libxcb-render.so.0.0.0
70092ce64000-70092ce65000 rw-p 0000d000 08:12 12595095                   /usr/lib/x86_64-linux-gnu/libxcb-render.so.0.0.0
70092ce65000-70092ce70000 r--p 00000000 08:12 12595104                   /usr/lib/x86_64-linux-gnu/libxcb.so.1.1.0
70092ce70000-70092ce83000 r-xp 0000b000 08:12 12595104                   /usr/lib/x86_64-linux-gnu/libxcb.so.1.1.0
70092ce83000-70092ce8c000 r--p 0001e000 08:12 12595104                   /usr/lib/x86_64-linux-gnu/libxcb.so.1.1.0
70092ce8c000-70092ce8d000 r--p 00026000 08:12 12595104                   /usr/lib/x86_64-linux-gnu/libxcb.so.1.1.0
70092ce8d000-70092ce8e000 rw-p 00027000 08:12 12595104                   /usr/lib/x86_64-linux-gnu/libxcb.so.1.1.0
70092ce8e000-70092ce90000 r--p 00000000 08:12 12594324                   /usr/lib/x86_64-linux-gnu/libXrender.so.1.3.0
70092ce90000-70092ce97000 r-xp 00002000 08:12 12594324                   /usr/lib/x86_64-linux-gnu/libXrender.so.1.3.0
70092ce97000-70092ce98000 r--p 00009000 08:12 12594324                   /usr/lib/x86_64-linux-gnu/libXrender.so.1.3.0
70092ce98000-70092ce99000 r--p 00009000 08:12 12594324                   /usr/lib/x86_64-linux-gnu/libXrender.so.1.3.0
70092ce99000-70092ce9a000 rw-p 0000a000 08:12 12594324                   /usr/lib/x86_64-linux-gnu/libXrender.so.1.3.0
70092ce9a000-70092cea7000 r--p 00000000 08:12 12593420                   /usr/lib/x86_64-linux-gnu/libfreetype.so.6.20.1
70092cea7000-70092cf38000 r-xp 0000d000 08:12 12593420                   /usr/lib/x86_64-linux-gnu/libfreetype.so.6.20.1
70092cf38000-70092cf5e000 r--p 0009e000 08:12 12593420                   /usr/lib/x86_64-linux-gnu/libfreetype.so.6.20.1
70092cf5e000-70092cf65000 r--p 000c4000 08:12 12593420                   /usr/lib/x86_64-linux-gnu/libfreetype.so.6.20.1
70092cf65000-70092cf66000 rw-p 000cb000 08:12 12593420                   /usr/lib/x86_64-linux-gnu/libfreetype.so.6.20.1
70092cf66000-70092cf68000 r--p 00000000 08:12 12595119                   /usr/lib/x86_64-linux-gnu/libz.so.1.3
70092cf68000-70092cf7a000 r-xp 00002000 08:12 12595119                   /usr/lib/x86_64-linux-gnu/libz.so.1.3
70092cf7a000-70092cf80000 r--p 00014000 08:12 12595119                   /usr/lib/x86_64-linux-gnu/libz.so.1.3
70092cf80000-70092cf81000 r--p 0001a000 08:12 12595119                   /usr/lib/x86_64-linux-gnu/libz.so.1.3
70092cf81000-70092cf82000 rw-p 0001b000 08:12 12595119                   /usr/lib/x86_64-linux-gnu/libz.so.1.3
70092cf82000-70092cf84000 r--p 00000000 08:12 12594879                   /usr/lib/x86_64-linux-gnu/libpcre2-8.so.0.11.2
70092cf84000-70092cff2000 r-xp 00002000 08:12 12594879                   /usr/lib/x86_64-linux-gnu/libpcre2-8.so.0.11.2
70092cff2000-70092d01a000 r--p 00070000 08:12 12594879                   /usr/lib/x86_64-linux-gnu/libpcre2-8.so.0.11.2
70092d01a000-70092d01b000 r--p 00097000 08:12 12594879                   /usr/lib/x86_64-linux-gnu/libpcre2-8.so.0.11.2
70092d01b000-70092d01c000 rw-p 00098000 08:12 12594879                   /usr/lib/x86_64-linux-gnu/libpcre2-8.so.0.11.2
70092d01c000-70092d01e000 r--p 00000000 08:12 12594563                   /usr/lib/x86_64-linux-gnu/libffi.so.8.1.4
70092d01e000-70092d025000 r-xp 00002000 08:12 12594563                   /usr/lib/x86_64-linux-gnu/libffi.so.8.1.4
70092d025000-70092d026000 r--p 00009000 08:12 12594563                   /usr/lib/x86_64-linux-gnu/libffi.so.8.1.4
70092d026000-70092d027000 r--p 0000a000 08:12 12594563                   /usr/lib/x86_64-linux-gnu/libffi.so.8.1.4
70092d027000-70092d028000 rw-p 0000b000 08:12 12594563                   /usr/lib/x86_64-linux-gnu/libffi.so.8.1.4
70092d028000-70092d02c000 r--p 00000000 08:12 12594736                   /usr/lib/x86_64-linux-gnu/libjpeg.so.8.2.2
70092d02c000-70092d079000 r-xp 00004000 08:12 12594736                   /usr/lib/x86_64-linux-gnu/libjpeg.so.8.2.2
70092d079000-70092d0a9000 r--p 00051000 08:12 12594736                   /usr/lib/x86_64-linux-gnu/libjpeg.so.8.2.2
70092d0a9000-70092d0aa000 r--p 00081000 08:12 12594736                   /usr/lib/x86_64-linux-gnu/libjpeg.so.8.2.2
70092d0aa000-70092d0ab000 rw-p 00082000 08:12 12594736                   /usr/lib/x86_64-linux-gnu/libjpeg.so.8.2.2
70092d0ab000-70092d0b0000 r--p 00000000 08:12 12591915                   /usr/lib/x86_64-linux-gnu/libpng16.so.16.43.0
70092d0b0000-70092d0d8000 r-xp 00005000 08:12 12591915                   /usr/lib/x86_64-linux-gnu/libpng16.so.16.43.0
70092d0d8000-70092d0e1000 r--p 0002d000 08:12 12591915                   /usr/lib/x86_64-linux-gnu/libpng16.so.16.43.0
70092d0e1000-70092d0e2000 r--p 00035000 08:12 12591915                   /usr/lib/x86_64-linux-gnu/libpng16.so.16.43.0
70092d0e2000-70092d0e3000 rw-p 00036000 08:12 12591915                   /usr/lib/x86_64-linux-gnu/libpng16.so.16.43.0
70092d0e3000-70092d0e5000 r--p 00000000 08:12 12594619                   /usr/lib/x86_64-linux-gnu/libgmodule-2.0.so.0.8000.0
70092d0e5000-70092d0e7000 r-xp 00002000 08:12 12594619                   /usr/lib/x86_64-linux-gnu/libgmodule-2.0.so.0.8000.0
70092d0e7000-70092d0e8000 r--p 00004000 08:12 12594619                   /usr/lib/x86_64-linux-gnu/libgmodule-2.0.so.0.8000.0
70092d0e8000-70092d0e9000 r--p 00004000 08:12 12594619                   /usr/lib/x86_64-linux-gnu/libgmodule-2.0.so.0.8000.0
70092d0e9000-70092d0ea000 rw-p 00005000 08:12 12594619                   /usr/lib/x86_64-linux-gnu/libgmodule-2.0.so.0.8000.0
70092d0ea000-70092d0eb000 r--p 00000000 08:12 12594319                   /usr/lib/x86_64-linux-gnu/libXinerama.so.1.0.0
70092d0eb000-70092d0ec000 r-xp 00001000 08:12 12594319                   /usr/lib/x86_64-linux-gnu/libXinerama.so.1.0.0
70092d0ec000-70092d0ed000 r--p 00002000 08:12 12594319                   /usr/lib/x86_64-linux-gnu/libXinerama.so.1.0.0
70092d0ed000-70092d0ee000 r--p 00002000 08:12 12594319                   /usr/lib/x86_64-linux-gnu/libXinerama.so.1.0.0
70092d0ee000-70092d0ef000 rw-p 00003000 08:12 12594319                   /usr/lib/x86_64-linux-gnu/libXinerama.so.1.0.0
70092d0ef000-70092d0f1000 r--p 00000000 08:12 12594323                   /usr/lib/x86_64-linux-gnu/libXrandr.so.2.2.0
70092d0f1000-70092d0f8000 r-xp 00002000 08:12 12594323                   /usr/lib/x86_64-linux-gnu/libXrandr.so.2.2.0
70092d0f8000-70092d0fa000 r--p 00009000 08:12 12594323                   /usr/lib/x86_64-linux-gnu/libXrandr.so.2.2.0
70092d0fa000-70092d0fb000 r--p 0000a000 08:12 12594323                   /usr/lib/x86_64-linux-gnu/libXrandr.so.2.2.0
70092d0fb000-70092d0fc000 rw-p 0000b000 08:12 12594323                   /usr/lib/x86_64-linux-gnu/libXrandr.so.2.2.0
70092d0fc000-70092d0fe000 r--p 00000000 08:12 12594311                   /usr/lib/x86_64-linux-gnu/libXcursor.so.1.0.2
70092d0fe000-70092d104000 r-xp 00002000 08:12 12594311                   /usr/lib/x86_64-linux-gnu/libXcursor.so.1.0.2
70092d104000-70092d106000 r--p 00008000 08:12 12594311                   /usr/lib/x86_64-linux-gnu/libXcursor.so.1.0.2
70092d106000-70092d107000 r--p 00009000 08:12 12594311                   /usr/lib/x86_64-linux-gnu/libXcursor.so.1.0.2
70092d107000-70092d108000 rw-p 0000a000 08:12 12594311                   /usr/lib/x86_64-linux-gnu/libXcursor.so.1.0.2
70092d108000-70092d10c000 r--p 00000000 08:12 12594314                   /usr/lib/x86_64-linux-gnu/libXext.so.6.4.0
70092d10c000-70092d117000 r-xp 00004000 08:12 12594314                   /usr/lib/x86_64-linux-gnu/libXext.so.6.4.0
70092d117000-70092d11a000 r--p 0000f000 08:12 12594314                   /usr/lib/x86_64-linux-gnu/libXext.so.6.4.0
70092d11a000-70092d11b000 r--p 00011000 08:12 12594314                   /usr/lib/x86_64-linux-gnu/libXext.so.6.4.0
70092d11b000-70092d11c000 rw-p 00012000 08:12 12594314                   /usr/lib/x86_64-linux-gnu/libXext.so.6.4.0
70092d11c000-70092d11f000 r--p 00000000 08:12 12594318                   /usr/lib/x86_64-linux-gnu/libXi.so.6.1.0
70092d11f000-70092d12b000 r-xp 00003000 08:12 12594318                   /usr/lib/x86_64-linux-gnu/libXi.so.6.1.0
70092d12b000-70092d12d000 r--p 0000f000 08:12 12594318                   /usr/lib/x86_64-linux-gnu/libXi.so.6.1.0
70092d12d000-70092d12e000 r--p 00011000 08:12 12594318                   /usr/lib/x86_64-linux-gnu/libXi.so.6.1.0
70092d12e000-70092d12f000 rw-p 00012000 08:12 12594318                   /usr/lib/x86_64-linux-gnu/libXi.so.6.1.0
70092d12f000-70092d148000 r--p 00000000 08:12 12594306                   /usr/lib/x86_64-linux-gnu/libX11.so.6.4.0
70092d148000-70092d1d8000 r-xp 00019000 08:12 12594306                   /usr/lib/x86_64-linux-gnu/libX11.so.6.4.0
70092d1d8000-70092d267000 r--p 000a9000 08:12 12594306                   /usr/lib/x86_64-linux-gnu/libX11.so.6.4.0
70092d267000-70092d268000 r--p 00138000 08:12 12594306                   /usr/lib/x86_64-linux-gnu/libX11.so.6.4.0
70092d268000-70092d26c000 rw-p 00139000 08:12 12594306                   /usr/lib/x86_64-linux-gnu/libX11.so.6.4.0
70092d26c000-70092d271000 r--p 00000000 08:12 12595062                   /usr/lib/x86_64-linux-gnu/libwayland-client.so.0.22.0
70092d271000-70092d277000 r-xp 00005000 08:12 12595062                   /usr/lib/x86_64-linux-gnu/libwayland-client.so.0.22.0
70092d277000-70092d279000 r--p 0000b000 08:12 12595062                   /usr/lib/x86_64-linux-gnu/libwayland-client.so.0.22.0
70092d279000-70092d27b000 r--p 0000d000 08:12 12595062                   /usr/lib/x86_64-linux-gnu/libwayland-client.so.0.22.0
70092d27b000-70092d27c000 rw-p 0000f000 08:12 12595062                   /usr/lib/x86_64-linux-gnu/libwayland-client.so.0.22.0
70092d27c000-70092d281000 r--p 00000000 08:12 12595107                   /usr/lib/x86_64-linux-gnu/libxkbcommon.so.0.0.0
70092d281000-70092d2a1000 r-xp 00005000 08:12 12595107                   /usr/lib/x86_64-linux-gnu/libxkbcommon.so.0.0.0
70092d2a1000-70092d2c2000 r--p 00025000 08:12 12595107                   /usr/lib/x86_64-linux-gnu/libxkbcommon.so.0.0.0
70092d2c2000-70092d2c4000 r--p 00045000 08:12 12595107                   /usr/lib/x86_64-linux-gnu/libxkbcommon.so.0.0.0
70092d2c4000-70092d2c5000 rw-p 00047000 08:12 12595107                   /usr/lib/x86_64-linux-gnu/libxkbcommon.so.0.0.0
70092d2c5000-70092d2ca000 r--p 00000000 08:12 12594866                   /usr/lib/x86_64-linux-gnu/libpangocairo-1.0.so.0.5200.1
70092d2ca000-70092d2d2000 r-xp 00005000 08:12 12594866                   /usr/lib/x86_64-linux-gnu/libpangocairo-1.0.so.0.5200.1
70092d2d2000-70092d2d4000 r--p 0000d000 08:12 12594866                   /usr/lib/x86_64-linux-gnu/libpangocairo-1.0.so.0.5200.1
70092d2d4000-70092d2d5000 r--p 0000f000 08:12 12594866                   /usr/lib/x86_64-linux-gnu/libpangocairo-1.0.so.0.5200.1
70092d2d5000-70092d2d6000 rw-p 00010000 08:12 12594866                   /usr/lib/x86_64-linux-gnu/libpangocairo-1.0.so.0.5200.1
70092d2d6000-70092d30f000 r--p 00000000 08:12 12594612                   /usr/lib/x86_64-linux-gnu/libgio-2.0.so.0.8000.0
70092d30f000-70092d426000 r-xp 00039000 08:12 12594612                   /usr/lib/x86_64-linux-gnu/libgio-2.0.so.0.8000.0
70092d426000-70092d49b000 r--p 00150000 08:12 12594612                   /usr/lib/x86_64-linux-gnu/libgio-2.0.so.0.8000.0
70092d49b000-70092d4a3000 r--p 001c4000 08:12 12594612                   /usr/lib/x86_64-linux-gnu/libgio-2.0.so.0.8000.0
70092d4a3000-70092d4a4000 rw-p 001cc000 08:12 12594612                   /usr/lib/x86_64-linux-gnu/libgio-2.0.so.0.8000.0
70092d4a4000-70092d4a6000 rw-p 00000000 00:00 0 
70092d4a6000-70092d4ae000 r--p 00000000 08:12 12594569                   /usr/lib/x86_64-linux-gnu/libfontconfig.so.1.12.1
70092d4ae000-70092d4dd000 r-xp 00008000 08:12 12594569                   /usr/lib/x86_64-linux-gnu/libfontconfig.so.1.12.1
70092d4dd000-70092d4f4000 r--p 00037000 08:12 12594569                   /usr/lib/x86_64-linux-gnu/libfontconfig.so.1.12.1
70092d4f4000-70092d4f6000 r--p 0004d000 08:12 12594569                   /usr/lib/x86_64-linux-gnu/libfontconfig.so.1.12.1
70092d4f6000-70092d4f7000 rw-p 0004f000 08:12 12594569                   /usr/lib/x86_64-linux-gnu/libfontconfig.so.1.12.1
70092d4f7000-70092d557000 r--p 00000000 08:12 12594548                   /usr/lib/x86_64-linux-gnu/libepoxy.so.0.0.0
70092d557000-70092d5bd000 r-xp 00060000 08:12 12594548                   /usr/lib/x86_64-linux-gnu/libepoxy.so.0.0.0
70092d5bd000-70092d60b000 r--p 000c6000 08:12 12594548                   /usr/lib/x86_64-linux-gnu/libepoxy.so.0.0.0
70092d60b000-70092d613000 r--p 00113000 08:12 12594548                   /usr/lib/x86_64-linux-gnu/libepoxy.so.0.0.0
70092d613000-70092d61a000 rw-p 0011b000 08:12 12594548                   /usr/lib/x86_64-linux-gnu/libepoxy.so.0.0.0
70092d61a000-70092d61c000 r--p 00000000 08:12 12594583                   /usr/lib/x86_64-linux-gnu/libfribidi.so.0.4.0
70092d61c000-70092d620000 r-xp 00002000 08:12 12594583                   /usr/lib/x86_64-linux-gnu/libfribidi.so.0.4.0
70092d620000-70092d636000 r--p 00006000 08:12 12594583                   /usr/lib/x86_64-linux-gnu/libfribidi.so.0.4.0
70092d636000-70092d637000 r--p 0001c000 08:12 12594583                   /usr/lib/x86_64-linux-gnu/libfribidi.so.0.4.0
70092d637000-70092d638000 rw-p 0001d000 08:12 12594583                   /usr/lib/x86_64-linux-gnu/libfribidi.so.0.4.0
70092d638000-70092d64b000 r--p 00000000 08:12 12594865                   /usr/lib/x86_64-linux-gnu/libpango-1.0.so.0.5200.1
70092d64b000-70092d684000 r-xp 00013000 08:12 12594865                   /usr/lib/x86_64-linux-gnu/libpango-1.0.so.0.5200.1
70092d684000-70092d69e000 r--p 0004c000 08:12 12594865                   /usr/lib/x86_64-linux-gnu/libpango-1.0.so.0.5200.1
70092d69e000-70092d6a2000 r--p 00065000 08:12 12594865                   /usr/lib/x86_64-linux-gnu/libpango-1.0.so.0.5200.1
70092d6a2000-70092d6a3000 rw-p 00069000 08:12 12594865                   /usr/lib/x86_64-linux-gnu/libpango-1.0.so.0.5200.1
70092d6a3000-70092d6b7000 r--p 00000000 08:12 12594464                   /usr/lib/x86_64-linux-gnu/libcairo.so.2.11800.0
70092d6b7000-70092d7a8000 r-xp 00014000 08:12 12594464                   /usr/lib/x86_64-linux-gnu/libcairo.so.2.11800.0
70092d7a8000-70092d7e0000 r--p 00105000 08:12 12594464                   /usr/lib/x86_64-linux-gnu/libcairo.so.2.11800.0
70092d7e0000-70092d7e4000 r--p 0013d000 08:12 12594464                   /usr/lib/x86_64-linux-gnu/libcairo.so.2.11800.0
70092d7e4000-70092d7e6000 rw-p 00141000 08:12 12594464                   /usr/lib/x86_64-linux-gnu/libcairo.so.2.11800.0
70092d7e6000-70092d7e7000 rw-p 00000000 00:00 0 
70092d7e7000-70092d805000 r--p 00000000 08:12 12594616                   /usr/lib/x86_64-linux-gnu/libglib-2.0.so.0.8000.0
70092d805000-70092d8a5000 r-xp 0001e000 08:12 12594616                   /usr/lib/x86_64-linux-gnu/libglib-2.0.so.0.8000.0
70092d8a5000-70092d92d000 r--p 000be000 08:12 12594616                   /usr/lib/x86_64-linux-gnu/libglib-2.0.so.0.8000.0
70092d92d000-70092d92e000 r--p 00146000 08:12 12594616                   /usr/lib/x86_64-linux-gnu/libglib-2.0.so.0.8000.0
70092d92e000-70092d92f000 rw-p 00147000 08:12 12594616                   /usr/lib/x86_64-linux-gnu/libglib-2.0.so.0.8000.0
70092d92f000-70092d930000 rw-p 00000000 00:00 0 
70092d930000-70092d93f000 r--p 00000000 08:12 12594634                   /usr/lib/x86_64-linux-gnu/libgobject-2.0.so.0.8000.0
70092d93f000-70092d976000 r-xp 0000f000 08:12 12594634                   /usr/lib/x86_64-linux-gnu/libgobject-2.0.so.0.8000.0
70092d976000-70092d98f000 r--p 00046000 08:12 12594634                   /usr/lib/x86_64-linux-gnu/libgobject-2.0.so.0.8000.0
70092d98f000-70092d992000 r--p 0005e000 08:12 12594634                   /usr/lib/x86_64-linux-gnu/libgobject-2.0.so.0.8000.0
70092d992000-70092d993000 rw-p 00061000 08:12 12594634                   /usr/lib/x86_64-linux-gnu/libgobject-2.0.so.0.8000.0
70092d993000-70092d99b000 r--p 00000000 08:12 12593615                   /usr/lib/x86_64-linux-gnu/libgdk_pixbuf-2.0.so.0.4200.10
70092d99b000-70092d9b6000 r-xp 00008000 08:12 12593615                   /usr/lib/x86_64-linux-gnu/libgdk_pixbuf-2.0.so.0.4200.10
70092d9b6000-70092d9bf000 r--p 00023000 08:12 12593615                   /usr/lib/x86_64-linux-gnu/libgdk_pixbuf-2.0.so.0.4200.10
70092d9bf000-70092d9c0000 r--p 0002c000 08:12 12593615                   /usr/lib/x86_64-linux-gnu/libgdk_pixbuf-2.0.so.0.4200.10
70092d9c0000-70092d9c1000 rw-p 0002d000 08:12 12593615                   /usr/lib/x86_64-linux-gnu/libgdk_pixbuf-2.0.so.0.4200.10
70092d9c1000-70092d9eb000 r--p 00000000 08:12 12594603                   /usr/lib/x86_64-linux-gnu/libgdk-3.so.0.2409.32
70092d9eb000-70092da6f000 r-xp 0002a000 08:12 12594603                   /usr/lib/x86_64-linux-gnu/libgdk-3.so.0.2409.32
70092da6f000-70092dab1000 r--p 000ae000 08:12 12594603                   /usr/lib/x86_64-linux-gnu/libgdk-3.so.0.2409.32
70092dab1000-70092daba000 r--p 000ef000 08:12 12594603                   /usr/lib/x86_64-linux-gnu/libgdk-3.so.0.2409.32
70092daba000-70092dabc000 rw-p 000f8000 08:12 12594603                   /usr/lib/x86_64-linux-gnu/libgdk-3.so.0.2409.32
70092dabf000-70092dac3000 r--p 00000000 08:12 12596166                   /usr/lib/x86_64-linux-gnu/gio/modules/libdconfsettings.so
70092dac3000-70092daca000 r-xp 00004000 08:12 12596166                   /usr/lib/x86_64-linux-gnu/gio/modules/libdconfsettings.so
70092daca000-70092dacc000 r--p 0000b000 08:12 12596166                   /usr/lib/x86_64-linux-gnu/gio/modules/libdconfsettings.so
70092dacc000-70092dacd000 r--p 0000d000 08:12 12596166                   /usr/lib/x86_64-linux-gnu/gio/modules/libdconfsettings.so
70092dacd000-70092dace000 rw-p 0000e000 08:12 12596166                   /usr/lib/x86_64-linux-gnu/gio/modules/libdconfsettings.so
70092dace000-70092dad2000 r--p 00000000 08:12 13380170                   /usr/share/dbeaver-ce/plugins/org.eclipse.equinox.launcher.gtk.linux.x86_64_1.2.1500.v20250801-0854/eclipse_11916.so
70092dad2000-70092dadc000 r-xp 00004000 08:12 13380170                   /usr/share/dbeaver-ce/plugins/org.eclipse.equinox.launcher.gtk.linux.x86_64_1.2.1500.v20250801-0854/eclipse_11916.so
70092dadc000-70092dadf000 r--p 0000e000 08:12 13380170                   /usr/share/dbeaver-ce/plugins/org.eclipse.equinox.launcher.gtk.linux.x86_64_1.2.1500.v20250801-0854/eclipse_11916.so
70092dadf000-70092dae0000 r--p 00010000 08:12 13380170                   /usr/share/dbeaver-ce/plugins/org.eclipse.equinox.launcher.gtk.linux.x86_64_1.2.1500.v20250801-0854/eclipse_11916.so
70092dae0000-70092dae1000 rw-p 00011000 08:12 13380170                   /usr/share/dbeaver-ce/plugins/org.eclipse.equinox.launcher.gtk.linux.x86_64_1.2.1500.v20250801-0854/eclipse_11916.so
70092dae1000-70092dae2000 rw-p 00000000 00:00 0 
70092dae2000-70092dae4000 r--p 00000000 08:12 13379896                   /usr/share/dbeaver-ce/jre/lib/libzip.so
70092dae4000-70092daf7000 r-xp 00002000 08:12 13379896                   /usr/share/dbeaver-ce/jre/lib/libzip.so
70092daf7000-70092dafe000 r--p 00015000 08:12 13379896                   /usr/share/dbeaver-ce/jre/lib/libzip.so
70092dafe000-70092daff000 r--p 0001c000 08:12 13379896                   /usr/share/dbeaver-ce/jre/lib/libzip.so
70092daff000-70092db00000 rw-p 0001d000 08:12 13379896                   /usr/share/dbeaver-ce/jre/lib/libzip.so
70092db00000-70092db04000 ---p 00000000 00:00 0 
70092db04000-70092dc00000 rw-p 00000000 00:00 0 
70092dc00000-70092dc04000 ---p 00000000 00:00 0 
70092dc04000-70092dd00000 rw-p 00000000 00:00 0 
70092dd00000-70092dd04000 ---p 00000000 00:00 0 
70092dd04000-70092de00000 rw-p 00000000 00:00 0 
70092de00000-70092de04000 ---p 00000000 00:00 0 
70092de04000-70092df00000 rw-p 00000000 00:00 0 
70092df00000-70092df04000 ---p 00000000 00:00 0 
70092df04000-70092e000000 rw-p 00000000 00:00 0 
70092e000000-700930021000 rw-p 00000000 00:00 0 
700930021000-700934000000 ---p 00000000 00:00 0 
700934000000-700934021000 rw-p 00000000 00:00 0 
700934021000-700938000000 ---p 00000000 00:00 0 
700938000000-700938021000 rw-p 00000000 00:00 0 
700938021000-70093c004000 ---p 00000000 00:00 0 
70093c004000-70093c100000 rw-p 00000000 00:00 0 
70093c100000-70093c104000 ---p 00000000 00:00 0 
70093c104000-70093c200000 rw-p 00000000 00:00 0 
70093c200000-70093c204000 ---p 00000000 00:00 0 
70093c204000-70093c300000 rw-p 00000000 00:00 0 
70093c300000-70093c304000 ---p 00000000 00:00 0 
70093c304000-70093c400000 rw-p 00000000 00:00 0 
70093c400000-70093c6ec000 r--p 00000000 08:12 12586387                   /usr/lib/locale/locale-archive
70093c6ee000-70093c6ef000 r--s 00000000 08:12 16913972                   /var/cache/fontconfig/da43223dd54fb3bb4243ae19d4b583b2-le64.cache-9
70093c6ef000-70093c6f1000 r--p 00000000 08:12 12594315                   /usr/lib/x86_64-linux-gnu/libXfixes.so.3.1.0
70093c6f1000-70093c6f4000 r-xp 00002000 08:12 12594315                   /usr/lib/x86_64-linux-gnu/libXfixes.so.3.1.0
70093c6f4000-70093c6f5000 r--p 00005000 08:12 12594315                   /usr/lib/x86_64-linux-gnu/libXfixes.so.3.1.0
70093c6f5000-70093c6f6000 r--p 00005000 08:12 12594315                   /usr/lib/x86_64-linux-gnu/libXfixes.so.3.1.0
70093c6f6000-70093c6f7000 rw-p 00006000 08:12 12594315                   /usr/lib/x86_64-linux-gnu/libXfixes.so.3.1.0
70093c6f7000-70093c6f8000 ---p 00000000 00:00 0 
70093c6f8000-70093c7f8000 rw-p 00000000 00:00 0 
70093c7f8000-70093c7f9000 ---p 00000000 00:00 0 
70093c7f9000-70093c8f9000 rw-p 00000000 00:00 0 
70093c8f9000-70093c8fa000 ---p 00000000 00:00 0 
70093c8fa000-70093c9fa000 rw-p 00000000 00:00 0 
70093c9fa000-70093c9fb000 ---p 00000000 00:00 0 
70093c9fb000-70093cafb000 rw-p 00000000 00:00 0 
70093cafb000-70093cdfe000 rw-p 00000000 00:00 0 
70093cdfe000-70093d71e000 rwxp 00000000 00:00 0 
70093d71e000-700944336000 ---p 00000000 00:00 0 
700944336000-7009445a6000 rwxp 00000000 00:00 0 
7009445a6000-7009448c8000 ---p 00000000 00:00 0 
7009448c8000-700944ba8000 rwxp 00000000 00:00 0 
700944ba8000-70094be00000 ---p 00000000 00:00 0 
70094be00000-70094ff67000 r--s 00000000 08:12 13379897                   /usr/share/dbeaver-ce/jre/lib/modules
70094ff67000-70094ff68000 r--p 00000000 08:12 12594310                   /usr/lib/x86_64-linux-gnu/libXcomposite.so.1.0.0
70094ff68000-70094ff69000 r-xp 00001000 08:12 12594310                   /usr/lib/x86_64-linux-gnu/libXcomposite.so.1.0.0
70094ff69000-70094ff6a000 r--p 00002000 08:12 12594310                   /usr/lib/x86_64-linux-gnu/libXcomposite.so.1.0.0
70094ff6a000-70094ff6b000 r--p 00002000 08:12 12594310                   /usr/lib/x86_64-linux-gnu/libXcomposite.so.1.0.0
70094ff6b000-70094ff6c000 rw-p 00003000 08:12 12594310                   /usr/lib/x86_64-linux-gnu/libXcomposite.so.1.0.0
70094ff6c000-70094ff6d000 r--p 00000000 08:12 12594312                   /usr/lib/x86_64-linux-gnu/libXdamage.so.1.1.0
70094ff6d000-70094ff6e000 r-xp 00001000 08:12 12594312                   /usr/lib/x86_64-linux-gnu/libXdamage.so.1.1.0
70094ff6e000-70094ff6f000 r--p 00002000 08:12 12594312                   /usr/lib/x86_64-linux-gnu/libXdamage.so.1.1.0
70094ff6f000-70094ff70000 r--p 00002000 08:12 12594312                   /usr/lib/x86_64-linux-gnu/libXdamage.so.1.1.0
70094ff70000-70094ff71000 rw-p 00003000 08:12 12594312                   /usr/lib/x86_64-linux-gnu/libXdamage.so.1.1.0
70094ff71000-70094ff72000 r--p 00000000 08:12 12595064                   /usr/lib/x86_64-linux-gnu/libwayland-egl.so.1.22.0
70094ff72000-70094ff73000 r-xp 00001000 08:12 12595064                   /usr/lib/x86_64-linux-gnu/libwayland-egl.so.1.22.0
70094ff73000-70094ff74000 r--p 00002000 08:12 12595064                   /usr/lib/x86_64-linux-gnu/libwayland-egl.so.1.22.0
70094ff74000-70094ff75000 r--p 00002000 08:12 12595064                   /usr/lib/x86_64-linux-gnu/libwayland-egl.so.1.22.0
70094ff75000-70094ff76000 rw-p 00003000 08:12 12595064                   /usr/lib/x86_64-linux-gnu/libwayland-egl.so.1.22.0
70094ff76000-70094ff9a000 r--p 00000000 08:12 12862567                   /usr/share/locale-langpack/pt/LC_MESSAGES/libc.mo
70094ff9a000-70094ffbe000 r--p 00000000 08:12 12863174                   /usr/share/locale-langpack/pt_BR/LC_MESSAGES/libc.mo
70094ffbe000-70094ffbf000 r--p 00000000 08:12 13379892                   /usr/share/dbeaver-ce/jre/lib/libsimdsort.so
70094ffbf000-70094fff8000 r-xp 00001000 08:12 13379892                   /usr/share/dbeaver-ce/jre/lib/libsimdsort.so
70094fff8000-70094fffe000 r--p 0003a000 08:12 13379892                   /usr/share/dbeaver-ce/jre/lib/libsimdsort.so
70094fffe000-70094ffff000 r--p 0003f000 08:12 13379892                   /usr/share/dbeaver-ce/jre/lib/libsimdsort.so
70094ffff000-700950000000 rw-p 00040000 08:12 13379892                   /usr/share/dbeaver-ce/jre/lib/libsimdsort.so
700950000000-700951be7000 rw-p 00000000 00:00 0 
700951be7000-700954000000 ---p 00000000 00:00 0 
700954000000-700954004000 r--p 00000000 08:12 21124999                   /home/david-daniel/.config/dconf/user
700954004000-700954006000 r--p 00000000 08:12 12595063                   /usr/lib/x86_64-linux-gnu/libwayland-cursor.so.0.22.0
700954006000-700954008000 r-xp 00002000 08:12 12595063                   /usr/lib/x86_64-linux-gnu/libwayland-cursor.so.0.22.0
700954008000-700954009000 r--p 00004000 08:12 12595063                   /usr/lib/x86_64-linux-gnu/libwayland-cursor.so.0.22.0
700954009000-70095400a000 r--p 00004000 08:12 12595063                   /usr/lib/x86_64-linux-gnu/libwayland-cursor.so.0.22.0
70095400a000-70095400e000 rw-p 00005000 08:12 12595063                   /usr/lib/x86_64-linux-gnu/libwayland-cursor.so.0.22.0
70095400e000-700954011000 r--p 00000000 08:12 13379888                   /usr/share/dbeaver-ce/jre/lib/libnet.so
700954011000-700954019000 r-xp 00003000 08:12 13379888                   /usr/share/dbeaver-ce/jre/lib/libnet.so
700954019000-70095401b000 r--p 0000b000 08:12 13379888                   /usr/share/dbeaver-ce/jre/lib/libnet.so
70095401b000-70095401c000 r--p 0000c000 08:12 13379888                   /usr/share/dbeaver-ce/jre/lib/libnet.so
70095401c000-70095401d000 rw-p 0000d000 08:12 13379888                   /usr/share/dbeaver-ce/jre/lib/libnet.so
70095401d000-7009545fe000 rw-p 00000000 00:00 0 
7009545fe000-7009545ff000 ---p 00000000 00:00 0 
7009545ff000-7009546ff000 rw-p 00000000 00:00 0 
7009546ff000-700954700000 ---p 00000000 00:00 0 
700954700000-700954800000 rw-p 00000000 00:00 0 
700954800000-7009549ec000 rw-p 00000000 00:00 0 
7009549ec000-700954bac000 ---p 00000000 00:00 0 
700954bac000-700954be4000 rw-p 00000000 00:00 0 
700954be4000-700955800000 ---p 00000000 00:00 0 
700955800000-70095583e000 rw-p 00000000 00:00 0 
70095583e000-700955875000 ---p 00000000 00:00 0 
700955875000-70095587d000 rw-p 00000000 00:00 0 
70095587d000-700955a00000 ---p 00000000 00:00 0 
700955a00000-700955a3e000 rw-p 00000000 00:00 0 
700955a3e000-700955a75000 ---p 00000000 00:00 0 
700955a75000-700955a7d000 rw-p 00000000 00:00 0 
700955a7d000-700955c00000 ---p 00000000 00:00 0 
700955c00000-700955c04000 r--p 00000000 08:12 12594462                   /usr/lib/x86_64-linux-gnu/libcairo-gobject.so.2.11800.0
700955c04000-700955c06000 r-xp 00004000 08:12 12594462                   /usr/lib/x86_64-linux-gnu/libcairo-gobject.so.2.11800.0
700955c06000-700955c09000 r--p 00006000 08:12 12594462                   /usr/lib/x86_64-linux-gnu/libcairo-gobject.so.2.11800.0
700955c09000-700955c0b000 r--p 00008000 08:12 12594462                   /usr/lib/x86_64-linux-gnu/libcairo-gobject.so.2.11800.0
700955c0b000-700955c0c000 rw-p 0000a000 08:12 12594462                   /usr/lib/x86_64-linux-gnu/libcairo-gobject.so.2.11800.0
700955c0c000-700955c0d000 ---p 00000000 00:00 0 
700955c0d000-700955d0d000 rw-p 00000000 00:00 0 
700955d0d000-70095651b000 rw-p 00000000 00:00 0 
70095651b000-700956600000 ---p 00000000 00:00 0 
700956600000-7009568e3000 r--p 00000000 08:12 13379904                   /usr/share/dbeaver-ce/jre/lib/server/libjvm.so
7009568e3000-70095796f000 r-xp 002e3000 08:12 13379904                   /usr/share/dbeaver-ce/jre/lib/server/libjvm.so
70095796f000-700957c80000 r--p 0136f000 08:12 13379904                   /usr/share/dbeaver-ce/jre/lib/server/libjvm.so
700957c80000-700957d6b000 r--p 01680000 08:12 13379904                   /usr/share/dbeaver-ce/jre/lib/server/libjvm.so
700957d6b000-700957d96000 rw-p 0176b000 08:12 13379904                   /usr/share/dbeaver-ce/jre/lib/server/libjvm.so
700957d96000-700957e12000 rw-p 00000000 00:00 0 
700957e12000-700957e13000 r--s 00000000 08:12 16908681                   /var/cache/fontconfig/3f7329c5293ffd510edef78f73874cfd-le64.cache-9
700957e13000-700957e14000 r--p 00000000 08:12 12862355                   /usr/share/locale-langpack/pt/LC_MESSAGES/at-spi2-core.mo
700957e14000-700957e15000 r--p 00000000 08:12 12862971                   /usr/share/locale-langpack/pt_BR/LC_MESSAGES/at-spi2-core.mo
700957e15000-700957e28000 rw-p 00000000 00:00 0 
700957e28000-700957f00000 ---p 00000000 00:00 0 
700957f00000-700957f04000 ---p 00000000 00:00 0 
700957f04000-700958000000 rw-p 00000000 00:00 0 
700958000000-700958028000 r--p 00000000 08:12 12594029                   /usr/lib/x86_64-linux-gnu/libc.so.6
700958028000-7009581b0000 r-xp 00028000 08:12 12594029                   /usr/lib/x86_64-linux-gnu/libc.so.6
7009581b0000-7009581ff000 r--p 001b0000 08:12 12594029                   /usr/lib/x86_64-linux-gnu/libc.so.6
7009581ff000-700958203000 r--p 001fe000 08:12 12594029                   /usr/lib/x86_64-linux-gnu/libc.so.6
700958203000-700958205000 rw-p 00202000 08:12 12594029                   /usr/lib/x86_64-linux-gnu/libc.so.6
700958205000-700958212000 rw-p 00000000 00:00 0 
700958212000-700958213000 r--s 00000000 00:2f 241                        /run/user/1000/dconf/user
700958213000-70095821b000 r--p 00000000 08:12 13379889                   /usr/share/dbeaver-ce/jre/lib/libnio.so
70095821b000-700958224000 r-xp 00008000 08:12 13379889                   /usr/share/dbeaver-ce/jre/lib/libnio.so
700958224000-700958228000 r--p 00011000 08:12 13379889                   /usr/share/dbeaver-ce/jre/lib/libnio.so
700958228000-700958229000 r--p 00015000 08:12 13379889                   /usr/share/dbeaver-ce/jre/lib/libnio.so
700958229000-70095822a000 rw-p 00016000 08:12 13379889                   /usr/share/dbeaver-ce/jre/lib/libnio.so
70095822a000-7009582b3000 rw-p 00000000 00:00 0 
7009582b3000-7009582ba000 ---p 00000000 00:00 0 
7009582ba000-7009582c8000 r--p 00000000 08:12 13379877                   /usr/share/dbeaver-ce/jre/lib/libjava.so
7009582c8000-7009582d6000 r-xp 0000e000 08:12 13379877                   /usr/share/dbeaver-ce/jre/lib/libjava.so
7009582d6000-7009582db000 r--p 0001c000 08:12 13379877                   /usr/share/dbeaver-ce/jre/lib/libjava.so
7009582db000-7009582dc000 r--p 00021000 08:12 13379877                   /usr/share/dbeaver-ce/jre/lib/libjava.so
7009582dc000-7009582dd000 rw-p 00022000 08:12 13379877                   /usr/share/dbeaver-ce/jre/lib/libjava.so
7009582dd000-7009582de000 rw-p 00000000 00:00 0 
7009582de000-7009582e2000 r--p 00000000 08:12 13379880                   /usr/share/dbeaver-ce/jre/lib/libjimage.so
7009582e2000-7009582fa000 r-xp 00004000 08:12 13379880                   /usr/share/dbeaver-ce/jre/lib/libjimage.so
7009582fa000-700958300000 r--p 0001c000 08:12 13379880                   /usr/share/dbeaver-ce/jre/lib/libjimage.so
700958300000-700958302000 r--p 00021000 08:12 13379880                   /usr/share/dbeaver-ce/jre/lib/libjimage.so
700958302000-700958303000 rw-p 00023000 08:12 13379880                   /usr/share/dbeaver-ce/jre/lib/libjimage.so
700958303000-700958313000 r--p 00000000 08:12 12594032                   /usr/lib/x86_64-linux-gnu/libm.so.6
700958313000-700958392000 r-xp 00010000 08:12 12594032                   /usr/lib/x86_64-linux-gnu/libm.so.6
700958392000-7009583ea000 r--p 0008f000 08:12 12594032                   /usr/lib/x86_64-linux-gnu/libm.so.6
7009583ea000-7009583eb000 r--p 000e7000 08:12 12594032                   /usr/lib/x86_64-linux-gnu/libm.so.6
7009583eb000-7009583ec000 rw-p 000e8000 08:12 12594032                   /usr/lib/x86_64-linux-gnu/libm.so.6
7009583ec000-7009583ed000 r--p 00000000 08:12 12594049                   /usr/lib/x86_64-linux-gnu/librt.so.1
7009583ed000-7009583ee000 r-xp 00001000 08:12 12594049                   /usr/lib/x86_64-linux-gnu/librt.so.1
7009583ee000-7009583ef000 r--p 00002000 08:12 12594049                   /usr/lib/x86_64-linux-gnu/librt.so.1
7009583ef000-7009583f0000 r--p 00002000 08:12 12594049                   /usr/lib/x86_64-linux-gnu/librt.so.1
7009583f0000-7009583f1000 rw-p 00003000 08:12 12594049                   /usr/lib/x86_64-linux-gnu/librt.so.1
7009583f1000-7009583f3000 rw-p 00000000 00:00 0 
7009583f3000-7009583f4000 r--p 00000000 08:12 12594047                   /usr/lib/x86_64-linux-gnu/libpthread.so.0
7009583f4000-7009583f5000 r-xp 00001000 08:12 12594047                   /usr/lib/x86_64-linux-gnu/libpthread.so.0
7009583f5000-7009583f6000 r--p 00002000 08:12 12594047                   /usr/lib/x86_64-linux-gnu/libpthread.so.0
7009583f6000-7009583f7000 r--p 00002000 08:12 12594047                   /usr/lib/x86_64-linux-gnu/libpthread.so.0
7009583f7000-7009583f8000 rw-p 00003000 08:12 12594047                   /usr/lib/x86_64-linux-gnu/libpthread.so.0
7009583f8000-7009583f9000 r--p 00000000 08:12 12594031                   /usr/lib/x86_64-linux-gnu/libdl.so.2
7009583f9000-7009583fa000 r-xp 00001000 08:12 12594031                   /usr/lib/x86_64-linux-gnu/libdl.so.2
7009583fa000-7009583fb000 r--p 00002000 08:12 12594031                   /usr/lib/x86_64-linux-gnu/libdl.so.2
7009583fb000-7009583fc000 r--p 00002000 08:12 12594031                   /usr/lib/x86_64-linux-gnu/libdl.so.2
7009583fc000-7009583fd000 rw-p 00003000 08:12 12594031                   /usr/lib/x86_64-linux-gnu/libdl.so.2
7009583fd000-700958404000 r--s 00000000 08:12 12593742                   /usr/lib/x86_64-linux-gnu/gconv/gconv-modules.cache
700958404000-70095840c000 rw-s 00000000 08:12 20711761                   /tmp/hsperfdata_david-daniel/11047
70095840c000-70095840d000 ---p 00000000 00:00 0 
70095840d000-70095840e000 r--p 00000000 00:00 0 
70095840e000-70095840f000 ---p 00000000 00:00 0 
70095840f000-700958412000 r--p 00000000 08:12 13379881                   /usr/share/dbeaver-ce/jre/lib/libjli.so
700958412000-700958423000 r-xp 00003000 08:12 13379881                   /usr/share/dbeaver-ce/jre/lib/libjli.so
700958423000-70095842a000 r--p 00014000 08:12 13379881                   /usr/share/dbeaver-ce/jre/lib/libjli.so
70095842a000-70095842b000 r--p 0001a000 08:12 13379881                   /usr/share/dbeaver-ce/jre/lib/libjli.so
70095842b000-70095842c000 rw-p 0001b000 08:12 13379881                   /usr/share/dbeaver-ce/jre/lib/libjli.so
70095842c000-70095842e000 rw-p 00000000 00:00 0 
70095842e000-700958432000 r--p 00000000 00:00 0                          [vvar]
700958432000-700958434000 r--p 00000000 00:00 0                          [vvar_vclock]
700958434000-700958436000 r-xp 00000000 00:00 0                          [vdso]
700958436000-700958437000 r--p 00000000 08:12 12594026                   /usr/lib/x86_64-linux-gnu/ld-linux-x86-64.so.2
700958437000-700958462000 r-xp 00001000 08:12 12594026                   /usr/lib/x86_64-linux-gnu/ld-linux-x86-64.so.2
700958462000-70095846c000 r--p 0002c000 08:12 12594026                   /usr/lib/x86_64-linux-gnu/ld-linux-x86-64.so.2
70095846c000-70095846e000 r--p 00036000 08:12 12594026                   /usr/lib/x86_64-linux-gnu/ld-linux-x86-64.so.2
70095846e000-700958470000 rw-p 00038000 08:12 12594026                   /usr/lib/x86_64-linux-gnu/ld-linux-x86-64.so.2
7ffe49827000-7ffe49849000 rw-p 00000000 00:00 0                          [stack]
ffffffffff600000-ffffffffff601000 --xp 00000000 00:00 0                  [vsyscall]
Total number of mappings: 965

JVMTI agents: none


VM Arguments:
jvm_args: -XX:+IgnoreUnrecognizedVMOptions -Dosgi.requiredJavaVersion=21 -Dfile.encoding=UTF-8 --enable-native-access=ALL-UNNAMED --add-modules=ALL-DEFAULT --add-opens=java.base/java.io=ALL-UNNAMED --add-opens=java.base/java.lang=ALL-UNNAMED --add-opens=java.base/java.lang.reflect=ALL-UNNAMED --add-opens=java.base/java.net=ALL-UNNAMED --add-opens=java.base/java.nio=ALL-UNNAMED --add-opens=java.base/java.nio.charset=ALL-UNNAMED --add-opens=java.base/java.text=ALL-UNNAMED --add-opens=java.base/java.time=ALL-UNNAMED --add-opens=java.base/java.util=ALL-UNNAMED --add-opens=java.base/java.util.concurrent=ALL-UNNAMED --add-opens=java.base/java.util.concurrent.atomic=ALL-UNNAMED --add-opens=java.base/jdk.internal.vm=ALL-UNNAMED --add-opens=java.base/jdk.internal.misc=ALL-UNNAMED --add-opens=java.base/sun.nio.ch=ALL-UNNAMED --add-opens=java.base/sun.nio.fs=ALL-UNNAMED --add-opens=java.base/sun.security.ssl=ALL-UNNAMED --add-opens=java.base/sun.security.util=ALL-UNNAMED --add-opens=java.security.jgss/sun.security.jgss=ALL-UNNAMED --add-opens=java.security.jgss/sun.security.krb5=ALL-UNNAMED --add-opens=java.desktop/java.awt=ALL-UNNAMED --add-opens=java.desktop/java.awt.peer=ALL-UNNAMED --add-opens=java.sql/java.sql=ALL-UNNAMED -Xms64m -Xmx1024m -Ddbeaver.distribution.type=deb 
java_command: /usr/share/dbeaver-ce//plugins/org.jkiss.dbeaver.launcher_1.0.59.202608161900.jar -os linux -ws gtk -arch x86_64 -showsplash -launcher /usr/share/dbeaver-ce/dbeaver -name Dbeaver --launcher.library /usr/share/dbeaver-ce//plugins/org.eclipse.equinox.launcher.gtk.linux.x86_64_1.2.1500.v20250801-0854/eclipse_11916.so -startup /usr/share/dbeaver-ce//plugins/org.jkiss.dbeaver.launcher_1.0.59.202608161900.jar --launcher.overrideVmargs -exitdata 6 -vm /usr/share/dbeaver-ce/jre/bin/java -vmargs -XX:+IgnoreUnrecognizedVMOptions -Dosgi.requiredJavaVersion=21 -Dfile.encoding=UTF-8 --enable-native-access=ALL-UNNAMED --add-modules=ALL-DEFAULT --add-opens=java.base/java.io=ALL-UNNAMED --add-opens=java.base/java.lang=ALL-UNNAMED --add-opens=java.base/java.lang.reflect=ALL-UNNAMED --add-opens=java.base/java.net=ALL-UNNAMED --add-opens=java.base/java.nio=ALL-UNNAMED --add-opens=java.base/java.nio.charset=ALL-UNNAMED --add-opens=java.base/java.text=ALL-UNNAMED --add-opens=java.base/java.time=ALL-UNNAMED --add-opens=java.base/java.util=ALL-UNNAMED --add-opens=java.base/java.util.concurrent=ALL-UNNAMED --add-opens=java.base/java.util.concurrent.atomic=ALL-UNNAMED --add-opens=java.base/jdk.internal.vm=ALL-UNNAMED --add-opens=java.base/jdk.internal.misc=ALL-UNNAMED --add-opens=java.base/sun.nio.ch=ALL-UNNAMED --add-opens=java.base/sun.nio.fs=ALL-UNNAMED --add-opens=java.base/sun.security.ssl=ALL-UNNAMED --add-opens=java.base/sun.security.util=ALL-UNNAMED --add-opens=java.security.jgss/sun.security.jgss=ALL-UNNAMED --add-opens=java.security.jgss/sun.security.krb5=ALL-UNNAMED --add-opens=java.desktop/java.awt=ALL-UNNAMED --add-opens=java.desktop/java.awt.peer=ALL-UNNAMED --add-opens=java.sql/java.sql=ALL-UNNAMED -Xms64m -Xmx1024m -Ddbeaver.distribution.type=deb -jar /usr/share/dbeaver-ce//plugins/org.jkiss.dbeaver.launcher_1.0.59.202608161900.jar
java_class_path (initial): /usr/share/dbeaver-ce//plugins/org.jkiss.dbeaver.launcher_1.0.59.202608161900.jar
Launcher Type: SUN_STANDARD

[Global flags]
     intx CICompilerCount                          = 4                                         {product} {ergonomic}
     uint ConcGCThreads                            = 2                                         {product} {ergonomic}
     uint G1ConcRefinementThreads                  = 8                                         {product} {ergonomic}
   size_t G1HeapRegionSize                         = 1048576                                   {product} {ergonomic}
     bool IgnoreUnrecognizedVMOptions              = true                                      {product} {command line}
   size_t InitialHeapSize                          = 67108864                                  {product} {command line}
   size_t MarkStackSize                            = 4194304                                   {product} {ergonomic}
   size_t MarkStackSizeMax                         = 536870912                                 {product} {ergonomic}
   size_t MaxHeapSize                              = 1073741824                                {product} {command line}
   size_t MaxNewSize                               = 643825664                                 {product} {ergonomic}
   size_t MinHeapDeltaBytes                        = 1048576                                   {product} {ergonomic}
   size_t MinHeapSize                              = 67108864                                  {product} {command line}
    uintx NonNMethodCodeHeapSize                   = 5840896                                {pd product} {ergonomic}
    uintx NonProfiledCodeHeapSize                  = 122912768                              {pd product} {ergonomic}
    uintx ProfiledCodeHeapSize                     = 122912768                              {pd product} {ergonomic}
    uintx ReservedCodeCacheSize                    = 251666432                              {pd product} {ergonomic}
     bool SegmentedCodeCache                       = true                                      {product} {ergonomic}
   size_t SoftMaxHeapSize                          = 1073741824                             {manageable} {ergonomic}
     bool UseCompressedOops                        = true                           {product lp64_product} {ergonomic}
     bool UseG1GC                                  = true                                      {product} {ergonomic}

Logging:
Log output configuration:
 #0: stdout all=warning uptime,level,tags foldmultilines=false
 #1: stderr all=off uptime,level,tags foldmultilines=false

Release file:
JAVA_VERSION="25.0.3"
MODULES="java.base java.compiler java.datatransfer java.xml java.prefs java.desktop java.logging java.management java.security.sasl java.naming java.rmi java.management.rmi java.net.http java.scripting java.security.jgss java.transaction.xa java.sql java.sql.rowset jdk.accessibility jdk.internal.jvmstat jdk.attach jdk.charsets jdk.crypto.cryptoki jdk.crypto.ec jdk.dynalink jdk.httpserver jdk.jcmd jdk.localedata jdk.management jdk.naming.dns jdk.naming.rmi jdk.net jdk.security.auth jdk.security.jgss jdk.unsupported jdk.xml.dom"

Environment Variables:
PATH=/home/david-daniel/.nvm/versions/node/v24.15.0/bin:/home/david-daniel/.local/bin:/usr/local/sbin:/usr/local/bin:/usr/sbin:/usr/bin:/sbin:/bin:/usr/games:/usr/local/games:/snap/bin:/snap/bin
USERNAME=david-daniel
SHELL=/bin/bash
DISPLAY=:0
WAYLAND_DISPLAY=wayland-0
LANG=pt_BR.UTF-8
TERM=xterm-256color

Active Locale:
LC_ALL=pt_BR.UTF-8
LC_COLLATE=pt_BR.UTF-8
LC_CTYPE=pt_BR.UTF-8
LC_MESSAGES=pt_BR.UTF-8
LC_MONETARY=pt_BR.UTF-8
LC_NUMERIC=pt_BR.UTF-8
LC_TIME=pt_BR.UTF-8

Signal Handlers:
   SIGSEGV: crash_handler in libjvm.so, mask=11100100010111111101111111111110, flags=SA_RESTART|SA_SIGINFO, unblocked
    SIGBUS: crash_handler in libjvm.so, mask=11100100010111111101111111111110, flags=SA_RESTART|SA_SIGINFO, unblocked
    SIGFPE: crash_handler in libjvm.so, mask=11100100010111111101111111111110, flags=SA_RESTART|SA_SIGINFO, unblocked
   SIGPIPE: SIG_IGN, mask=00000000000010000000000000000000, flags=SA_RESTART, blocked
  *** Handler was modified!
  *** Expected: javaSignalHandler in libjvm.so, mask=11100100110111111111111111111110, flags=SA_RESTART|SA_SIGINFO
   SIGXFSZ: javaSignalHandler in libjvm.so, mask=11100100010111111101111111111110, flags=SA_RESTART|SA_SIGINFO, blocked
    SIGILL: crash_handler in libjvm.so, mask=11100100010111111101111111111110, flags=SA_RESTART|SA_SIGINFO, unblocked
   SIGUSR2: SR_handler in libjvm.so, mask=00000000000000000000000000000000, flags=SA_RESTART|SA_SIGINFO, blocked
    SIGHUP: UserHandler in libjvm.so, mask=11100100010111111101111111111110, flags=SA_RESTART|SA_SIGINFO, blocked
    SIGINT: UserHandler in libjvm.so, mask=11100100010111111101111111111110, flags=SA_RESTART|SA_SIGINFO, blocked
   SIGTERM: UserHandler in libjvm.so, mask=11100100010111111101111111111110, flags=SA_RESTART|SA_SIGINFO, blocked
   SIGQUIT: UserHandler in libjvm.so, mask=11100100010111111101111111111110, flags=SA_RESTART|SA_SIGINFO, blocked
   SIGTRAP: crash_handler in libjvm.so, mask=11100100010111111101111111111110, flags=SA_RESTART|SA_SIGINFO, unblocked


Compilation memory statistics disabled.

Periodic native trim disabled

---------------  S Y S T E M  ---------------

OS:
DISTRIB_ID=Ubuntu
DISTRIB_RELEASE=24.04
DISTRIB_CODENAME=noble
DISTRIB_DESCRIPTION="Ubuntu 24.04.4 LTS"
uname: Linux 7.0.0-28-generic #28~24.04.1-Ubuntu SMP PREEMPT_DYNAMIC Wed Jul  1 15:50:57 UTC 2 x86_64
OS uptime: 0 days 1:12 hours
libc: glibc 2.39 NPTL 2.39 
rlimit (soft/hard): STACK 8192k/infinity , CORE 0k/infinity , NPROC 56308/56308 , NOFILE 1048576/1048576 , AS infinity/infinity , CPU infinity/infinity , DATA infinity/infinity , FSIZE infinity/infinity , MEMLOCK 2037064k/2037064k
load average: 0,71 0,88 0,72

/proc/meminfo:
MemTotal:       16296520 kB
MemFree:         5600288 kB
MemAvailable:   10431452 kB
Buffers:          126644 kB
Cached:          5002156 kB
SwapCached:            0 kB
Active:          7871076 kB
Inactive:        1802052 kB
Active(anon):    4647024 kB
Inactive(anon):        0 kB
Active(file):    3224052 kB
Inactive(file):  1802052 kB
Unevictable:          48 kB
Mlocked:              48 kB
SwapTotal:       4194300 kB
SwapFree:        4194300 kB
Zswap:                 0 kB
Zswapped:              0 kB
Dirty:              1184 kB
Writeback:             0 kB
AnonPages:       4544940 kB
Mapped:           923176 kB
Shmem:            102596 kB
KReclaimable:     116340 kB
Slab:             362812 kB
SReclaimable:     116340 kB
SUnreclaim:       246472 kB
KernelStack:       27280 kB
PageTables:        68872 kB
SecPageTables:      3252 kB
NFS_Unstable:          0 kB
Bounce:                0 kB
WritebackTmp:          0 kB
CommitLimit:    12342560 kB
Committed_AS:   19929628 kB
VmallocTotal:   34359738367 kB
VmallocUsed:       81876 kB
VmallocChunk:          0 kB
Percpu:             9376 kB
HardwareCorrupted:     0 kB
AnonHugePages:         0 kB
ShmemHugePages:        0 kB
ShmemPmdMapped:        0 kB
FileHugePages:    110592 kB
FilePmdMapped:         0 kB
CmaTotal:              0 kB
CmaFree:         1584548 kB
Unaccepted:            0 kB
Balloon:               0 kB
HugePages_Total:       0
HugePages_Free:        0
HugePages_Rsvd:        0
HugePages_Surp:        0
Hugepagesize:       2048 kB
Hugetlb:               0 kB
DirectMap4k:      314760 kB
DirectMap2M:    12193792 kB
DirectMap1G:     4194304 kB

/sys/kernel/mm/transparent_hugepage/enabled: always [madvise] never
/sys/kernel/mm/transparent_hugepage/hpage_pmd_size: 2097152
/sys/kernel/mm/transparent_hugepage/shmem_enabled: always within_size advise [never] deny force
/sys/kernel/mm/transparent_hugepage/defrag (defrag/compaction efforts parameter): always defer defer+madvise [madvise] never

Process Memory:
Virtual Size: 6910704K (peak: 6975216K)
Resident Set Size: 388304K (peak: 388304K) (anon: 327380K, file: 59968K, shmem: 956K)
Swapped out: 0K
C-Heap outstanding allocations: 88105K, retained: 76614K
glibc malloc tunables: (default)

/proc/sys/kernel/threads-max (system-wide limit on the number of threads): 112616
/proc/sys/vm/max_map_count (maximum number of memory map areas a process may have): 1048576
/proc/sys/vm/swappiness (control to define how aggressively the kernel swaps out anonymous memory): 60
/proc/sys/kernel/pid_max (system-wide limit on number of process identifiers): 4194304

container information not found.
Steal ticks since vm start: 0
Steal ticks percentage since vm start:  0,000

CPU: total 8 (initial active 8) (8 cores per cpu, 2 threads per core) family 23 model 113 stepping 0 microcode 0x8701034, cx8, cmov, fxsr, ht, mmx, 3dnowpref, sse, sse2, sse3, ssse3, sse4a, sse4.1, sse4.2, popcnt, lzcnt, tsc, tscinvbit, avx, avx2, aes, clmul, bmi1, bmi2, adx, sha, fma, vzeroupper, clflush, clflushopt, clwb, rdtscp, rdpid, f16c
CPU Model and flags from /proc/cpuinfo:
model name	: AMD Ryzen 3 3100 4-Core Processor
flags		: fpu vme de pse tsc msr pae mce cx8 apic sep mtrr pge mca cmov pat pse36 clflush mmx fxsr sse sse2 ht syscall nx mmxext fxsr_opt pdpe1gb rdtscp lm constant_tsc rep_good nopl xtopology nonstop_tsc cpuid extd_apicid aperfmperf rapl pni pclmulqdq monitor ssse3 fma cx16 sse4_1 sse4_2 x2apic movbe popcnt aes xsave avx f16c rdrand lahf_lm cmp_legacy svm extapic cr8_legacy abm sse4a misalignsse 3dnowprefetch osvw ibs skinit wdt tce topoext perfctr_core perfctr_nb bpext perfctr_llc mwaitx cpb cat_l3 cdp_l3 hw_pstate ssbd mba ibpb stibp vmmcall fsgsbase bmi1 avx2 smep bmi2 cqm rdt_a rdseed adx smap clflushopt clwb sha_ni xsaveopt xsavec xgetbv1 cqm_llc cqm_occup_llc cqm_mbm_total cqm_mbm_local clzero irperf xsaveerptr rdpru wbnoinvd arat npt lbrv svm_lock nrip_save tsc_scale vmcb_clean flushbyasid decodeassists pausefilter pfthreshold avic v_vmsave_vmload vgif v_spec_ctrl umip rdpid overflow_recov succor smca sev sev_es

Online cpus: 0-7
Offline cpus: 
BIOS frequency limitation: <Not Available>
Frequency switch latency (ns): 0
Available cpu frequencies: <Not Available>
Current governor: performance
Core performance/turbo boost: 1

Memory: 4k page, physical 16296520k(10431452k free), swap 4194300k(4194300k free)
Page Sizes: 4k

vm_info: OpenJDK 64-Bit Server VM (25.0.3+9-LTS) for linux-amd64 JRE (25.0.3+9-LTS), built on 2026-04-21T00:00:00Z with gcc 14.2.0

END.
